path,label,start,end,subject,cam,dataset
falls/25BestTrampolineFailNominees-FailArmyHallofFameJuly201724,8,0.0,2.346,-1,-1,OOPS
falls/25BestTrampolineFailNominees-FailArmyHallofFameJuly201724,1,2.346,3.833,-1,-1,OOPS
falls/25BestTrampolineFailNominees-FailArmyHallofFameJuly201724,2,3.833,7.811,-1,-1,OOPS
falls/25BestTrampolineFailNominees-FailArmyHallofFameJuly20176,15,0.0,0.692,-1,-1,OOPS
falls/25BestTrampolineFailNominees-FailArmyHallofFameJuly20176,15,0.692,1.85,-1,-1,OOPS
falls/25BestTrampolineFailNominees-FailArmyHallofFameJuly20176,15,1.85,3.012,-1,-1,OOPS
falls/25BestTrampolineFailNominees-FailArmyHallofFameJuly20176,1,3.012,4.616,-1,-1,OOPS
falls/25BestTrampolineFailNominees-FailArmyHallofFameJuly20176,2,4.616,5.581,-1,-1,OOPS
falls/25BestTrampolineFailNominees-FailArmyHallofFameJuly20176,15,5.581,6.248,-1,-1,OOPS
falls/25BestTrampolineFailNominees-FailArmyHallofFameJuly20176,15,6.248,7.163,-1,-1,OOPS
falls/25BestTrampolineFailNominees-FailArmyHallofFameJuly20176,15,7.163,8.242,-1,-1,OOPS
falls/25BestTrampolineFailNominees-FailArmyHallofFameJuly20176,15,8.242,9.344,-1,-1,OOPS
falls/25BestTrampolineFailNominees-FailArmyHallofFameJuly20176,1,9.344,11.098,-1,-1,OOPS
falls/25BestTrampolineFailNominees-FailArmyHallofFameJuly20176,2,11.098,12.097,-1,-1,OOPS
falls/29BestWorkFailNominees-FailArmyHallofFameAugust201713,0,0.0,2.965,-1,-1,OOPS
falls/29BestWorkFailNominees-FailArmyHallofFameAugust201713,1,2.965,4.813,-1,-1,OOPS
falls/29BestWorkFailNominees-FailArmyHallofFameAugust201713,9,4.813,9.423,-1,-1,OOPS
falls/29BestWorkFailNominees-FailArmyHallofFameAugust201713,7,9.423,11.07774,-1,-1,OOPS
falls/29BestWorkFailNominees-FailArmyHallofFameAugust201722,9,0.0,6.316,-1,-1,OOPS
falls/29BestWorkFailNominees-FailArmyHallofFameAugust201728,9,0.0,8.83,-1,-1,OOPS
falls/29BestWorkFailNominees-FailArmyHallofFameAugust20175,0,0.0,2.436,-1,-1,OOPS
falls/29BestWorkFailNominees-FailArmyHallofFameAugust20175,1,2.436,4.168,-1,-1,OOPS
falls/29BestWorkFailNominees-FailArmyHallofFameAugust20175,2,4.168,5.181,-1,-1,OOPS
falls/29BestWorkFailNominees-FailArmyHallofFameAugust20175,7,5.181,8.50851,-1,-1,OOPS
falls/29HilariousInstantKarmaFailNominees-FailArmyHallofFame0,0,0.0,1.587,-1,-1,OOPS
falls/29HilariousInstantKarmaFailNominees-FailArmyHallofFame0,1,1.587,2.402,-1,-1,OOPS
falls/29HilariousInstantKarmaFailNominees-FailArmyHallofFame0,4,2.402,6.677,-1,-1,OOPS
falls/29HilariousInstantKarmaFailNominees-FailArmyHallofFame0,9,6.677,11.599,-1,-1,OOPS
falls/29HilariousInstantKarmaFailNominees-FailArmyHallofFame26,0,0.0,2.125,-1,-1,OOPS
falls/29HilariousInstantKarmaFailNominees-FailArmyHallofFame26,15,2.125,2.326,-1,-1,OOPS
falls/29HilariousInstantKarmaFailNominees-FailArmyHallofFame26,1,2.326,4.41,-1,-1,OOPS
falls/29HilariousInstantKarmaFailNominees-FailArmyHallofFame26,7,4.41,4.876,-1,-1,OOPS
falls/29HilariousInstantKarmaFailNominees-FailArmyHallofFame3,0,0.0,2.195,-1,-1,OOPS
falls/29HilariousInstantKarmaFailNominees-FailArmyHallofFame3,9,2.195,3.116,-1,-1,OOPS
falls/29HilariousInstantKarmaFailNominees-FailArmyHallofFame3,1,3.116,4.66,-1,-1,OOPS
falls/29HilariousInstantKarmaFailNominees-FailArmyHallofFame3,9,4.66,9.113,-1,-1,OOPS
falls/29HilariousInstantKarmaFailNominees-FailArmyHallofFame3,9,9.113,11.188,-1,-1,OOPS
falls/29HilariousInstantKarmaFailNominees-FailArmyHallofFame3,1,11.188,13.271,-1,-1,OOPS
falls/29HilariousInstantKarmaFailNominees-FailArmyHallofFame41,4,0.0,3.196,-1,-1,OOPS
falls/29HilariousInstantKarmaFailNominees-FailArmyHallofFame41,5,3.196,4.131,-1,-1,OOPS
falls/29HilariousInstantKarmaFailNominees-FailArmyHallofFame41,7,4.131,5.211,-1,-1,OOPS
falls/29HilariousInstantKarmaFailNominees-FailArmyHallofFame41,9,5.211,6.061,-1,-1,OOPS
falls/29HilariousInstantKarmaFailNominees-FailArmyHallofFame41,1,6.061,7.241,-1,-1,OOPS
falls/29HilariousInstantKarmaFailNominees-FailArmyHallofFame41,2,7.241,11.91191,-1,-1,OOPS
falls/31BackToSchoolFailNominees-FailArmyHallofFameSeptember201740,9,0.0,4.2,-1,-1,OOPS
falls/31BackToSchoolFailNominees-FailArmyHallofFameSeptember201740,0,4.2,5.484,-1,-1,OOPS
falls/31BackToSchoolFailNominees-FailArmyHallofFameSeptember201740,1,5.484,7.07,-1,-1,OOPS
falls/31BackToSchoolFailNominees-FailArmyHallofFameSeptember201740,3,7.07,11.29,-1,-1,OOPS
falls/31BackToSchoolFailNominees-FailArmyHallofFameSeptember201740,9,11.29,20.66392,-1,-1,OOPS
falls/31BackToSchoolFailNominees-FailArmyHallofFameSeptember201743,9,0.0,1.318,-1,-1,OOPS
falls/31BackToSchoolFailNominees-FailArmyHallofFameSeptember201743,15,1.318,2.142,-1,-1,OOPS
falls/31BackToSchoolFailNominees-FailArmyHallofFameSeptember201743,1,2.142,4.22601,-1,-1,OOPS
falls/31SeniorCitizenFails-FailArmyHallofFameSeptember201719,9,0.0,3.997,-1,-1,OOPS
falls/31SeniorCitizenFails-FailArmyHallofFameSeptember201719,1,3.997,5.077,-1,-1,OOPS
falls/31SeniorCitizenFails-FailArmyHallofFameSeptember201719,9,5.077,7.273,-1,-1,OOPS
falls/31SeniorCitizenFails-FailArmyHallofFameSeptember201719,2,7.273,10.37704,-1,-1,OOPS
falls/31SeniorCitizenFails-FailArmyHallofFameSeptember201728,0,0.0,11.766,-1,-1,OOPS
falls/31SeniorCitizenFails-FailArmyHallofFameSeptember201728,1,11.766,13.183,-1,-1,OOPS
falls/31SeniorCitizenFails-FailArmyHallofFameSeptember201728,2,13.183,15.909,-1,-1,OOPS
falls/34FunnyKidNominees-FailArmyHallOfFameMay201713,0,0.0,4.337,-1,-1,OOPS
falls/34FunnyKidNominees-FailArmyHallOfFameMay201713,1,4.337,5.234,-1,-1,OOPS
falls/34FunnyKidNominees-FailArmyHallOfFameMay201713,9,5.234,7.19801,-1,-1,OOPS
falls/34FunnyKidNominees-FailArmyHallOfFameMay201729,9,0.0,0.92,-1,-1,OOPS
falls/34FunnyKidNominees-FailArmyHallOfFameMay201729,9,0.92,3.437,-1,-1,OOPS
falls/34FunnyKidNominees-FailArmyHallOfFameMay201729,8,3.437,8.545,-1,-1,OOPS
falls/34FunnyKidNominees-FailArmyHallOfFameMay20179,0,0.0,2.373,-1,-1,OOPS
falls/34FunnyKidNominees-FailArmyHallOfFameMay20179,15,2.373,3.169,-1,-1,OOPS
falls/34FunnyKidNominees-FailArmyHallOfFameMay20179,6,3.169,4.20601,-1,-1,OOPS
falls/34WorkoutFailNominees-FailArmyHallOfFameApril201716,8,0.0,1.368,-1,-1,OOPS
falls/34WorkoutFailNominees-FailArmyHallOfFameApril201716,0,1.368,4.146,-1,-1,OOPS
falls/34WorkoutFailNominees-FailArmyHallOfFameApril201716,8,4.146,5.429,-1,-1,OOPS
falls/34WorkoutFailNominees-FailArmyHallOfFameApril201716,0,5.429,6.333,-1,-1,OOPS
falls/34WorkoutFailNominees-FailArmyHallOfFameApril201716,15,6.333,6.831,-1,-1,OOPS
falls/34WorkoutFailNominees-FailArmyHallOfFameApril201716,1,6.831,9.196,-1,-1,OOPS
falls/34WorkoutFailNominees-FailArmyHallOfFameApril201716,7,9.196,10.966,-1,-1,OOPS
falls/34WorkoutFailNominees-FailArmyHallOfFameApril201716,0,10.966,15.419,-1,-1,OOPS
falls/34WorkoutFailNominees-FailArmyHallOfFameApril201716,8,15.419,16.501,-1,-1,OOPS
falls/34WorkoutFailNominees-FailArmyHallOfFameApril201716,0,16.501,19.69,-1,-1,OOPS
falls/34WorkoutFailNominees-FailArmyHallOfFameApril201730,9,0.0,16.116,-1,-1,OOPS
falls/38ParkourFailNominees-FailArmyHallOfFameMay201715,0,0.0,1.186,-1,-1,OOPS
falls/38ParkourFailNominees-FailArmyHallOfFameMay201715,15,1.186,1.832,-1,-1,OOPS
falls/38ParkourFailNominees-FailArmyHallOfFameMay201715,1,1.832,2.904,-1,-1,OOPS
falls/38ParkourFailNominees-FailArmyHallOfFameMay201715,7,2.904,4.85984,-1,-1,OOPS
falls/38ParkourFailNominees-FailArmyHallOfFameMay201727,0,0.0,2.248,-1,-1,OOPS
falls/38ParkourFailNominees-FailArmyHallOfFameMay201727,1,2.248,4.192,-1,-1,OOPS
falls/38ParkourFailNominees-FailArmyHallOfFameMay201727,2,4.192,5.358,-1,-1,OOPS
falls/38ParkourFailNominees-FailArmyHallOfFameMay201727,0,5.358,7.6,-1,-1,OOPS
falls/38ParkourFailNominees-FailArmyHallOfFameMay201727,15,7.6,8.348,-1,-1,OOPS
falls/38ParkourFailNominees-FailArmyHallOfFameMay201727,1,8.348,10.021,-1,-1,OOPS
falls/38ParkourFailNominees-FailArmyHallOfFameMay201727,14,10.021,12.481,-1,-1,OOPS
falls/38ParkourFailNominees-FailArmyHallOfFameMay201727,0,12.481,14.024,-1,-1,OOPS
falls/38ParkourFailNominees-FailArmyHallOfFameMay201727,15,14.024,14.658,-1,-1,OOPS
falls/38ParkourFailNominees-FailArmyHallOfFameMay201727,9,14.658,15.719,-1,-1,OOPS
falls/38ParkourFailNominees-FailArmyHallOfFameMay201727,1,15.719,17.396,-1,-1,OOPS
falls/38ParkourFailNominees-FailArmyHallOfFameMay201727,2,17.396,21.054,-1,-1,OOPS
falls/38ParkourFailNominees-FailArmyHallOfFameMay20176,0,0.0,1.915,-1,-1,OOPS
falls/38ParkourFailNominees-FailArmyHallOfFameMay20176,15,1.915,2.784,-1,-1,OOPS
falls/38ParkourFailNominees-FailArmyHallOfFameMay20176,1,2.784,3.661,-1,-1,OOPS
falls/38ParkourFailNominees-FailArmyHallOfFameMay20176,2,3.661,4.676,-1,-1,OOPS
falls/38ParkourFailNominees-FailArmyHallOfFameMay20176,6,4.676,5.882,-1,-1,OOPS
falls/38ParkourFailNominees-FailArmyHallOfFameMay20176,0,5.882,8.512,-1,-1,OOPS
falls/38ParkourFailNominees-FailArmyHallOfFameMay20176,1,8.512,10.166,-1,-1,OOPS
falls/38ParkourFailNominees-FailArmyHallOfFameMay20176,2,10.166,12.24558,-1,-1,OOPS
falls/ABoatloadofFails-ThrowbackFailsNovember2017_FailArmy0,9,0.0,3.826,-1,-1,OOPS
falls/ABoatloadofFails-ThrowbackFailsNovember2017_FailArmy0,1,3.826,5.585,-1,-1,OOPS
falls/ABoatloadofFails-ThrowbackFailsNovember2017_FailArmy0,0,5.585,7.287,-1,-1,OOPS
falls/ABoatloadofFails-ThrowbackFailsNovember2017_FailArmy0,1,7.287,9.242,-1,-1,OOPS
falls/ABoatloadofFails-ThrowbackFailsNovember2017_FailArmy0,7,9.242,10.025,-1,-1,OOPS
falls/ABoatloadofFails-ThrowbackFailsNovember2017_FailArmy0,0,10.025,12.069,-1,-1,OOPS
falls/ABoatloadofFails-ThrowbackFailsNovember2017_FailArmy15,0,0.0,0.995,-1,-1,OOPS
falls/ABoatloadofFails-ThrowbackFailsNovember2017_FailArmy15,9,0.995,2.32,-1,-1,OOPS
falls/ABoatloadofFails-ThrowbackFailsNovember2017_FailArmy15,15,2.32,3.058,-1,-1,OOPS
falls/ABoatloadofFails-ThrowbackFailsNovember2017_FailArmy15,1,3.058,4.426,-1,-1,OOPS
falls/ABoatloadofFails-ThrowbackFailsNovember2017_FailArmy15,1,4.426,5.33867,-1,-1,OOPS
falls/ABoatloadofFails-ThrowbackFailsNovember2017_FailArmy18,9,0.0,1.686,-1,-1,OOPS
falls/ABoatloadofFails-ThrowbackFailsNovember2017_FailArmy18,0,1.686,3.018,-1,-1,OOPS
falls/ABoatloadofFails-ThrowbackFailsNovember2017_FailArmy18,1,3.018,3.71,-1,-1,OOPS
falls/AChristmasMiracle-FailsYouMissed21December2017_FailArmy3,8,0.0,3.719,-1,-1,OOPS
falls/AChristmasMiracle-FailsYouMissed21December2017_FailArmy3,9,3.719,5.604,-1,-1,OOPS
falls/AChristmasMiracle-FailsYouMissed21December2017_FailArmy3,8,5.604,8.80399,-1,-1,OOPS
falls/AChristmasMiracle-FailsYouMissed21December2017_FailArmy38,8,0.0,1.012,-1,-1,OOPS
falls/AChristmasMiracle-FailsYouMissed21December2017_FailArmy38,9,1.012,6.086,-1,-1,OOPS
falls/AChristmasMiracle-FailsYouMissed21December2017_FailArmy38,8,6.086,8.186,-1,-1,OOPS
falls/AChristmasMiracle-FailsYouMissed21December2017_FailArmy38,1,8.186,9.92494,-1,-1,OOPS
falls/AChristmasMiracle-FailsYouMissed21December2017_FailArmy41,8,0.0,4.226,-1,-1,OOPS
falls/AChristmasMiracle-FailsYouMissed21December2017_FailArmy41,9,4.226,5.005,-1,-1,OOPS
falls/AChristmasMiracle-FailsYouMissed21December2017_FailArmy41,1,5.005,6.353,-1,-1,OOPS
falls/AChristmasMiracle-FailsYouMissed21December2017_FailArmy41,7,6.353,7.92327,-1,-1,OOPS
falls/AChristmasMiracle-FailsYouMissed21December2017_FailArmy80,4,0.0,1.795,-1,-1,OOPS
falls/AChristmasMiracle-FailsYouMissed21December2017_FailArmy80,1,1.795,3.13501,-1,-1,OOPS
falls/AlleyOOPS-FailsoftheWeekOctober201710,2,0.0,0.878,-1,-1,OOPS
falls/AlleyOOPS-FailsoftheWeekOctober201710,9,0.878,2.52,-1,-1,OOPS
falls/AlleyOOPS-FailsoftheWeekOctober201710,0,2.52,3.009,-1,-1,OOPS
falls/AlleyOOPS-FailsoftheWeekOctober201710,1,3.009,4.586,-1,-1,OOPS
falls/AlleyOOPS-FailsoftheWeekOctober201710,2,4.586,5.86667,-1,-1,OOPS
falls/AlleyOOPS-FailsoftheWeekOctober20178,8,0.0,0.301,-1,-1,OOPS
falls/AlleyOOPS-FailsoftheWeekOctober20178,15,0.301,0.971,-1,-1,OOPS
falls/AlleyOOPS-FailsoftheWeekOctober20178,1,0.971,1.929,-1,-1,OOPS
falls/AlleyOOPS-FailsoftheWeekOctober20178,2,1.929,6.16667,-1,-1,OOPS
falls/AlwaysWearYourHelmet-FailsoftheWeekJuly2018_FailArmy11,9,0.0,44.718,-1,-1,OOPS
falls/AlwaysWearYourHelmet-FailsoftheWeekJuly2018_FailArmy11,8,0.0,24.018,-1,-1,OOPS
falls/AlwaysWearYourHelmet-FailsoftheWeekJuly2018_FailArmy11,9,44.718,50.101,-1,-1,OOPS
falls/AlwaysWearYourHelmet-FailsoftheWeekJuly2018_FailArmy11,1,50.101,51.079,-1,-1,OOPS
falls/AlwaysWearYourHelmet-FailsoftheWeekJuly2018_FailArmy11,7,51.079,54.892,-1,-1,OOPS
falls/AmericanFailsJuly2017_FailArmy27,9,0.0,3.7,-1,-1,OOPS
falls/AmericanFailsJuly2017_FailArmy27,1,3.7,5.246,-1,-1,OOPS
falls/AmericanFailsJuly2017_FailArmy27,2,5.246,8.291,-1,-1,OOPS
falls/AmericanFailsJuly2017_FailArmy27,4,8.291,12.808,-1,-1,OOPS
falls/AmericanFailsJuly2017_FailArmy27,1,12.808,21.855,-1,-1,OOPS
falls/AmericanFailsJuly2017_FailArmy27,2,21.855,25.342,-1,-1,OOPS
falls/AmericanFailsJuly2017_FailArmy27,7,25.342,26.35,-1,-1,OOPS
falls/AmericanFailsJuly2017_FailArmy27,8,26.35,27.91,-1,-1,OOPS
falls/AmericanFailsJuly2017_FailArmy30,9,0.0,3.663,-1,-1,OOPS
falls/AmericanFailsJuly2017_FailArmy30,15,3.663,4.526,-1,-1,OOPS
falls/AmericanFailsJuly2017_FailArmy30,15,4.526,5.673,-1,-1,OOPS
falls/AmericanFailsJuly2017_FailArmy30,15,5.673,6.58,-1,-1,OOPS
falls/AmericanFailsJuly2017_FailArmy30,1,6.58,8.634,-1,-1,OOPS
falls/AmericanFailsJuly2017_FailArmy30,11,8.634,9.779,-1,-1,OOPS
falls/AmericanFailsJuly2017_FailArmy30,5,9.779,10.564,-1,-1,OOPS
falls/AmericanFailsJuly2017_FailArmy30,6,10.564,12.451,-1,-1,OOPS
falls/AmericanFailsJuly2017_FailArmy30,8,12.451,14.586,-1,-1,OOPS
falls/AmericanFailsJuly2017_FailArmy30,15,14.586,15.147,-1,-1,OOPS
falls/AmericanFailsJuly2017_FailArmy30,1,15.147,16.572,-1,-1,OOPS
falls/AmericanFailsJuly2017_FailArmy30,2,16.572,20.303,-1,-1,OOPS
falls/AmericanFailsJuly2017_FailArmy30,15,20.303,21.71,-1,-1,OOPS
falls/AmericanFailsJuly2017_FailArmy30,9,21.71,22.451,-1,-1,OOPS
falls/AmericanFailsJuly2017_FailArmy30,1,22.451,24.552,-1,-1,OOPS
falls/AmericanFailsJuly2017_FailArmy30,2,24.552,28.81399,-1,-1,OOPS
falls/AngerManagement-FailsoftheWeekJanuary2019_FailArmy15,9,0.0,9.796,-1,-1,OOPS
falls/AngerManagement-FailsoftheWeekJanuary2019_FailArmy15,1,9.796,11.179,-1,-1,OOPS
falls/AngerManagement-FailsoftheWeekJanuary2019_FailArmy15,2,11.179,15.565,-1,-1,OOPS
falls/AngerManagement-FailsoftheWeekJanuary2019_FailArmy15,8,15.565,18.404,-1,-1,OOPS
falls/AngerManagement-FailsoftheWeekJanuary2019_FailArmy15,0,18.404,23.714,-1,-1,OOPS
falls/AngerManagement-FailsoftheWeekJanuary2019_FailArmy15,1,23.714,31.064,-1,-1,OOPS
falls/AngerManagement-FailsoftheWeekJanuary2019_FailArmy2,9,0.0,2.371,-1,-1,OOPS
falls/AngerManagement-FailsoftheWeekJanuary2019_FailArmy2,1,2.371,3.651,-1,-1,OOPS
falls/AngerManagement-FailsoftheWeekJanuary2019_FailArmy2,2,3.651,5.37204,-1,-1,OOPS
falls/AngerManagement-FailsoftheWeekJanuary2019_FailArmy26,8,0.0,1.422,-1,-1,OOPS
falls/AngerManagement-FailsoftheWeekJanuary2019_FailArmy26,0,1.422,2.146,-1,-1,OOPS
falls/AngerManagement-FailsoftheWeekJanuary2019_FailArmy26,15,2.146,3.264,-1,-1,OOPS
falls/AngerManagement-FailsoftheWeekJanuary2019_FailArmy26,8,3.264,5.461,-1,-1,OOPS
falls/AngerManagement-FailsoftheWeekJanuary2019_FailArmy26,15,5.461,6.731,-1,-1,OOPS
falls/AngerManagement-FailsoftheWeekJanuary2019_FailArmy26,8,6.731,8.578,-1,-1,OOPS
falls/AngerManagement-FailsoftheWeekJanuary2019_FailArmy26,15,8.578,9.231,-1,-1,OOPS
falls/AngerManagement-FailsoftheWeekJanuary2019_FailArmy26,1,9.231,10.683,-1,-1,OOPS
falls/AngerManagement-FailsoftheWeekJanuary2019_FailArmy26,2,10.683,12.16701,-1,-1,OOPS
falls/AngerManagement-FailsoftheWeekJanuary2019_FailArmy29,1,0.0,10.286,-1,-1,OOPS
falls/AngerManagement-FailsoftheWeekJanuary2019_FailArmy29,2,10.286,12.792,-1,-1,OOPS
falls/AngerManagement-FailsoftheWeekJanuary2019_FailArmy29,8,12.792,15.616,-1,-1,OOPS
falls/AngerManagement-FailsoftheWeekJanuary2019_FailArmy29,9,15.616,17.983,-1,-1,OOPS
falls/AngerManagement-FailsoftheWeekJanuary2019_FailArmy29,1,17.983,21.522,-1,-1,OOPS
falls/AngerManagement-FailsoftheWeekJanuary2019_FailArmy5,9,0.0,5.653,-1,-1,OOPS
falls/AngerManagement-FailsoftheWeekJanuary2019_FailArmy5,9,5.653,8.078,-1,-1,OOPS
falls/AngerManagement-FailsoftheWeekJanuary2019_FailArmy5,1,8.078,15.637,-1,-1,OOPS
falls/AngerManagement-FailsoftheWeekJanuary2019_FailArmy5,2,15.637,16.95,-1,-1,OOPS
falls/AntsAreMarching-FailsoftheMonthOctober2017_FailArmy7,15,0.0,0.894,-1,-1,OOPS
falls/AntsAreMarching-FailsoftheMonthOctober2017_FailArmy7,1,0.894,2.342,-1,-1,OOPS
falls/AntsAreMarching-FailsoftheMonthOctober2017_FailArmy7,7,2.342,3.101,-1,-1,OOPS
falls/AntsAreMarching-FailsoftheMonthOctober2017_FailArmy7,8,3.101,5.16667,-1,-1,OOPS
falls/AreYouSerious-ThrowbackThursdaySeptember2017_FailArmy10,8,0.0,1.36,-1,-1,OOPS
falls/AreYouSerious-ThrowbackThursdaySeptember2017_FailArmy10,9,1.36,2.299,-1,-1,OOPS
falls/AreYouSerious-ThrowbackThursdaySeptember2017_FailArmy10,8,2.299,2.383,-1,-1,OOPS
falls/AreYouSerious-ThrowbackThursdaySeptember2017_FailArmy10,12,2.383,3.063,-1,-1,OOPS
falls/AreYouSerious-ThrowbackThursdaySeptember2017_FailArmy10,7,3.063,3.908,-1,-1,OOPS
falls/AreYouSerious-ThrowbackThursdaySeptember2017_FailArmy10,15,3.908,4.308,-1,-1,OOPS
falls/AreYouSerious-ThrowbackThursdaySeptember2017_FailArmy10,1,4.308,5.234,-1,-1,OOPS
falls/AreYouSerious-ThrowbackThursdaySeptember2017_FailArmy10,2,5.234,9.47299,-1,-1,OOPS
falls/AreYouSerious-ThrowbackThursdaySeptember2017_FailArmy21,7,0.0,0.6,-1,-1,OOPS
falls/AreYouSerious-ThrowbackThursdaySeptember2017_FailArmy21,0,0.6,3.18,-1,-1,OOPS
falls/AreYouSerious-ThrowbackThursdaySeptember2017_FailArmy21,9,3.18,10.143,-1,-1,OOPS
falls/AreYouSerious-ThrowbackThursdaySeptember2017_FailArmy21,1,10.143,10.967,-1,-1,OOPS
falls/AreYouSerious-ThrowbackThursdaySeptember2017_FailArmy21,2,10.967,12.476,-1,-1,OOPS
falls/AreYouSerious-ThrowbackThursdaySeptember2017_FailArmy21,7,12.476,14.21421,-1,-1,OOPS
falls/AreYouSerious-ThrowbackThursdaySeptember2017_FailArmy37,8,0.0,2.903,-1,-1,OOPS
falls/AreYouSerious-ThrowbackThursdaySeptember2017_FailArmy37,15,2.903,3.696,-1,-1,OOPS
falls/AreYouSerious-ThrowbackThursdaySeptember2017_FailArmy37,1,3.696,5.399,-1,-1,OOPS
falls/AreYouSerious-ThrowbackThursdaySeptember2017_FailArmy37,2,5.399,8.07474,-1,-1,OOPS
falls/AreYouSerious-ThrowbackThursdaySeptember2017_FailArmy40,0,0.0,3.168,-1,-1,OOPS
falls/AreYouSerious-ThrowbackThursdaySeptember2017_FailArmy40,1,3.168,4.396,-1,-1,OOPS
falls/AreYouSerious-ThrowbackThursdaySeptember2017_FailArmy40,2,4.396,6.71,-1,-1,OOPS
falls/AreYouSerious-ThrowbackThursdaySeptember2017_FailArmy40,8,6.71,7.844,-1,-1,OOPS
falls/AreYouSerious-ThrowbackThursdaySeptember2017_FailArmy40,12,7.844,9.244,-1,-1,OOPS
falls/AreYouSerious-ThrowbackThursdaySeptember2017_FailArmy40,1,9.244,11.457,-1,-1,OOPS
falls/AreYouSerious-ThrowbackThursdaySeptember2017_FailArmy40,7,11.457,13.131,-1,-1,OOPS
falls/AreYouSerious-ThrowbackThursdaySeptember2017_FailArmy40,4,13.131,13.644,-1,-1,OOPS
falls/AreYouSerious-ThrowbackThursdaySeptember2017_FailArmy40,7,13.644,17.31732,-1,-1,OOPS
falls/AreYouSerious-ThrowbackThursdaySeptember2017_FailArmy46,9,0.0,3.144,-1,-1,OOPS
falls/AreYouSerious-ThrowbackThursdaySeptember2017_FailArmy46,1,3.144,4.627,-1,-1,OOPS
falls/AreYouSerious-ThrowbackThursdaySeptember2017_FailArmy46,7,4.627,6.026,-1,-1,OOPS
falls/AreYouSerious-ThrowbackThursdaySeptember2017_FailArmy46,0,6.026,8.17701,-1,-1,OOPS
falls/AreYouSerious-ThrowbackThursdaySeptember2017_FailArmy51,9,0.0,1.298,-1,-1,OOPS
falls/AreYouSerious-ThrowbackThursdaySeptember2017_FailArmy51,1,1.298,3.63697,-1,-1,OOPS
falls/AreYouSerious-ThrowbackThursdaySeptember2017_FailArmy63,9,0.0,3.612,-1,-1,OOPS
falls/AreYouSerious-ThrowbackThursdaySeptember2017_FailArmy63,1,3.612,5.889,-1,-1,OOPS
falls/AreYouSerious-ThrowbackThursdaySeptember2017_FailArmy63,2,5.889,6.592,-1,-1,OOPS
falls/AreYouSerious-ThrowbackThursdaySeptember2017_FailArmy63,9,6.592,8.049,-1,-1,OOPS
falls/AreYouSerious-ThrowbackThursdaySeptember2017_FailArmy63,8,8.049,8.709,-1,-1,OOPS
falls/AreYouSerious-ThrowbackThursdaySeptember2017_FailArmy63,0,8.709,10.487,-1,-1,OOPS
falls/AreYouSerious-ThrowbackThursdaySeptember2017_FailArmy63,1,10.487,12.33,-1,-1,OOPS
falls/AreYouSerious-ThrowbackThursdaySeptember2017_FailArmy63,2,12.33,15.64898,-1,-1,OOPS
falls/AreYouSerious-ThrowbackThursdaySeptember2017_FailArmy75,9,0.0,7.46,-1,-1,OOPS
falls/AreYouSerious-ThrowbackThursdaySeptember2017_FailArmy75,4,7.46,12.645,-1,-1,OOPS
falls/AreYouSerious-ThrowbackThursdaySeptember2017_FailArmy75,1,12.645,14.415,-1,-1,OOPS
falls/AreYouSerious-ThrowbackThursdaySeptember2017_FailArmy75,2,14.415,16.22299,-1,-1,OOPS
falls/AreYouSerious-ThrowbackThursdaySeptember2017_FailArmy76,9,0.0,6.05,-1,-1,OOPS
falls/AreYouSerious-ThrowbackThursdaySeptember2017_FailArmy76,1,6.05,7.474,-1,-1,OOPS
falls/AreYouSerious-ThrowbackThursdaySeptember2017_FailArmy76,2,7.474,9.457,-1,-1,OOPS
falls/AreYouSerious-ThrowbackThursdaySeptember2017_FailArmy76,7,9.457,10.444,-1,-1,OOPS
falls/ArmpitWax-FailsYouMissedApril2018_2018102,9,0.0,4.207,-1,-1,OOPS
falls/ArmpitWax-FailsYouMissedApril2018_2018102,1,4.207,5.322,-1,-1,OOPS
falls/ArmpitWax-FailsYouMissedApril2018_2018102,2,5.322,5.741,-1,-1,OOPS
falls/ArmpitWax-FailsYouMissedApril2018_2018102,7,5.741,7.065,-1,-1,OOPS
falls/ArmpitWax-FailsYouMissedApril2018_2018102,11,7.065,8.02,-1,-1,OOPS
falls/ArmpitWax-FailsYouMissedApril2018_201821,8,0.0,0.4,-1,-1,OOPS
falls/ArmpitWax-FailsYouMissedApril2018_201821,9,0.4,3.545,-1,-1,OOPS
falls/ArmpitWax-FailsYouMissedApril2018_201821,1,3.545,4.62886,-1,-1,OOPS
falls/ArmpitWax-FailsYouMissedApril2018_201828,9,0.0,7.608,-1,-1,OOPS
falls/ArmpitWax-FailsYouMissedApril2018_201828,9,7.608,15.047,-1,-1,OOPS
falls/ArmpitWax-FailsYouMissedApril2018_201828,1,15.047,16.039,-1,-1,OOPS
falls/ArmpitWax-FailsYouMissedApril2018_201828,7,16.039,17.138,-1,-1,OOPS
falls/ArmpitWax-FailsYouMissedApril2018_201828,11,17.138,18.78299,-1,-1,OOPS
falls/ArmpitWax-FailsYouMissedApril2018_201836,9,0.0,4.218,-1,-1,OOPS
falls/ArmpitWax-FailsYouMissedApril2018_201836,1,4.218,5.17299,-1,-1,OOPS
falls/ArmpitWax-FailsYouMissedApril2018_201838,9,0.0,4.084,-1,-1,OOPS
falls/ArmpitWax-FailsYouMissedApril2018_201838,0,4.084,5.895,-1,-1,OOPS
falls/ArmpitWax-FailsYouMissedApril2018_201838,9,5.895,7.089,-1,-1,OOPS
falls/ArmpitWax-FailsYouMissedApril2018_201852,8,0.0,4.883,-1,-1,OOPS
falls/ArmpitWax-FailsYouMissedApril2018_201852,0,4.883,6.473,-1,-1,OOPS
falls/ArmpitWax-FailsYouMissedApril2018_201852,15,6.473,7.465,-1,-1,OOPS
falls/ArmpitWax-FailsYouMissedApril2018_201852,1,7.465,8.42,-1,-1,OOPS
falls/ArmpitWax-FailsYouMissedApril2018_201852,2,8.42,9.418,-1,-1,OOPS
falls/ArmpitWax-FailsYouMissedApril2018_201852,7,9.418,10.236,-1,-1,OOPS
falls/ArmpitWax-FailsYouMissedApril2018_201852,9,10.236,12.0,-1,-1,OOPS
falls/ArmpitWax-FailsYouMissedApril2018_201852,13,12.0,12.388,-1,-1,OOPS
falls/ArmpitWax-FailsYouMissedApril2018_201852,15,12.388,13.022,-1,-1,OOPS
falls/ArmpitWax-FailsYouMissedApril2018_201852,1,13.022,14.607,-1,-1,OOPS
falls/ArmpitWax-FailsYouMissedApril2018_201852,7,14.607,15.602,-1,-1,OOPS
falls/ArmpitWax-FailsYouMissedApril2018_201852,0,15.602,19.43286,-1,-1,OOPS
falls/ArmpitWax-FailsYouMissedApril2018_20187,9,0.0,3.955,-1,-1,OOPS
falls/ArmpitWax-FailsYouMissedApril2018_20187,1,3.955,5.758,-1,-1,OOPS
falls/ArmpitWax-FailsYouMissedApril2018_20187,2,5.758,6.46,-1,-1,OOPS
falls/ArmpitWax-FailsYouMissedApril2018_20187,7,6.46,7.499,-1,-1,OOPS
falls/ArmpitWax-FailsYouMissedApril2018_20187,0,7.499,8.645,-1,-1,OOPS
falls/ArmpitWax-FailsYouMissedApril2018_20187,9,8.645,12.944,-1,-1,OOPS
falls/ArmpitWax-FailsYouMissedApril2018_20187,1,12.944,15.166,-1,-1,OOPS
falls/ArmpitWax-FailsYouMissedApril2018_20187,2,15.166,20.365,-1,-1,OOPS
falls/ArmpitWax-FailsYouMissedApril2018_20187,4,20.365,33.27399,-1,-1,OOPS
falls/ArmpitWax-FailsYouMissedApril2018_201879,7,0.0,1.384,-1,-1,OOPS
falls/ArmpitWax-FailsYouMissedApril2018_201879,8,1.384,15.043,-1,-1,OOPS
falls/ArmpitWax-FailsYouMissedApril2018_201879,1,15.043,16.657,-1,-1,OOPS
falls/ArmpitWax-FailsYouMissedApril2018_201879,2,16.657,18.93984,-1,-1,OOPS
falls/ArmpitWax-FailsYouMissedApril2018_201880,0,0.0,2.167,-1,-1,OOPS
falls/ArmpitWax-FailsYouMissedApril2018_201880,1,2.167,3.112,-1,-1,OOPS
falls/ArmpitWax-FailsYouMissedApril2018_201880,2,3.112,6.63052,-1,-1,OOPS
falls/BabysStealingOutHere-FailsoftheWeek-April2017_FailArmy28,7,0.0,4.528,-1,-1,OOPS
falls/BabysStealingOutHere-FailsoftheWeek-April2017_FailArmy28,9,4.528,5.153,-1,-1,OOPS
falls/BabysStealingOutHere-FailsoftheWeek-April2017_FailArmy28,1,5.153,6.397,-1,-1,OOPS
falls/BabysStealingOutHere-FailsoftheWeek-April2017_FailArmy28,2,6.397,8.90891,-1,-1,OOPS
falls/BabysStealingOutHere-FailsoftheWeek-April2017_FailArmy32,9,0.0,2.518,-1,-1,OOPS
falls/BabysStealingOutHere-FailsoftheWeek-April2017_FailArmy32,15,2.518,3.044,-1,-1,OOPS
falls/BabysStealingOutHere-FailsoftheWeek-April2017_FailArmy32,1,3.044,4.836,-1,-1,OOPS
falls/BabysStealingOutHere-FailsoftheWeek-April2017_FailArmy32,2,4.836,7.739,-1,-1,OOPS
falls/BabysStealingOutHere-FailsoftheWeek-April2017_FailArmy32,7,7.739,10.24358,-1,-1,OOPS
falls/BabysStealingOutHere-FailsoftheWeek-April2017_FailArmy45,4,0.0,2.93,-1,-1,OOPS
falls/BabysStealingOutHere-FailsoftheWeek-April2017_FailArmy45,1,2.93,5.073,-1,-1,OOPS
falls/BabysStealingOutHere-FailsoftheWeek-April2017_FailArmy45,2,5.073,9.41,-1,-1,OOPS
falls/BabysStealingOutHere-FailsoftheWeek-April2017_FailArmy45,8,9.41,10.175,-1,-1,OOPS
falls/BabysStealingOutHere-FailsoftheWeek-April2017_FailArmy45,0,10.175,11.614,-1,-1,OOPS
falls/BabysStealingOutHere-FailsoftheWeek-April2017_FailArmy45,15,11.614,12.157,-1,-1,OOPS
falls/BabysStealingOutHere-FailsoftheWeek-April2017_FailArmy45,1,12.157,13.425,-1,-1,OOPS
falls/BabysStealingOutHere-FailsoftheWeek-April2017_FailArmy45,9,13.425,21.054,-1,-1,OOPS
falls/BackflippingBros-FailsoftheMonthMay2018_Failarmy6,9,0.0,1.762,-1,-1,OOPS
falls/BackflippingBros-FailsoftheMonthMay2018_Failarmy6,15,1.762,2.511,-1,-1,OOPS
falls/BackflippingBros-FailsoftheMonthMay2018_Failarmy6,1,2.511,4.399,-1,-1,OOPS
falls/BackflippingBros-FailsoftheMonthMay2018_Failarmy6,2,4.399,5.748,-1,-1,OOPS
falls/BackinUSSRFebruary2019_FailArmy13,9,0.0,4.634,-1,-1,OOPS
falls/BackinUSSRFebruary2019_FailArmy13,15,4.634,5.365,-1,-1,OOPS
falls/BackinUSSRFebruary2019_FailArmy13,1,5.365,6.598,-1,-1,OOPS
falls/BackinUSSRFebruary2019_FailArmy13,7,6.598,7.47414,-1,-1,OOPS
falls/BackinUSSRFebruary2019_FailArmy46,7,0.0,1.646,-1,-1,OOPS
falls/BackinUSSRFebruary2019_FailArmy46,9,1.646,4.104,-1,-1,OOPS
falls/BackinUSSRFebruary2019_FailArmy46,1,4.104,5.554,-1,-1,OOPS
falls/BackinUSSRFebruary2019_FailArmy46,2,5.554,6.049,-1,-1,OOPS
falls/BackinUSSRFebruary2019_FailArmy46,7,6.049,8.64198,-1,-1,OOPS
falls/BackintheMud-DownandDirtyFailsOctober2018_FailArmy0,8,0.0,0.766,-1,-1,OOPS
falls/BackintheMud-DownandDirtyFailsOctober2018_FailArmy0,0,0.766,1.366,-1,-1,OOPS
falls/BackintheMud-DownandDirtyFailsOctober2018_FailArmy0,8,1.366,1.97,-1,-1,OOPS
falls/BackintheMud-DownandDirtyFailsOctober2018_FailArmy0,0,1.97,3.119,-1,-1,OOPS
falls/BackintheMud-DownandDirtyFailsOctober2018_FailArmy0,8,3.119,3.517,-1,-1,OOPS
falls/BackintheMud-DownandDirtyFailsOctober2018_FailArmy0,0,3.517,4.31,-1,-1,OOPS
falls/BackintheMud-DownandDirtyFailsOctober2018_FailArmy0,1,4.31,6.209,-1,-1,OOPS
falls/BackintheMud-DownandDirtyFailsOctober2018_FailArmy0,9,6.209,6.5578,-1,-1,OOPS
falls/BackintheMud-DownandDirtyFailsOctober2018_FailArmy10,9,0.0,4.24,-1,-1,OOPS
falls/BackintheMud-DownandDirtyFailsOctober2018_FailArmy10,1,4.24,5.234,-1,-1,OOPS
falls/BackintheMud-DownandDirtyFailsOctober2018_FailArmy10,2,5.234,5.737,-1,-1,OOPS
falls/BackintheMud-DownandDirtyFailsOctober2018_FailArmy10,7,5.737,6.437,-1,-1,OOPS
falls/BackintheMud-DownandDirtyFailsOctober2018_FailArmy10,11,6.437,7.941,-1,-1,OOPS
falls/BackintheMud-DownandDirtyFailsOctober2018_FailArmy10,7,7.941,8.987,-1,-1,OOPS
falls/BackintheMud-DownandDirtyFailsOctober2018_FailArmy3,9,0.0,3.427,-1,-1,OOPS
falls/BackintheMud-DownandDirtyFailsOctober2018_FailArmy3,1,3.427,4.17,-1,-1,OOPS
falls/BackintheMud-DownandDirtyFailsOctober2018_FailArmy3,9,4.17,6.17601,-1,-1,OOPS
falls/BackintheMud-DownandDirtyFailsOctober2018_FailArmy41,0,0.0,2.283,-1,-1,OOPS
falls/BackintheMud-DownandDirtyFailsOctober2018_FailArmy41,1,2.283,3.84,-1,-1,OOPS
falls/BackintheMud-DownandDirtyFailsOctober2018_FailArmy41,7,3.84,6.525,-1,-1,OOPS
falls/BackintheMud-DownandDirtyFailsOctober2018_FailArmy41,0,6.525,15.367,-1,-1,OOPS
falls/BackintheMud-DownandDirtyFailsOctober2018_FailArmy41,1,15.367,20.592,-1,-1,OOPS
falls/BackintheMud-DownandDirtyFailsOctober2018_FailArmy41,7,20.592,22.36188,-1,-1,OOPS
falls/BackintheMud-DownandDirtyFailsOctober2018_FailArmy9,9,0.0,6.789,-1,-1,OOPS
falls/BackintheMud-DownandDirtyFailsOctober2018_FailArmy9,15,6.789,7.797,-1,-1,OOPS
falls/BackintheMud-DownandDirtyFailsOctober2018_FailArmy9,1,7.797,10.74408,-1,-1,OOPS
falls/BadHairDay-FailsoftheweekApril2019_FailArmy11,0,0.0,0.97,-1,-1,OOPS
falls/BadHairDay-FailsoftheweekApril2019_FailArmy11,1,0.97,2.174,-1,-1,OOPS
falls/BadHairDay-FailsoftheweekApril2019_FailArmy11,7,2.174,4.53787,-1,-1,OOPS
falls/BasketballFails-MarchMadnessMarch2017_FailArmy14,8,0.0,2.708,-1,-1,OOPS
falls/BasketballFails-MarchMadnessMarch2017_FailArmy14,0,2.708,4.055,-1,-1,OOPS
falls/BasketballFails-MarchMadnessMarch2017_FailArmy14,15,4.055,4.464,-1,-1,OOPS
falls/BasketballFails-MarchMadnessMarch2017_FailArmy14,1,4.464,6.097,-1,-1,OOPS
falls/BasketballFails-MarchMadnessMarch2017_FailArmy14,2,6.097,9.639,-1,-1,OOPS
falls/BasketballFails-MarchMadnessMarch2017_FailArmy14,7,9.639,11.614,-1,-1,OOPS
falls/BasketballFails-MarchMadnessMarch2017_FailArmy14,8,11.614,13.387,-1,-1,OOPS
falls/BasketballFails-MarchMadnessMarch2017_FailArmy14,0,13.387,15.566,-1,-1,OOPS
falls/BasketballFails-MarchMadnessMarch2017_FailArmy14,8,15.566,16.08275,-1,-1,OOPS
falls/BasketballFails-MarchMadnessMarch2017_FailArmy32,8,0.0,0.999,-1,-1,OOPS
falls/BasketballFails-MarchMadnessMarch2017_FailArmy32,0,0.999,2.61,-1,-1,OOPS
falls/BasketballFails-MarchMadnessMarch2017_FailArmy32,15,2.61,3.5,-1,-1,OOPS
falls/BasketballFails-MarchMadnessMarch2017_FailArmy32,0,3.5,5.858,-1,-1,OOPS
falls/BasketballFails-MarchMadnessMarch2017_FailArmy32,8,5.858,6.354,-1,-1,OOPS
falls/BasketballFails-MarchMadnessMarch2017_FailArmy32,0,6.354,9.49696,-1,-1,OOPS
falls/BatsBallsFailCompilation_ByFailArmy201622,9,0.0,0.42,-1,-1,OOPS
falls/BatsBallsFailCompilation_ByFailArmy201622,9,0.42,3.278,-1,-1,OOPS
falls/BatsBallsFailCompilation_ByFailArmy201622,5,3.278,5.556,-1,-1,OOPS
falls/BatsBallsFailCompilation_ByFailArmy201622,2,5.556,6.949,-1,-1,OOPS
falls/BatsBallsFailCompilation_ByFailArmy201631,0,0.0,2.446,-1,-1,OOPS
falls/BatsBallsFailCompilation_ByFailArmy201631,1,2.446,3.588,-1,-1,OOPS
falls/BatsBallsFailCompilation_ByFailArmy201631,2,3.588,5.7965,-1,-1,OOPS
falls/BatsBallsFailCompilation_ByFailArmy201649,9,0.0,4.367,-1,-1,OOPS
falls/BatsBallsFailCompilation_ByFailArmy201649,0,4.367,6.428,-1,-1,OOPS
falls/BatsBallsFailCompilation_ByFailArmy201649,1,6.428,7.361,-1,-1,OOPS
falls/BatsBallsFailCompilation_ByFailArmy201649,2,7.361,9.63303,-1,-1,OOPS
falls/BatsBallsFailCompilation_ByFailArmy201650,9,0.0,1.668,-1,-1,OOPS
falls/BatsBallsFailCompilation_ByFailArmy201650,8,1.668,1.87,-1,-1,OOPS
falls/BatsBallsFailCompilation_ByFailArmy201650,9,1.87,2.349,-1,-1,OOPS
falls/BatsBallsFailCompilation_ByFailArmy201650,0,2.349,3.657,-1,-1,OOPS
falls/BatsBallsFailCompilation_ByFailArmy201650,8,3.657,4.46205,-1,-1,OOPS
falls/BatsBallsFailCompilation_ByFailArmy201652,0,0.0,4.09,-1,-1,OOPS
falls/BatsBallsFailCompilation_ByFailArmy201652,1,4.09,5.355,-1,-1,OOPS
falls/BatsBallsFailCompilation_ByFailArmy201652,2,5.355,8.0729,-1,-1,OOPS
falls/Bedtime-MattressFails33,9,0.0,4.998,-1,-1,OOPS
falls/Bedtime-MattressFails33,1,4.998,6.236,-1,-1,OOPS
falls/Bedtime-MattressFails33,2,6.236,8.20821,-1,-1,OOPS
falls/BeeKeeperBusiness-FailsoftheWeekNovember2018_FailArmy15,8,0.0,2.073,-1,-1,OOPS
falls/BeeKeeperBusiness-FailsoftheWeekNovember2018_FailArmy15,9,2.073,3.955,-1,-1,OOPS
falls/BeeKeeperBusiness-FailsoftheWeekNovember2018_FailArmy15,15,3.955,4.509,-1,-1,OOPS
falls/BeeKeeperBusiness-FailsoftheWeekNovember2018_FailArmy15,1,4.509,5.477,-1,-1,OOPS
falls/BeeKeeperBusiness-FailsoftheWeekNovember2018_FailArmy15,2,5.477,6.96599,-1,-1,OOPS
falls/BeeKeeperBusiness-FailsoftheWeekNovember2018_FailArmy18,8,0.0,4.734,-1,-1,OOPS
falls/BeeKeeperBusiness-FailsoftheWeekNovember2018_FailArmy18,9,4.734,5.754,-1,-1,OOPS
falls/BeeKeeperBusiness-FailsoftheWeekNovember2018_FailArmy18,0,5.754,7.513,-1,-1,OOPS
falls/BeeKeeperBusiness-FailsoftheWeekNovember2018_FailArmy18,8,7.513,7.922,-1,-1,OOPS
falls/BeeKeeperBusiness-FailsoftheWeekNovember2018_FailArmy18,1,7.922,8.80881,-1,-1,OOPS
falls/BeeKeeperBusiness-FailsoftheWeekNovember2018_FailArmy2,9,0.0,0.22,-1,-1,OOPS
falls/BeeKeeperBusiness-FailsoftheWeekNovember2018_FailArmy2,8,0.22,1.16,-1,-1,OOPS
falls/BeeKeeperBusiness-FailsoftheWeekNovember2018_FailArmy2,0,1.16,3.175,-1,-1,OOPS
falls/BeeKeeperBusiness-FailsoftheWeekNovember2018_FailArmy2,15,3.175,3.744,-1,-1,OOPS
falls/BeeKeeperBusiness-FailsoftheWeekNovember2018_FailArmy2,1,3.744,4.744,-1,-1,OOPS
falls/BeeKeeperBusiness-FailsoftheWeekNovember2018_FailArmy2,9,4.744,5.57279,-1,-1,OOPS
falls/BeeKeeperBusiness-FailsoftheWeekNovember2018_FailArmy31,9,0.0,6.941,-1,-1,OOPS
falls/BeeKeeperBusiness-FailsoftheWeekNovember2018_FailArmy31,1,6.941,8.137,-1,-1,OOPS
falls/BeeKeeperBusiness-FailsoftheWeekNovember2018_FailArmy31,2,8.137,9.682,-1,-1,OOPS
falls/BeeKeeperBusiness-FailsoftheWeekNovember2018_FailArmy31,7,9.682,15.186,-1,-1,OOPS
falls/BeeKeeperBusiness-FailsoftheWeekNovember2018_FailArmy31,8,15.186,16.102,-1,-1,OOPS
falls/BeeKeeperBusiness-FailsoftheWeekNovember2018_FailArmy31,9,16.102,27.0,-1,-1,OOPS
falls/BeeKeeperBusiness-FailsoftheWeekNovember2018_FailArmy31,1,27.0,28.716,-1,-1,OOPS
falls/BeeKeeperBusiness-FailsoftheWeekNovember2018_FailArmy31,2,28.716,36.203,-1,-1,OOPS
falls/BeeKeeperBusiness-FailsoftheWeekNovember2018_FailArmy31,7,36.203,42.149,-1,-1,OOPS
falls/BeeKeeperBusiness-FailsoftheWeekNovember2018_FailArmy31,0,42.149,52.21889,-1,-1,OOPS
falls/BeeKeeperBusiness-FailsoftheWeekNovember2018_FailArmy33,0,0.0,0.834,-1,-1,OOPS
falls/BeeKeeperBusiness-FailsoftheWeekNovember2018_FailArmy33,9,0.834,1.79,-1,-1,OOPS
falls/BeeKeeperBusiness-FailsoftheWeekNovember2018_FailArmy33,15,1.79,2.011,-1,-1,OOPS
falls/BeeKeeperBusiness-FailsoftheWeekNovember2018_FailArmy33,1,2.011,3.466,-1,-1,OOPS
falls/BeeKeeperBusiness-FailsoftheWeekNovember2018_FailArmy33,4,3.466,4.237,-1,-1,OOPS
falls/BeeKeeperBusiness-FailsoftheWeekNovember2018_FailArmy33,7,4.237,5.545,-1,-1,OOPS
falls/BeeKeeperBusiness-FailsoftheWeekNovember2018_FailArmy33,0,5.545,7.019,-1,-1,OOPS
falls/BeeKeeperBusiness-FailsoftheWeekNovember2018_FailArmy33,9,7.019,7.845,-1,-1,OOPS
falls/BeeKeeperBusiness-FailsoftheWeekNovember2018_FailArmy33,15,7.845,8.233,-1,-1,OOPS
falls/BeeKeeperBusiness-FailsoftheWeekNovember2018_FailArmy33,1,8.233,10.009,-1,-1,OOPS
falls/BeeKeeperBusiness-FailsoftheWeekNovember2018_FailArmy33,2,10.009,12.545,-1,-1,OOPS
falls/BeeKeeperBusiness-FailsoftheWeekNovember2018_FailArmy33,9,12.545,13.817,-1,-1,OOPS
falls/BeeKeeperBusiness-FailsoftheWeekNovember2018_FailArmy33,0,13.817,15.245,-1,-1,OOPS
falls/BeeKeeperBusiness-FailsoftheWeekNovember2018_FailArmy33,9,15.245,16.225,-1,-1,OOPS
falls/BeeKeeperBusiness-FailsoftheWeekNovember2018_FailArmy33,15,16.225,16.565,-1,-1,OOPS
falls/BeeKeeperBusiness-FailsoftheWeekNovember2018_FailArmy33,1,16.565,18.534,-1,-1,OOPS
falls/BeeKeeperBusiness-FailsoftheWeekNovember2018_FailArmy33,2,18.534,19.671,-1,-1,OOPS
falls/BeeKeeperBusiness-FailsoftheWeekNovember2018_FailArmy34,8,0.0,1.198,-1,-1,OOPS
falls/BeeKeeperBusiness-FailsoftheWeekNovember2018_FailArmy34,0,1.198,2.589,-1,-1,OOPS
falls/BeeKeeperBusiness-FailsoftheWeekNovember2018_FailArmy34,9,2.589,3.117,-1,-1,OOPS
falls/BeeKeeperBusiness-FailsoftheWeekNovember2018_FailArmy34,1,3.117,4.611,-1,-1,OOPS
falls/BeeKeeperBusiness-FailsoftheWeekNovember2018_FailArmy34,2,4.611,7.222,-1,-1,OOPS
falls/BeeKeeperBusiness-FailsoftheWeekNovember2018_FailArmy34,9,7.222,9.212,-1,-1,OOPS
falls/BeeKeeperBusiness-FailsoftheWeekNovember2018_FailArmy34,1,9.212,14.053,-1,-1,OOPS
falls/BeeKeeperBusiness-FailsoftheWeekNovember2018_FailArmy34,2,14.053,17.395,-1,-1,OOPS
falls/BeeKeeperBusiness-FailsoftheWeekNovember2018_FailArmy34,9,17.395,17.417,-1,-1,OOPS
falls/BeeKeeperBusiness-FailsoftheWeekNovember2018_FailArmy4,9,0.0,0.813,-1,-1,OOPS
falls/BeeKeeperBusiness-FailsoftheWeekNovember2018_FailArmy4,8,0.813,1.567,-1,-1,OOPS
falls/BeeKeeperBusiness-FailsoftheWeekNovember2018_FailArmy4,9,1.567,2.684,-1,-1,OOPS
falls/BeeKeeperBusiness-FailsoftheWeekNovember2018_FailArmy4,1,2.684,3.65801,-1,-1,OOPS
falls/BeeKeeperBusiness-FailsoftheWeekNovember2018_FailArmy9,8,0.0,0.56,-1,-1,OOPS
falls/BeeKeeperBusiness-FailsoftheWeekNovember2018_FailArmy9,9,0.56,4.90491,-1,-1,OOPS
falls/BendYourKnees-FailsoftheWeekSeptember2017_FailArmy33,1,0.0,1.818,-1,-1,OOPS
falls/BendYourKnees-FailsoftheWeekSeptember2017_FailArmy33,2,1.818,6.322,-1,-1,OOPS
falls/BendYourKnees-FailsoftheWeekSeptember2017_FailArmy49,9,0.0,2.376,-1,-1,OOPS
falls/BendYourKnees-FailsoftheWeekSeptember2017_FailArmy49,1,2.376,4.477,-1,-1,OOPS
falls/BendYourKnees-FailsoftheWeekSeptember2017_FailArmy49,2,4.477,7.73333,-1,-1,OOPS
falls/BendYourKnees-FailsoftheWeekSeptember2017_FailArmy53,9,0.0,0.673,-1,-1,OOPS
falls/BendYourKnees-FailsoftheWeekSeptember2017_FailArmy53,0,0.673,1.811,-1,-1,OOPS
falls/BendYourKnees-FailsoftheWeekSeptember2017_FailArmy53,9,1.811,2.743,-1,-1,OOPS
falls/BendYourKnees-FailsoftheWeekSeptember2017_FailArmy53,1,2.743,4.085,-1,-1,OOPS
falls/BendYourKnees-FailsoftheWeekSeptember2017_FailArmy53,2,4.085,10.0,-1,-1,OOPS
falls/BestFailoftheWeek-BadKittyApril2018_FailArmy13,9,0.0,9.353,-1,-1,OOPS
falls/BestFailoftheWeek-BadKittyApril2018_FailArmy13,5,9.353,11.286,-1,-1,OOPS
falls/BestFailoftheWeek-BadKittyApril2018_FailArmy13,9,11.286,13.638,-1,-1,OOPS
falls/BestFailoftheWeek-BadKittyApril2018_FailArmy13,9,13.638,41.981,-1,-1,OOPS
falls/BestFailoftheWeek-BadKittyApril2018_FailArmy22,1,0.0,1.441,-1,-1,OOPS
falls/BestFailoftheWeek-BadKittyApril2018_FailArmy22,2,1.441,4.389,-1,-1,OOPS
falls/BestFailoftheWeek-BadKittyApril2018_FailArmy31,9,0.0,1.303,-1,-1,OOPS
falls/BestFailoftheWeek-BadKittyApril2018_FailArmy31,0,1.303,2.359,-1,-1,OOPS
falls/BestFailoftheWeek-BadKittyApril2018_FailArmy31,1,2.359,3.673,-1,-1,OOPS
falls/BestFailoftheWeek-BadKittyApril2018_FailArmy31,2,3.673,4.745,-1,-1,OOPS
falls/BestFailoftheWeek-BadKittyApril2018_FailArmy31,9,4.745,5.385,-1,-1,OOPS
falls/BestFailoftheWeek-BadKittyApril2018_FailArmy31,9,5.385,10.07701,-1,-1,OOPS
falls/BestFailsOfTheMonth-ICantHearFebruary2018_FailArmy15,9,0.0,2.197,-1,-1,OOPS
falls/BestFailsOfTheMonth-ICantHearFebruary2018_FailArmy15,15,2.197,2.521,-1,-1,OOPS
falls/BestFailsOfTheMonth-ICantHearFebruary2018_FailArmy15,1,2.521,4.322,-1,-1,OOPS
falls/BestFailsOfTheMonth-ICantHearFebruary2018_FailArmy15,2,4.322,6.68801,-1,-1,OOPS
falls/BestFailsOfTheMonth-ICantHearFebruary2018_FailArmy5,9,0.0,5.326,-1,-1,OOPS
falls/BestFailsOfTheMonth-ICantHearFebruary2018_FailArmy5,0,5.326,5.628,-1,-1,OOPS
falls/BestFailsOfTheMonth-ICantHearFebruary2018_FailArmy5,1,5.628,6.8,-1,-1,OOPS
falls/BestFailsOfTheMonth-ICantHearFebruary2018_FailArmy5,2,6.8,7.975,-1,-1,OOPS
falls/BestFailsOfTheMonth-ICantHearFebruary2018_FailArmy5,7,7.975,8.744,-1,-1,OOPS
falls/BestFailsOfTheMonth-ICantHearFebruary2018_FailArmy5,9,8.744,14.30299,-1,-1,OOPS
falls/BestFailsofWeek1July2016_FailArmy18,9,0.0,3.116,-1,-1,OOPS
falls/BestFailsofWeek1July2016_FailArmy18,1,3.116,5.205,-1,-1,OOPS
falls/BestFailsofWeek1July2016_FailArmy18,4,5.205,7.14047,-1,-1,OOPS
falls/BestFailsofWeek1July2016_FailArmy39,9,0.0,4.163,-1,-1,OOPS
falls/BestFailsofWeek1July2016_FailArmy39,1,4.163,5.823,-1,-1,OOPS
falls/BestFailsofWeek1July2016_FailArmy39,9,5.823,10.032,-1,-1,OOPS
falls/BestFailsofWeek1July2016_FailArmy40,9,0.0,6.24,-1,-1,OOPS
falls/BestFailsofWeek1July2016_FailArmy40,1,6.24,6.769,-1,-1,OOPS
falls/BestFailsofWeek1July2016_FailArmy40,2,6.769,8.138,-1,-1,OOPS
falls/BestFailsofWeek1July2016_FailArmy40,7,8.138,10.217,-1,-1,OOPS
falls/BestFailsofWeek1July2016_FailArmy40,4,10.217,10.84418,-1,-1,OOPS
falls/BestFailsofWeek1July2016_FailArmy5,8,0.0,0.518,-1,-1,OOPS
falls/BestFailsofWeek1July2016_FailArmy5,9,0.518,1.229,-1,-1,OOPS
falls/BestFailsofWeek1July2016_FailArmy5,0,1.229,2.792,-1,-1,OOPS
falls/BestFailsofWeek1July2016_FailArmy5,1,2.792,4.093,-1,-1,OOPS
falls/BestFailsofWeek1July2016_FailArmy5,2,4.093,5.64299,-1,-1,OOPS
falls/BestFailsofWeek1July2016_FailArmy57,9,0.0,3.822,-1,-1,OOPS
falls/BestFailsofWeek1July2016_FailArmy57,15,3.822,4.487,-1,-1,OOPS
falls/BestFailsofWeek1July2016_FailArmy57,1,4.487,5.73907,-1,-1,OOPS
falls/BestFailsofWeek1July2016_FailArmy6,8,0.0,0.843,-1,-1,OOPS
falls/BestFailsofWeek1July2016_FailArmy6,9,0.843,4.72,-1,-1,OOPS
falls/BestFailsofWeek1July2016_FailArmy6,15,4.72,5.023,-1,-1,OOPS
falls/BestFailsofWeek1July2016_FailArmy6,1,5.023,6.5,-1,-1,OOPS
falls/BestFailsofWeek1July2016_FailArmy6,2,6.5,7.857,-1,-1,OOPS
falls/BestFailsofWeek1July2016_FailArmy6,7,7.857,9.71,-1,-1,OOPS
falls/BestFailsofWeek1July2016_FailArmy8,9,0.0,6.664,-1,-1,OOPS
falls/BestFailsofWeek2July2016_FailArmy15,9,0.0,3.196,-1,-1,OOPS
falls/BestFailsofWeek2July2016_FailArmy15,0,3.196,3.991,-1,-1,OOPS
falls/BestFailsofWeek2July2016_FailArmy15,1,3.991,4.66,-1,-1,OOPS
falls/BestFailsofWeek2July2016_FailArmy15,2,4.66,9.12501,-1,-1,OOPS
falls/BestFailsofWeek2July2016_FailArmy23,8,0.0,5.0,-1,-1,OOPS
falls/BestFailsofWeek2July2016_FailArmy23,15,5.0,5.685,-1,-1,OOPS
falls/BestFailsofWeek2July2016_FailArmy23,1,5.685,7.783,-1,-1,OOPS
falls/BestFailsofWeek2July2016_FailArmy23,2,7.783,9.04238,-1,-1,OOPS
falls/BestFailsofWeek2July2016_FailArmy34,9,0.0,3.614,-1,-1,OOPS
falls/BestFailsofWeek2July2016_FailArmy34,1,3.614,4.217,-1,-1,OOPS
falls/BestFailsofWeek2July2016_FailArmy34,2,4.217,7.293,-1,-1,OOPS
falls/BestFailsofWeek2July2016_FailArmy34,4,7.293,8.661,-1,-1,OOPS
falls/BestFailsofWeek2July2016_FailArmy9,9,0.0,2.387,-1,-1,OOPS
falls/BestFailsofWeek2July2016_FailArmy9,1,2.387,3.075,-1,-1,OOPS
falls/BestFailsofWeek2July2016_FailArmy9,2,3.075,5.60561,-1,-1,OOPS
falls/BestFailsofWeek2June2016_FailArmy16,8,0.0,4.443,-1,-1,OOPS
falls/BestFailsofWeek2June2016_FailArmy16,9,4.443,8.289,-1,-1,OOPS
falls/BestFailsofWeek2June2016_FailArmy34,9,0.0,0.275,-1,-1,OOPS
falls/BestFailsofWeek2June2016_FailArmy34,15,0.275,0.68,-1,-1,OOPS
falls/BestFailsofWeek2June2016_FailArmy34,1,0.68,2.849,-1,-1,OOPS
falls/BestFailsofWeek2June2016_FailArmy34,4,2.849,4.233,-1,-1,OOPS
falls/BestFailsofWeek3June2016_FailArmy57,9,0.0,6.866,-1,-1,OOPS
falls/BestFailsofWeek3June2016_FailArmy57,1,6.866,8.32,-1,-1,OOPS
falls/BestFailsofWeek3June2016_FailArmy57,2,8.32,10.981,-1,-1,OOPS
falls/BestFailsofWeek3June2016_FailArmy57,15,10.981,13.49079,-1,-1,OOPS
falls/BestFailsofWeek4June2016_FailArmy21,9,0.0,5.029,-1,-1,OOPS
falls/BestFailsofWeek4June2016_FailArmy21,1,5.029,6.7,-1,-1,OOPS
falls/BestFailsofWeek4June2016_FailArmy21,2,6.7,9.42452,-1,-1,OOPS
falls/BestFailsofWeek4June2016_FailArmy25,9,0.0,1.995,-1,-1,OOPS
falls/BestFailsofWeek4June2016_FailArmy25,1,1.995,3.161,-1,-1,OOPS
falls/BestFailsofWeek4June2016_FailArmy25,2,3.161,4.46205,-1,-1,OOPS
falls/BestFailsofWeek4June2016_FailArmy45,8,0.0,0.96,-1,-1,OOPS
falls/BestFailsofWeek4June2016_FailArmy45,0,0.96,2.439,-1,-1,OOPS
falls/BestFailsofWeek4June2016_FailArmy45,8,2.439,3.339,-1,-1,OOPS
falls/BestFailsofWeek4June2016_FailArmy45,1,3.339,4.779,-1,-1,OOPS
falls/BestFailsofWeek4June2016_FailArmy45,2,4.779,8.569,-1,-1,OOPS
falls/BestFailsofWeek4June2016_FailArmy56,11,0.0,7.165,-1,-1,OOPS
falls/BestFailsofWeek4June2016_FailArmy56,1,7.165,8.63219,-1,-1,OOPS
falls/BestFailsofWeek4June2016_FailArmy60,15,0.0,0.936,-1,-1,OOPS
falls/BestFailsofWeek4June2016_FailArmy60,15,0.936,1.819,-1,-1,OOPS
falls/BestFailsofWeek4June2016_FailArmy60,15,1.819,3.297,-1,-1,OOPS
falls/BestFailsofWeek4June2016_FailArmy60,1,3.297,4.889,-1,-1,OOPS
falls/BestFailsofWeek4June2016_FailArmy60,2,4.889,6.88073,-1,-1,OOPS
falls/BestFailsoftheMonth-DrivingMeCrazyJanuary2018_FailArmy14,9,0.0,4.072,-1,-1,OOPS
falls/BestFailsoftheMonth-DrivingMeCrazyJanuary2018_FailArmy14,1,4.072,5.099,-1,-1,OOPS
falls/BestFailsoftheMonth-DrivingMeCrazyJanuary2018_FailArmy14,9,5.099,5.945,-1,-1,OOPS
falls/BestFailsoftheMonth-DrivingMeCrazyJanuary2018_FailArmy14,7,5.945,6.636,-1,-1,OOPS
falls/BestFailsoftheMonth-DrivingMeCrazyJanuary2018_FailArmy14,0,6.636,8.867,-1,-1,OOPS
falls/BestFailsoftheMonth-DrivingMeCrazyJanuary2018_FailArmy14,8,8.867,13.00299,-1,-1,OOPS
falls/BestFailsoftheMonth-DrivingMeCrazyJanuary2018_FailArmy17,9,0.0,5.68,-1,-1,OOPS
falls/BestFailsoftheMonth-DrivingMeCrazyJanuary2018_FailArmy17,1,5.68,7.006,-1,-1,OOPS
falls/BestFailsoftheMonth-DrivingMeCrazyJanuary2018_FailArmy17,2,7.006,8.091,-1,-1,OOPS
falls/BestFailsoftheMonth-DrivingMeCrazyJanuary2018_FailArmy17,4,8.091,12.9,-1,-1,OOPS
falls/BestFailsoftheMonth-DrivingMeCrazyJanuary2018_FailArmy3,8,0.0,1.323,-1,-1,OOPS
falls/BestFailsoftheMonth-DrivingMeCrazyJanuary2018_FailArmy3,9,1.323,2.061,-1,-1,OOPS
falls/BestFailsoftheMonth-DrivingMeCrazyJanuary2018_FailArmy3,1,2.061,3.349,-1,-1,OOPS
falls/BestFailsoftheMonth-DrivingMeCrazyJanuary2018_FailArmy3,2,3.349,4.308,-1,-1,OOPS
falls/BestFailsoftheMonth-DrivingMeCrazyJanuary2018_FailArmy3,4,4.308,5.53333,-1,-1,OOPS
falls/BestFailsoftheMonth-DrivingMeCrazyJanuary2018_FailArmy41,9,0.0,13.3,-1,-1,OOPS
falls/BestFailsoftheMonth-DrivingMeCrazyJanuary2018_FailArmy42,0,0.0,1.918,-1,-1,OOPS
falls/BestFailsoftheMonth-DrivingMeCrazyJanuary2018_FailArmy42,1,1.918,2.849,-1,-1,OOPS
falls/BestFailsoftheMonth-DrivingMeCrazyJanuary2018_FailArmy42,7,2.849,3.537,-1,-1,OOPS
falls/BestFailsoftheMonth-DrivingMeCrazyJanuary2018_FailArmy42,4,3.537,5.591,-1,-1,OOPS
falls/BestFailsoftheMonth-DrivingMeCrazyJanuary2018_FailArmy45,0,0.0,3.913,-1,-1,OOPS
falls/BestFailsoftheMonth-DrivingMeCrazyJanuary2018_FailArmy45,1,3.913,7.69,-1,-1,OOPS
falls/BestFailsoftheMonth-DrivingMeCrazyJanuary2018_FailArmy45,2,7.69,10.11,-1,-1,OOPS
falls/BestFailsoftheMonth-DrivingMeCrazyJanuary2018_FailArmy48,9,0.0,8.82,-1,-1,OOPS
falls/BestFailsoftheMonth-DrivingMeCrazyJanuary2018_FailArmy48,1,8.82,9.586,-1,-1,OOPS
falls/BestFailsoftheMonth-DrivingMeCrazyJanuary2018_FailArmy48,2,9.586,12.43333,-1,-1,OOPS
falls/BestFailsoftheMonth-DrivingMeCrazyJanuary2018_FailArmy51,9,0.0,2.986,-1,-1,OOPS
falls/BestFailsoftheMonth-DrivingMeCrazyJanuary2018_FailArmy51,1,2.986,3.769,-1,-1,OOPS
falls/BestFailsoftheMonth-DrivingMeCrazyJanuary2018_FailArmy51,2,3.769,7.082,-1,-1,OOPS
falls/BestFailsoftheMonth-DrivingMeCrazyJanuary2018_FailArmy9,1,0.0,0.593,-1,-1,OOPS
falls/BestFailsoftheMonth-DrivingMeCrazyJanuary2018_FailArmy9,2,0.593,0.812,-1,-1,OOPS
falls/BestFailsoftheMonth-DrivingMeCrazyJanuary2018_FailArmy9,9,0.812,3.013,-1,-1,OOPS
falls/BestFailsoftheMonth-DrivingMeCrazyJanuary2018_FailArmy9,1,3.013,3.832,-1,-1,OOPS
falls/BestFailsoftheMonth-DrivingMeCrazyJanuary2018_FailArmy9,2,3.832,6.73379,-1,-1,OOPS
falls/BestFailsoftheMonth-IsThisRegulationSizeMarch2018_FailArmy3,9,0.0,4.889,-1,-1,OOPS
falls/BestFailsoftheMonth-IsThisRegulationSizeMarch2018_FailArmy3,1,4.889,5.758,-1,-1,OOPS
falls/BestFailsoftheMonth-IsThisRegulationSizeMarch2018_FailArmy3,2,5.758,6.19,-1,-1,OOPS
falls/BestFailsoftheMonth-IsThisRegulationSizeMarch2018_FailArmy3,7,6.19,7.285,-1,-1,OOPS
falls/BestFailsoftheMonth-IsThisRegulationSizeMarch2018_FailArmy3,0,7.285,7.867,-1,-1,OOPS
falls/BestFailsoftheMonth-IsThisRegulationSizeMarch2018_FailArmy3,9,7.867,24.26485,-1,-1,OOPS
falls/BestFailsoftheMonth-IsThisRegulationSizeMarch2018_FailArmy4,9,0.0,4.019,-1,-1,OOPS
falls/BestFailsoftheMonth-IsThisRegulationSizeMarch2018_FailArmy4,1,4.019,5.694,-1,-1,OOPS
falls/BestFailsoftheMonth-IsThisRegulationSizeMarch2018_FailArmy4,2,5.694,7.91601,-1,-1,OOPS
falls/BestFailsoftheMonthApril2016_FailArmy0,8,0.0,5.382,-1,-1,OOPS
falls/BestFailsoftheMonthApril2016_FailArmy11,9,0.0,5.128,-1,-1,OOPS
falls/BestFailsoftheMonthApril2016_FailArmy11,1,5.128,5.714,-1,-1,OOPS
falls/BestFailsoftheMonthApril2016_FailArmy11,2,5.714,9.659,-1,-1,OOPS
falls/BestFailsoftheMonthApril2016_FailArmy20,9,0.0,0.252,-1,-1,OOPS
falls/BestFailsoftheMonthApril2016_FailArmy20,8,0.252,4.235,-1,-1,OOPS
falls/BestFailsoftheMonthApril2016_FailArmy20,15,4.235,4.976,-1,-1,OOPS
falls/BestFailsoftheMonthApril2016_FailArmy20,1,4.976,5.719,-1,-1,OOPS
falls/BestFailsoftheMonthApril2016_FailArmy20,4,5.719,6.009,-1,-1,OOPS
falls/BestFailsoftheMonthApril2016_FailArmy54,9,0.0,1.661,-1,-1,OOPS
falls/BestFailsoftheMonthApril2016_FailArmy54,1,1.661,2.775,-1,-1,OOPS
falls/BestFailsoftheMonthApril2016_FailArmy54,2,2.775,5.566,-1,-1,OOPS
falls/BestFailsoftheMonthApril2016_FailArmy54,9,5.566,11.23299,-1,-1,OOPS
falls/BestFailsoftheMonthApril2016_FailArmy68,9,0.0,3.192,-1,-1,OOPS
falls/BestFailsoftheMonthApril2016_FailArmy68,1,3.192,4.15,-1,-1,OOPS
falls/BestFailsoftheMonthApril2016_FailArmy68,2,4.15,6.534,-1,-1,OOPS
falls/BestFailsoftheMonthApril2016_FailArmy68,7,6.534,9.554,-1,-1,OOPS
falls/BestFailsoftheMonthApril2016_FailArmy68,8,9.554,10.385,-1,-1,OOPS
falls/BestFailsoftheMonthApril2016_FailArmy68,0,10.385,12.825,-1,-1,OOPS
falls/BestFailsoftheMonthApril2016_FailArmy68,15,12.825,14.65501,-1,-1,OOPS
falls/BestFailsoftheMonthFebruary2016_Babe_YoureActuallyCrazyFailArmy0,9,0.0,8.856,-1,-1,OOPS
falls/BestFailsoftheMonthFebruary2016_Babe_YoureActuallyCrazyFailArmy34,9,0.0,2.306,-1,-1,OOPS
falls/BestFailsoftheMonthFebruary2016_Babe_YoureActuallyCrazyFailArmy34,1,2.306,3.765,-1,-1,OOPS
falls/BestFailsoftheMonthFebruary2016_Babe_YoureActuallyCrazyFailArmy34,7,3.765,5.321,-1,-1,OOPS
falls/BestFailsoftheMonthFebruary2016_Babe_YoureActuallyCrazyFailArmy34,9,5.321,7.677,-1,-1,OOPS
falls/BestFailsoftheMonthFebruary2016_Babe_YoureActuallyCrazyFailArmy34,4,7.677,31.0644,-1,-1,OOPS
falls/BestFailsoftheMonthFebruary2016_Babe_YoureActuallyCrazyFailArmy40,9,0.0,4.879,-1,-1,OOPS
falls/BestFailsoftheMonthFebruary2016_Babe_YoureActuallyCrazyFailArmy40,1,4.879,6.068,-1,-1,OOPS
falls/BestFailsoftheMonthFebruary2016_Babe_YoureActuallyCrazyFailArmy40,2,6.068,6.677,-1,-1,OOPS
falls/BestFailsoftheMonthFebruary2016_Babe_YoureActuallyCrazyFailArmy40,7,6.677,9.453,-1,-1,OOPS
falls/BestFailsoftheMonthFebruary2016_Babe_YoureActuallyCrazyFailArmy40,9,9.453,12.451,-1,-1,OOPS
falls/BestFailsoftheMonthFebruary2016_Babe_YoureActuallyCrazyFailArmy40,9,12.451,21.995,-1,-1,OOPS
falls/BestFailsoftheMonthFebruary2016_Babe_YoureActuallyCrazyFailArmy40,1,21.995,24.488,-1,-1,OOPS
falls/BestFailsoftheMonthFebruary2016_Babe_YoureActuallyCrazyFailArmy40,2,24.488,25.72573,-1,-1,OOPS
falls/BestFailsoftheWeek-GoHard_OrGoHomeMarch2018_FailArmy0,7,0.0,0.979,-1,-1,OOPS
falls/BestFailsoftheWeek-GoHard_OrGoHomeMarch2018_FailArmy0,12,0.979,1.299,-1,-1,OOPS
falls/BestFailsoftheWeek-GoHard_OrGoHomeMarch2018_FailArmy0,13,1.299,1.945,-1,-1,OOPS
falls/BestFailsoftheWeek-GoHard_OrGoHomeMarch2018_FailArmy0,15,1.945,2.511,-1,-1,OOPS
falls/BestFailsoftheWeek-GoHard_OrGoHomeMarch2018_FailArmy0,8,2.511,3.51,-1,-1,OOPS
falls/BestFailsoftheWeek-GoHard_OrGoHomeMarch2018_FailArmy0,0,3.51,5.114,-1,-1,OOPS
falls/BestFailsoftheWeek-GoHard_OrGoHomeMarch2018_FailArmy0,8,5.114,7.971,-1,-1,OOPS
falls/BestFailsoftheWeek-GoHard_OrGoHomeMarch2018_FailArmy0,0,7.971,9.58801,-1,-1,OOPS
falls/BestFailsoftheWeek-GoHard_OrGoHomeMarch2018_FailArmy11,9,0.0,3.359,-1,-1,OOPS
falls/BestFailsoftheWeek-GoHard_OrGoHomeMarch2018_FailArmy11,1,3.359,3.979,-1,-1,OOPS
falls/BestFailsoftheWeek-GoHard_OrGoHomeMarch2018_FailArmy11,2,3.979,5.46667,-1,-1,OOPS
falls/BestFailsoftheWeek-GoHard_OrGoHomeMarch2018_FailArmy20,0,0.0,3.678,-1,-1,OOPS
falls/BestFailsoftheWeek-GoHard_OrGoHomeMarch2018_FailArmy20,1,3.678,5.886,-1,-1,OOPS
falls/BestFailsoftheWeek-GoHard_OrGoHomeMarch2018_FailArmy20,4,5.886,7.5,-1,-1,OOPS
falls/BestFailsoftheWeek-GoHard_OrGoHomeMarch2018_FailArmy3,0,0.0,1.098,-1,-1,OOPS
falls/BestFailsoftheWeek-GoHard_OrGoHomeMarch2018_FailArmy3,8,1.098,3.813,-1,-1,OOPS
falls/BestFailsoftheWeek-GoHard_OrGoHomeMarch2018_FailArmy3,0,3.813,4.98,-1,-1,OOPS
falls/BestFailsoftheWeek-GoHard_OrGoHomeMarch2018_FailArmy3,1,4.98,7.538,-1,-1,OOPS
falls/BestFailsoftheWeek-GoHard_OrGoHomeMarch2018_FailArmy3,2,7.538,9.97984,-1,-1,OOPS
falls/BestFailsoftheWeek-GoHard_OrGoHomeMarch2018_FailArmy9,9,0.0,3.838,-1,-1,OOPS
falls/BestFailsoftheWeek-GoHard_OrGoHomeMarch2018_FailArmy9,1,3.838,5.027,-1,-1,OOPS
falls/BestFailsoftheWeek-GoHard_OrGoHomeMarch2018_FailArmy9,2,5.027,6.07,-1,-1,OOPS
falls/BestFailsoftheWeek-GoHard_OrGoHomeMarch2018_FailArmy9,4,6.07,8.0,-1,-1,OOPS
falls/BestFailsoftheWeek-IsWinterDoneYetJanuary2018_FailArmy16,8,0.0,8.4,-1,-1,OOPS
falls/BestFailsoftheWeek-IsWinterDoneYetJanuary2018_FailArmy23,0,0.0,5.895,-1,-1,OOPS
falls/BestFailsoftheWeek-IsWinterDoneYetJanuary2018_FailArmy23,8,5.895,7.811,-1,-1,OOPS
falls/BestFailsoftheWeek-IsWinterDoneYetJanuary2018_FailArmy39,0,0.0,1.417,-1,-1,OOPS
falls/BestFailsoftheWeek-IsWinterDoneYetJanuary2018_FailArmy39,9,1.417,1.798,-1,-1,OOPS
falls/BestFailsoftheWeek-IsWinterDoneYetJanuary2018_FailArmy39,1,1.798,2.34,-1,-1,OOPS
falls/BestFailsoftheWeek-IsWinterDoneYetJanuary2018_FailArmy39,2,2.34,2.693,-1,-1,OOPS
falls/BestFailsoftheWeek-IsWinterDoneYetJanuary2018_FailArmy39,1,2.693,3.022,-1,-1,OOPS
falls/BestFailsoftheWeek-IsWinterDoneYetJanuary2018_FailArmy39,2,3.022,4.016,-1,-1,OOPS
falls/BestFailsoftheWeek-IsWinterDoneYetJanuary2018_FailArmy39,7,4.016,5.921,-1,-1,OOPS
falls/BestFailsoftheWeek-IsWinterDoneYetJanuary2018_FailArmy44,8,0.0,1.064,-1,-1,OOPS
falls/BestFailsoftheWeek-IsWinterDoneYetJanuary2018_FailArmy44,0,1.064,2.541,-1,-1,OOPS
falls/BestFailsoftheWeek-IsWinterDoneYetJanuary2018_FailArmy44,1,2.541,3.096,-1,-1,OOPS
falls/BestFailsoftheWeek-IsWinterDoneYetJanuary2018_FailArmy44,2,3.096,4.206,-1,-1,OOPS
falls/BestFailsoftheWeek-IsWinterDoneYetJanuary2018_FailArmy44,7,4.206,6.338,-1,-1,OOPS
falls/BestFailsoftheWeek-IsWinterDoneYetJanuary2018_FailArmy44,11,6.338,7.26667,-1,-1,OOPS
falls/BestFailsoftheWeek-ItsRainingInsideFebruary2018_FailArmy11,9,0.0,2.246,-1,-1,OOPS
falls/BestFailsoftheWeek-ItsRainingInsideFebruary2018_FailArmy11,1,2.246,3.429,-1,-1,OOPS
falls/BestFailsoftheWeek-ItsRainingInsideFebruary2018_FailArmy11,2,3.429,3.667,-1,-1,OOPS
falls/BestFailsoftheWeek-ItsRainingInsideFebruary2018_FailArmy20,11,0.0,4.753,-1,-1,OOPS
falls/BestFailsoftheWeek-ItsRainingInsideFebruary2018_FailArmy20,7,4.753,6.481,-1,-1,OOPS
falls/BestFailsoftheWeek-ItsRainingInsideFebruary2018_FailArmy20,0,6.481,6.884,-1,-1,OOPS
falls/BestFailsoftheWeek-ItsRainingInsideFebruary2018_FailArmy20,9,6.884,9.009,-1,-1,OOPS
falls/BestFailsoftheWeek-ItsRainingInsideFebruary2018_FailArmy44,9,0.0,1.165,-1,-1,OOPS
falls/BestFailsoftheWeek-ItsRainingInsideFebruary2018_FailArmy44,15,1.165,2.634,-1,-1,OOPS
falls/BestFailsoftheWeek-ItsRainingInsideFebruary2018_FailArmy44,1,2.634,3.565,-1,-1,OOPS
falls/BestFailsoftheWeek-ItsRainingInsideFebruary2018_FailArmy44,2,3.565,5.969,-1,-1,OOPS
falls/BestFailsoftheWeek-ItsRainingInsideFebruary2018_FailArmy44,9,5.969,13.689,-1,-1,OOPS
falls/BestFailsoftheWeek-NoBaseballInsideDecember2017_FailArmy22,8,0.0,8.068,-1,-1,OOPS
falls/BestFailsoftheWeek-NoBaseballInsideDecember2017_FailArmy22,1,8.068,8.995,-1,-1,OOPS
falls/BestFailsoftheWeek-NoBaseballInsideDecember2017_FailArmy22,2,8.995,12.43333,-1,-1,OOPS
falls/BestFailsoftheWeek-SnowmobilesOverWaterMarch2018_FailArmy21,8,0.0,1.859,-1,-1,OOPS
falls/BestFailsoftheWeek-SnowmobilesOverWaterMarch2018_FailArmy21,0,1.859,2.673,-1,-1,OOPS
falls/BestFailsoftheWeek-SnowmobilesOverWaterMarch2018_FailArmy21,9,2.673,7.315,-1,-1,OOPS
falls/BestFailsoftheWeek-SnowmobilesOverWaterMarch2018_FailArmy21,0,7.315,8.675,-1,-1,OOPS
falls/BestFailsoftheWeek-SnowmobilesOverWaterMarch2018_FailArmy21,9,8.675,9.673,-1,-1,OOPS
falls/BestFailsoftheWeek-SnowmobilesOverWaterMarch2018_FailArmy21,1,9.673,10.102,-1,-1,OOPS
falls/BestFailsoftheWeek-SnowmobilesOverWaterMarch2018_FailArmy21,2,10.102,12.06667,-1,-1,OOPS
falls/BestFailsoftheWeek-SnowmobilesOverWaterMarch2018_FailArmy25,2,0.0,0.137,-1,-1,OOPS
falls/BestFailsoftheWeek-SnowmobilesOverWaterMarch2018_FailArmy25,9,0.137,5.591,-1,-1,OOPS
falls/BestFailsoftheWeek-SnowmobilesOverWaterMarch2018_FailArmy25,1,5.591,6.376,-1,-1,OOPS
falls/BestFailsoftheWeek-SnowmobilesOverWaterMarch2018_FailArmy25,2,6.376,7.83333,-1,-1,OOPS
falls/BestFailsoftheWeek-SnowmobilesOverWaterMarch2018_FailArmy31,9,0.0,3.03,-1,-1,OOPS
falls/BestFailsoftheWeek-SnowmobilesOverWaterMarch2018_FailArmy31,15,3.03,4.107,-1,-1,OOPS
falls/BestFailsoftheWeek-SnowmobilesOverWaterMarch2018_FailArmy31,1,4.107,6.335,-1,-1,OOPS
falls/BestFailsoftheWeek-SnowmobilesOverWaterMarch2018_FailArmy31,2,6.335,9.784,-1,-1,OOPS
falls/BestFailsoftheWeek-SnowmobilesOverWaterMarch2018_FailArmy31,7,9.784,16.228,-1,-1,OOPS
falls/BestFailsoftheWeek-SnowmobilesOverWaterMarch2018_FailArmy31,15,16.228,16.918,-1,-1,OOPS
falls/BestFailsoftheWeek-SnowmobilesOverWaterMarch2018_FailArmy31,8,16.918,17.593,-1,-1,OOPS
falls/BestFailsoftheWeek-SnowmobilesOverWaterMarch2018_FailArmy31,9,17.593,18.704,-1,-1,OOPS
falls/BestFailsoftheWeek-SnowmobilesOverWaterMarch2018_FailArmy31,10,18.704,19.874,-1,-1,OOPS
falls/BestFailsoftheWeek-SnowmobilesOverWaterMarch2018_FailArmy31,11,19.874,22.46667,-1,-1,OOPS
falls/BestFailsoftheWeek-SnowmobilesOverWaterMarch2018_FailArmy41,9,0.0,3.958,-1,-1,OOPS
falls/BestFailsoftheWeek-SnowmobilesOverWaterMarch2018_FailArmy41,1,3.958,5.557,-1,-1,OOPS
falls/BestFailsoftheWeek-SnowmobilesOverWaterMarch2018_FailArmy41,2,5.557,8.5,-1,-1,OOPS
falls/BestFailsoftheWeek-SnowmobilesOverWaterMarch2018_FailArmy42,8,0.0,4.22,-1,-1,OOPS
falls/BestFailsoftheWeek-SnowmobilesOverWaterMarch2018_FailArmy42,3,4.22,5.701,-1,-1,OOPS
falls/BestFailsoftheWeek-SnowmobilesOverWaterMarch2018_FailArmy42,1,5.701,6.56,-1,-1,OOPS
falls/BestFailsoftheWeek-SnowmobilesOverWaterMarch2018_FailArmy42,2,6.56,9.91492,-1,-1,OOPS
falls/BestFailsoftheWeek-T-RexCanShredFebruary2018_FailArmy36,9,0.0,2.843,-1,-1,OOPS
falls/BestFailsoftheWeek-T-RexCanShredFebruary2018_FailArmy36,1,2.843,4.069,-1,-1,OOPS
falls/BestFailsoftheWeek-T-RexCanShredFebruary2018_FailArmy36,2,4.069,5.539,-1,-1,OOPS
falls/BestFailsoftheWeek-T-RexCanShredFebruary2018_FailArmy42,9,0.0,3.629,-1,-1,OOPS
falls/BestFailsoftheWeek-T-RexCanShredFebruary2018_FailArmy42,1,3.629,6.9,-1,-1,OOPS
falls/BestFailsoftheWeek-T-RexCanShredFebruary2018_FailArmy48,9,0.0,2.708,-1,-1,OOPS
falls/BestFailsoftheWeek-T-RexCanShredFebruary2018_FailArmy48,1,2.708,4.789,-1,-1,OOPS
falls/BestFailsoftheWeek-T-RexCanShredFebruary2018_FailArmy48,7,4.789,5.76667,-1,-1,OOPS
falls/BestFailsoftheWeek-T-RexCanShredFebruary2018_FailArmy9,9,0.0,3.555,-1,-1,OOPS
falls/BestFailsoftheWeek-T-RexCanShredFebruary2018_FailArmy9,1,3.555,4.397,-1,-1,OOPS
falls/BestFailsoftheWeek-T-RexCanShredFebruary2018_FailArmy9,2,4.397,4.816,-1,-1,OOPS
falls/BestFailsoftheWeek-T-RexCanShredFebruary2018_FailArmy9,9,4.816,9.423,-1,-1,OOPS
falls/BestFailsoftheWeek-T-RexCanShredFebruary2018_FailArmy9,1,9.423,10.499,-1,-1,OOPS
falls/BestFailsoftheWeek-T-RexCanShredFebruary2018_FailArmy9,9,10.499,14.2,-1,-1,OOPS
falls/BestFailsoftheWeek-TheEaglesAreChampsFebruary2018_FailArmy11,9,0.0,2.767,-1,-1,OOPS
falls/BestFailsoftheWeek-TheEaglesAreChampsFebruary2018_FailArmy11,1,2.767,4.187,-1,-1,OOPS
falls/BestFailsoftheWeek-TheEaglesAreChampsFebruary2018_FailArmy11,2,4.187,5.841,-1,-1,OOPS
falls/BestFailsoftheWeek-TheEaglesAreChampsFebruary2018_FailArmy11,7,5.841,6.9,-1,-1,OOPS
falls/BestFailsoftheWeek-TheEaglesAreChampsFebruary2018_FailArmy13,9,0.0,3.017,-1,-1,OOPS
falls/BestFailsoftheWeek-TheEaglesAreChampsFebruary2018_FailArmy13,1,3.017,5.143,-1,-1,OOPS
falls/BestFailsoftheWeek-TheEaglesAreChampsFebruary2018_FailArmy13,7,5.143,6.221,-1,-1,OOPS
falls/BestFailsoftheWeek-TheEaglesAreChampsFebruary2018_FailArmy13,0,6.221,8.51698,-1,-1,OOPS
falls/BestFailsoftheWeek-TheEaglesAreChampsFebruary2018_FailArmy14,8,0.0,3.343,-1,-1,OOPS
falls/BestFailsoftheWeek-TheEaglesAreChampsFebruary2018_FailArmy14,1,3.343,6.34,-1,-1,OOPS
falls/BestFailsoftheWeek-TheEaglesAreChampsFebruary2018_FailArmy14,2,6.34,10.819,-1,-1,OOPS
falls/BestFailsoftheWeek-TheEaglesAreChampsFebruary2018_FailArmy14,9,10.819,23.9,-1,-1,OOPS
falls/BestFailsoftheWeek-TheEaglesAreChampsFebruary2018_FailArmy18,9,0.0,4.043,-1,-1,OOPS
falls/BestFailsoftheWeek-TheEaglesAreChampsFebruary2018_FailArmy18,1,4.043,5.118,-1,-1,OOPS
falls/BestFailsoftheWeek-TheEaglesAreChampsFebruary2018_FailArmy18,7,5.118,7.33333,-1,-1,OOPS
falls/BestFailsoftheWeek-TheEaglesAreChampsFebruary2018_FailArmy23,0,0.0,1.11,-1,-1,OOPS
falls/BestFailsoftheWeek-TheEaglesAreChampsFebruary2018_FailArmy23,8,1.11,2.064,-1,-1,OOPS
falls/BestFailsoftheWeek-TheEaglesAreChampsFebruary2018_FailArmy23,0,2.064,3.494,-1,-1,OOPS
falls/BestFailsoftheWeek-TheEaglesAreChampsFebruary2018_FailArmy23,1,3.494,4.893,-1,-1,OOPS
falls/BestFailsoftheWeek-TheEaglesAreChampsFebruary2018_FailArmy23,2,4.893,7.46667,-1,-1,OOPS
falls/BestFailsoftheWeek-TheEaglesAreChampsFebruary2018_FailArmy4,9,0.0,1.466,-1,-1,OOPS
falls/BestFailsoftheWeek-TheEaglesAreChampsFebruary2018_FailArmy4,15,1.466,2.379,-1,-1,OOPS
falls/BestFailsoftheWeek-TheEaglesAreChampsFebruary2018_FailArmy4,1,2.379,3.406,-1,-1,OOPS
falls/BestFailsoftheWeek-TheEaglesAreChampsFebruary2018_FailArmy4,7,3.406,4.64399,-1,-1,OOPS
falls/BestFailsoftheWeek-WatchItDronesMay2018_FailArmy14,8,0.0,1.277,-1,-1,OOPS
falls/BestFailsoftheWeek-WatchItDronesMay2018_FailArmy14,1,1.277,3.548,-1,-1,OOPS
falls/BestFailsoftheWeek-WatchItDronesMay2018_FailArmy14,7,3.548,6.737,-1,-1,OOPS
falls/BestFailsoftheWeek-WatchItDronesMay2018_FailArmy14,9,6.737,10.773,-1,-1,OOPS
falls/BestFailsoftheWeek-WatchItDronesMay2018_FailArmy14,0,10.773,14.004,-1,-1,OOPS
falls/BestFailsoftheWeek-WatchItDronesMay2018_FailArmy14,1,14.004,17.141,-1,-1,OOPS
falls/BestFailsoftheWeek-WatchItDronesMay2018_FailArmy14,7,17.141,20.46667,-1,-1,OOPS
falls/BestFailsoftheWeek-WatchItDronesMay2018_FailArmy24,9,0.0,2.345,-1,-1,OOPS
falls/BestFailsoftheWeek-WatchItDronesMay2018_FailArmy24,1,2.345,3.241,-1,-1,OOPS
falls/BestFailsoftheWeek-WatchItDronesMay2018_FailArmy24,0,3.241,5.73501,-1,-1,OOPS
falls/BestFailsoftheWeek-WatchItDronesMay2018_FailArmy8,0,0.0,15.4,-1,-1,OOPS
falls/BestFailsoftheWeek-WatchItDronesMay2018_FailArmy8,1,15.4,18.753,-1,-1,OOPS
falls/BestFailsoftheWeek-WatchItDronesMay2018_FailArmy8,8,18.753,21.13,-1,-1,OOPS
falls/BestFailsoftheWeek-WatchOutMarch2018_FailArmy8,9,0.0,2.418,-1,-1,OOPS
falls/BestFailsoftheWeek-WatchOutMarch2018_FailArmy8,1,2.418,3.846,-1,-1,OOPS
falls/BestFailsoftheWeek-WatchOutMarch2018_FailArmy8,2,3.846,7.28,-1,-1,OOPS
falls/BestFailsoftheWeek-WatchOutMarch2018_FailArmy8,15,7.28,7.87,-1,-1,OOPS
falls/BestFailsoftheWeek-WatchOutMarch2018_FailArmy8,9,7.87,9.75,-1,-1,OOPS
falls/BestFailsoftheWeek-WatchOutMarch2018_FailArmy8,1,9.75,11.47,-1,-1,OOPS
falls/BestFailsoftheWeek-WatchOutMarch2018_FailArmy8,9,11.47,12.88701,-1,-1,OOPS
falls/BestFailsoftheWeek1April2016_YouKnewThatWasGoingToHappenFailArmy21,9,0.0,4.331,-1,-1,OOPS
falls/BestFailsoftheWeek1April2016_YouKnewThatWasGoingToHappenFailArmy21,1,4.331,6.141,-1,-1,OOPS
falls/BestFailsoftheWeek1April2016_YouKnewThatWasGoingToHappenFailArmy21,2,6.141,8.719,-1,-1,OOPS
falls/BestFailsoftheWeek1April2016_YouKnewThatWasGoingToHappenFailArmy21,9,8.719,14.735,-1,-1,OOPS
falls/BestFailsoftheWeek1April2016_YouKnewThatWasGoingToHappenFailArmy21,1,14.735,16.782,-1,-1,OOPS
falls/BestFailsoftheWeek1April2016_YouKnewThatWasGoingToHappenFailArmy21,2,16.782,18.678,-1,-1,OOPS
falls/BestFailsoftheWeek1April2016_YouKnewThatWasGoingToHappenFailArmy25,0,0.0,1.919,-1,-1,OOPS
falls/BestFailsoftheWeek1April2016_YouKnewThatWasGoingToHappenFailArmy25,1,1.919,3.4034,-1,-1,OOPS
falls/BestFailsoftheWeek1April2016_YouKnewThatWasGoingToHappenFailArmy45,8,0.0,2.88,-1,-1,OOPS
falls/BestFailsoftheWeek1April2016_YouKnewThatWasGoingToHappenFailArmy45,1,2.88,4.201,-1,-1,OOPS
falls/BestFailsoftheWeek1April2016_YouKnewThatWasGoingToHappenFailArmy45,2,4.201,8.77544,-1,-1,OOPS
falls/BestFailsoftheWeek1June2016_FailArmy26,9,0.0,4.284,-1,-1,OOPS
falls/BestFailsoftheWeek1June2016_FailArmy26,1,4.284,7.198,-1,-1,OOPS
falls/BestFailsoftheWeek1June2016_FailArmy26,2,7.198,10.257,-1,-1,OOPS
falls/BestFailsoftheWeek1June2016_FailArmy26,7,10.257,12.63553,-1,-1,OOPS
falls/BestFailsoftheWeek1June2016_FailArmy41,9,0.0,4.148,-1,-1,OOPS
falls/BestFailsoftheWeek1June2016_FailArmy41,15,4.148,4.674,-1,-1,OOPS
falls/BestFailsoftheWeek1June2016_FailArmy41,9,4.674,4.944,-1,-1,OOPS
falls/BestFailsoftheWeek1June2016_FailArmy41,1,4.944,6.592,-1,-1,OOPS
falls/BestFailsoftheWeek1June2016_FailArmy41,2,6.592,7.212,-1,-1,OOPS
falls/BestFailsoftheWeek1June2016_FailArmy41,7,7.212,9.19601,-1,-1,OOPS
falls/BestFailsoftheWeek1June2016_FailArmy46,9,0.0,5.672,-1,-1,OOPS
falls/BestFailsoftheWeek1June2016_FailArmy46,1,5.672,9.984,-1,-1,OOPS
falls/BestFailsoftheWeek1June2016_FailArmy46,2,9.984,12.932,-1,-1,OOPS
falls/BestFailsoftheWeek1June2016_FailArmy46,9,12.932,16.87601,-1,-1,OOPS
falls/BestFailsoftheWeek1June2016_FailArmy5,15,0.0,0.439,-1,-1,OOPS
falls/BestFailsoftheWeek1June2016_FailArmy5,15,0.439,1.031,-1,-1,OOPS
falls/BestFailsoftheWeek1June2016_FailArmy5,15,1.031,1.791,-1,-1,OOPS
falls/BestFailsoftheWeek1June2016_FailArmy5,1,1.791,3.261,-1,-1,OOPS
falls/BestFailsoftheWeek1June2016_FailArmy5,9,3.261,7.23698,-1,-1,OOPS
falls/BestFailsoftheWeek1June2016_FailArmy6,8,0.0,5.214,-1,-1,OOPS
falls/BestFailsoftheWeek1June2016_FailArmy6,1,5.214,6.664,-1,-1,OOPS
falls/BestFailsoftheWeek1June2016_FailArmy6,2,6.664,7.029,-1,-1,OOPS
falls/BestFailsoftheWeek1June2016_FailArmy6,9,7.029,9.27399,-1,-1,OOPS
falls/BestFailsoftheWeek1March2016_WTFWasthatbyFailArmy4,9,0.0,6.966,-1,-1,OOPS
falls/BestFailsoftheWeek1May2016_ThatSquirrelJustAttackedMebyFailArmy29,9,0.0,4.338,-1,-1,OOPS
falls/BestFailsoftheWeek1May2016_ThatSquirrelJustAttackedMebyFailArmy29,1,4.338,5.299,-1,-1,OOPS
falls/BestFailsoftheWeek1May2016_ThatSquirrelJustAttackedMebyFailArmy29,2,5.299,7.08924,-1,-1,OOPS
falls/BestFailsoftheWeek1May2016_ThatSquirrelJustAttackedMebyFailArmy75,9,0.0,2.699,-1,-1,OOPS
falls/BestFailsoftheWeek1May2016_ThatSquirrelJustAttackedMebyFailArmy75,1,2.699,4.368,-1,-1,OOPS
falls/BestFailsoftheWeek1May2016_ThatSquirrelJustAttackedMebyFailArmy75,2,4.368,6.74,-1,-1,OOPS
falls/BestFailsoftheWeek2April2016_IKnewThatWasaBadIdeabyFailArmy0,0,0.0,2.069,-1,-1,OOPS
falls/BestFailsoftheWeek2April2016_IKnewThatWasaBadIdeabyFailArmy0,1,2.069,3.415,-1,-1,OOPS
falls/BestFailsoftheWeek2April2016_IKnewThatWasaBadIdeabyFailArmy0,2,3.415,4.552,-1,-1,OOPS
falls/BestFailsoftheWeek2April2016_IKnewThatWasaBadIdeabyFailArmy0,7,4.552,6.039,-1,-1,OOPS
falls/BestFailsoftheWeek2April2016_IKnewThatWasaBadIdeabyFailArmy0,0,6.039,8.08,-1,-1,OOPS
falls/BestFailsoftheWeek2April2016_IKnewThatWasaBadIdeabyFailArmy0,8,8.08,9.74399,-1,-1,OOPS
falls/BestFailsoftheWeek2April2016_IKnewThatWasaBadIdeabyFailArmy15,0,0.0,11.233,-1,-1,OOPS
falls/BestFailsoftheWeek2April2016_IKnewThatWasaBadIdeabyFailArmy16,9,0.0,0.542,-1,-1,OOPS
falls/BestFailsoftheWeek2April2016_IKnewThatWasaBadIdeabyFailArmy16,1,0.542,4.077,-1,-1,OOPS
falls/BestFailsoftheWeek2April2016_IKnewThatWasaBadIdeabyFailArmy16,2,4.077,5.48601,-1,-1,OOPS
falls/BestFailsoftheWeek2April2016_IKnewThatWasaBadIdeabyFailArmy24,1,0.0,1.665,-1,-1,OOPS
falls/BestFailsoftheWeek2April2016_IKnewThatWasaBadIdeabyFailArmy24,2,1.665,3.436,-1,-1,OOPS
falls/BestFailsoftheWeek2April2016_IKnewThatWasaBadIdeabyFailArmy24,7,3.436,4.21184,-1,-1,OOPS
falls/BestFailsoftheWeek2April2016_IKnewThatWasaBadIdeabyFailArmy27,9,0.0,2.495,-1,-1,OOPS
falls/BestFailsoftheWeek2April2016_IKnewThatWasaBadIdeabyFailArmy27,1,2.495,3.38,-1,-1,OOPS
falls/BestFailsoftheWeek2April2016_IKnewThatWasaBadIdeabyFailArmy27,9,3.38,4.117,-1,-1,OOPS
falls/BestFailsoftheWeek2April2016_IKnewThatWasaBadIdeabyFailArmy27,1,4.117,5.707,-1,-1,OOPS
falls/BestFailsoftheWeek2April2016_IKnewThatWasaBadIdeabyFailArmy27,7,5.707,7.86392,-1,-1,OOPS
falls/BestFailsoftheWeek2April2016_IKnewThatWasaBadIdeabyFailArmy37,8,0.0,1.788,-1,-1,OOPS
falls/BestFailsoftheWeek2April2016_IKnewThatWasaBadIdeabyFailArmy37,12,1.788,2.322,-1,-1,OOPS
falls/BestFailsoftheWeek2April2016_IKnewThatWasaBadIdeabyFailArmy37,15,2.322,3.243,-1,-1,OOPS
falls/BestFailsoftheWeek2April2016_IKnewThatWasaBadIdeabyFailArmy37,1,3.243,4.67056,-1,-1,OOPS
falls/BestFailsoftheWeek2February2016_FailArmy11,8,0.0,1.488,-1,-1,OOPS
falls/BestFailsoftheWeek2February2016_FailArmy11,0,1.488,4.13,-1,-1,OOPS
falls/BestFailsoftheWeek2February2016_FailArmy11,1,4.13,5.545,-1,-1,OOPS
falls/BestFailsoftheWeek2February2016_FailArmy11,2,5.545,6.419,-1,-1,OOPS
falls/BestFailsoftheWeek2February2016_FailArmy11,7,6.419,9.50951,-1,-1,OOPS
falls/BestFailsoftheWeek2February2016_FailArmy12,8,0.0,0.906,-1,-1,OOPS
falls/BestFailsoftheWeek2February2016_FailArmy12,15,0.906,1.641,-1,-1,OOPS
falls/BestFailsoftheWeek2February2016_FailArmy12,9,1.641,3.017,-1,-1,OOPS
falls/BestFailsoftheWeek2February2016_FailArmy12,1,3.017,3.879,-1,-1,OOPS
falls/BestFailsoftheWeek2February2016_FailArmy12,2,3.879,5.27194,-1,-1,OOPS
falls/BestFailsoftheWeek2February2016_FailArmy8,0,0.0,6.015,-1,-1,OOPS
falls/BestFailsoftheWeek2February2016_FailArmy8,8,6.015,9.047,-1,-1,OOPS
falls/BestFailsoftheWeek2February2016_FailArmy8,0,9.047,14.968,-1,-1,OOPS
falls/BestFailsoftheWeek2February2016_FailArmy8,8,14.968,17.54,-1,-1,OOPS
falls/BestFailsoftheWeek2February2016_FailArmy8,9,17.54,21.057,-1,-1,OOPS
falls/BestFailsoftheWeek2February2016_FailArmy8,0,21.057,25.052,-1,-1,OOPS
falls/BestFailsoftheWeek2February2016_FailArmy8,1,25.052,26.102,-1,-1,OOPS
falls/BestFailsoftheWeek2February2016_FailArmy8,7,26.102,28.47,-1,-1,OOPS
falls/BestFailsoftheWeek2February2016_FailArmy8,1,28.47,29.654,-1,-1,OOPS
falls/BestFailsoftheWeek2February2016_FailArmy8,7,29.654,33.711,-1,-1,OOPS
falls/BestFailsoftheWeek2February2016_FailArmy8,1,33.711,34.257,-1,-1,OOPS
falls/BestFailsoftheWeek2February2016_FailArmy8,7,34.257,35.235,-1,-1,OOPS
falls/BestFailsoftheWeek2March2016_IThinkWeGotWhatWereLookingForbyFailArmy49,8,0.0,15.439,-1,-1,OOPS
falls/BestFailsoftheWeek2March2016_IThinkWeGotWhatWereLookingForbyFailArmy5,9,0.0,1.648,-1,-1,OOPS
falls/BestFailsoftheWeek2March2016_IThinkWeGotWhatWereLookingForbyFailArmy5,1,1.648,3.177,-1,-1,OOPS
falls/BestFailsoftheWeek2March2016_IThinkWeGotWhatWereLookingForbyFailArmy5,2,3.177,3.518,-1,-1,OOPS
falls/BestFailsoftheWeek2March2016_IThinkWeGotWhatWereLookingForbyFailArmy5,7,3.518,5.14701,-1,-1,OOPS
falls/BestFailsoftheWeek2March2016_IThinkWeGotWhatWereLookingForbyFailArmy51,9,0.0,2.683,-1,-1,OOPS
falls/BestFailsoftheWeek2March2016_IThinkWeGotWhatWereLookingForbyFailArmy51,15,2.683,3.155,-1,-1,OOPS
falls/BestFailsoftheWeek2March2016_IThinkWeGotWhatWereLookingForbyFailArmy51,9,3.155,7.302,-1,-1,OOPS
falls/BestFailsoftheWeek2March2016_IThinkWeGotWhatWereLookingForbyFailArmy51,1,7.302,8.093,-1,-1,OOPS
falls/BestFailsoftheWeek2March2016_IThinkWeGotWhatWereLookingForbyFailArmy51,2,8.093,9.97664,-1,-1,OOPS
falls/BestFailsoftheWeek2March2016_IThinkWeGotWhatWereLookingForbyFailArmy52,8,0.0,4.456,-1,-1,OOPS
falls/BestFailsoftheWeek2March2016_IThinkWeGotWhatWereLookingForbyFailArmy52,1,4.456,5.77399,-1,-1,OOPS
falls/BestFailsoftheWeek2March2016_IThinkWeGotWhatWereLookingForbyFailArmy7,8,0.0,1.844,-1,-1,OOPS
falls/BestFailsoftheWeek2March2016_IThinkWeGotWhatWereLookingForbyFailArmy7,9,1.844,2.673,-1,-1,OOPS
falls/BestFailsoftheWeek2March2016_IThinkWeGotWhatWereLookingForbyFailArmy7,8,2.673,3.769,-1,-1,OOPS
falls/BestFailsoftheWeek2March2016_IThinkWeGotWhatWereLookingForbyFailArmy7,1,3.769,4.97164,-1,-1,OOPS
falls/BestFailsoftheWeek2March2016_IThinkWeGotWhatWereLookingForbyFailArmy8,9,0.0,0.619,-1,-1,OOPS
falls/BestFailsoftheWeek2March2016_IThinkWeGotWhatWereLookingForbyFailArmy8,8,0.619,12.663,-1,-1,OOPS
falls/BestFailsoftheWeek2March2016_IThinkWeGotWhatWereLookingForbyFailArmy8,1,12.663,13.538,-1,-1,OOPS
falls/BestFailsoftheWeek2March2016_IThinkWeGotWhatWereLookingForbyFailArmy8,9,13.538,17.343,-1,-1,OOPS
falls/BestFailsoftheWeek2March2016_IThinkWeGotWhatWereLookingForbyFailArmy8,7,17.343,18.479,-1,-1,OOPS
falls/BestFailsoftheWeek2March2016_IThinkWeGotWhatWereLookingForbyFailArmy8,15,18.479,18.925,-1,-1,OOPS
falls/BestFailsoftheWeek2March2016_IThinkWeGotWhatWereLookingForbyFailArmy8,4,18.925,24.05587,-1,-1,OOPS
falls/BestFailsoftheWeek2May2016_FailArmyThatWasAnEpicFailSam13,9,0.0,5.917,-1,-1,OOPS
falls/BestFailsoftheWeek2May2016_FailArmyThatWasAnEpicFailSam13,1,5.917,6.76,-1,-1,OOPS
falls/BestFailsoftheWeek2May2016_FailArmyThatWasAnEpicFailSam13,2,6.76,8.9658,-1,-1,OOPS
falls/BestFailsoftheWeek2May2016_FailArmyThatWasAnEpicFailSam6,9,0.0,11.32,-1,-1,OOPS
falls/BestFailsoftheWeek2May2016_FailArmyThatWasAnEpicFailSam6,9,11.32,13.335,-1,-1,OOPS
falls/BestFailsoftheWeek2May2016_FailArmyThatWasAnEpicFailSam6,1,13.335,14.616,-1,-1,OOPS
falls/BestFailsoftheWeek2May2016_FailArmyThatWasAnEpicFailSam6,2,14.616,15.542,-1,-1,OOPS
falls/BestFailsoftheWeek2May2016_FailArmyThatWasAnEpicFailSam6,7,15.542,17.725,-1,-1,OOPS
falls/BestFailsoftheWeek2May2016_FailArmyThatWasAnEpicFailSam6,0,17.725,19.922,-1,-1,OOPS
falls/BestFailsoftheWeek2May2016_FailArmyThatWasAnEpicFailSam73,9,0.0,4.386,-1,-1,OOPS
falls/BestFailsoftheWeek2May2016_FailArmyThatWasAnEpicFailSam73,1,4.386,5.586,-1,-1,OOPS
falls/BestFailsoftheWeek2May2016_FailArmyThatWasAnEpicFailSam73,2,5.586,7.92327,-1,-1,OOPS
falls/BestFailsoftheWeek2May2016_FailArmyThatWasAnEpicFailSam74,15,0.0,0.673,-1,-1,OOPS
falls/BestFailsoftheWeek2May2016_FailArmyThatWasAnEpicFailSam74,15,0.673,1.285,-1,-1,OOPS
falls/BestFailsoftheWeek2May2016_FailArmyThatWasAnEpicFailSam74,1,1.285,2.405,-1,-1,OOPS
falls/BestFailsoftheWeek2May2016_FailArmyThatWasAnEpicFailSam74,2,2.405,5.178,-1,-1,OOPS
falls/BestFailsoftheWeek2May2016_FailArmyThatWasAnEpicFailSam79,9,0.0,1.002,-1,-1,OOPS
falls/BestFailsoftheWeek2May2016_FailArmyThatWasAnEpicFailSam79,15,1.002,1.371,-1,-1,OOPS
falls/BestFailsoftheWeek2May2016_FailArmyThatWasAnEpicFailSam79,1,1.371,2.568,-1,-1,OOPS
falls/BestFailsoftheWeek2May2016_FailArmyThatWasAnEpicFailSam79,2,2.568,4.85984,-1,-1,OOPS
falls/BestFailsoftheWeek3April2016_FailArmy13,8,0.0,4.34,-1,-1,OOPS
falls/BestFailsoftheWeek3April2016_FailArmy13,9,4.34,6.84017,-1,-1,OOPS
falls/BestFailsoftheWeek3April2016_FailArmy21,4,0.0,4.685,-1,-1,OOPS
falls/BestFailsoftheWeek3April2016_FailArmy21,7,4.685,5.531,-1,-1,OOPS
falls/BestFailsoftheWeek3April2016_FailArmy21,8,5.531,6.549,-1,-1,OOPS
falls/BestFailsoftheWeek3April2016_FailArmy21,0,6.549,6.949,-1,-1,OOPS
falls/BestFailsoftheWeek3April2016_FailArmy25,9,0.0,2.777,-1,-1,OOPS
falls/BestFailsoftheWeek3April2016_FailArmy25,1,2.777,4.07601,-1,-1,OOPS
falls/BestFailsoftheWeek3April2016_FailArmy32,8,0.0,4.156,-1,-1,OOPS
falls/BestFailsoftheWeek3April2016_FailArmy32,9,4.156,5.26,-1,-1,OOPS
falls/BestFailsoftheWeek3April2016_FailArmy32,1,5.26,6.992,-1,-1,OOPS
falls/BestFailsoftheWeek3April2016_FailArmy32,2,6.992,8.808,-1,-1,OOPS
falls/BestFailsoftheWeek3April2016_FailArmy32,7,8.808,15.09984,-1,-1,OOPS
falls/BestFailsoftheWeek3April2016_FailArmy52,9,0.0,5.593,-1,-1,OOPS
falls/BestFailsoftheWeek3April2016_FailArmy52,1,5.593,7.754,-1,-1,OOPS
falls/BestFailsoftheWeek3April2016_FailArmy52,2,7.754,9.799,-1,-1,OOPS
falls/BestFailsoftheWeek3April2016_FailArmy7,9,0.0,1.915,-1,-1,OOPS
falls/BestFailsoftheWeek3April2016_FailArmy7,1,1.915,3.364,-1,-1,OOPS
falls/BestFailsoftheWeek3April2016_FailArmy7,7,3.364,5.03837,-1,-1,OOPS
falls/BestFailsoftheWeek3February2016_ImOK_WheresmyJetskiFailArmy0,11,0.0,6.242,-1,-1,OOPS
falls/BestFailsoftheWeek3February2016_ImOK_WheresmyJetskiFailArmy0,1,6.242,7.692,-1,-1,OOPS
falls/BestFailsoftheWeek3February2016_ImOK_WheresmyJetskiFailArmy0,9,7.692,9.927,-1,-1,OOPS
falls/BestFailsoftheWeek3February2016_ImOK_WheresmyJetskiFailArmy20,9,0.0,3.248,-1,-1,OOPS
falls/BestFailsoftheWeek3February2016_ImOK_WheresmyJetskiFailArmy20,15,3.248,3.557,-1,-1,OOPS
falls/BestFailsoftheWeek3February2016_ImOK_WheresmyJetskiFailArmy20,1,3.557,4.582,-1,-1,OOPS
falls/BestFailsoftheWeek3February2016_ImOK_WheresmyJetskiFailArmy20,2,4.582,5.003,-1,-1,OOPS
falls/BestFailsoftheWeek3February2016_ImOK_WheresmyJetskiFailArmy20,5,5.003,5.806,-1,-1,OOPS
falls/BestFailsoftheWeek3February2016_ImOK_WheresmyJetskiFailArmy21,9,0.0,4.06,-1,-1,OOPS
falls/BestFailsoftheWeek3February2016_ImOK_WheresmyJetskiFailArmy21,1,4.06,5.01601,-1,-1,OOPS
falls/BestFailsoftheWeek3February2016_ImOK_WheresmyJetskiFailArmy37,9,0.0,2.969,-1,-1,OOPS
falls/BestFailsoftheWeek3February2016_ImOK_WheresmyJetskiFailArmy37,1,2.969,5.691,-1,-1,OOPS
falls/BestFailsoftheWeek3February2016_ImOK_WheresmyJetskiFailArmy37,9,5.691,7.748,-1,-1,OOPS
falls/BestFailsoftheWeek3February2016_ImOK_WheresmyJetskiFailArmy37,7,7.748,8.634,-1,-1,OOPS
falls/BestFailsoftheWeek3February2016_ImOK_WheresmyJetskiFailArmy37,8,8.634,13.313,-1,-1,OOPS
falls/BestFailsoftheWeek3February2016_ImOK_WheresmyJetskiFailArmy45,9,0.0,7.393,-1,-1,OOPS
falls/BestFailsoftheWeek3February2016_ImOK_WheresmyJetskiFailArmy46,9,0.0,5.312,-1,-1,OOPS
falls/BestFailsoftheWeek3February2016_ImOK_WheresmyJetskiFailArmy46,1,5.312,6.766,-1,-1,OOPS
falls/BestFailsoftheWeek3February2016_ImOK_WheresmyJetskiFailArmy46,2,6.766,13.31331,-1,-1,OOPS
falls/BestFailsoftheWeek3February2016_ImOK_WheresmyJetskiFailArmy5,9,0.0,5.174,-1,-1,OOPS
falls/BestFailsoftheWeek3February2016_ImOK_WheresmyJetskiFailArmy5,1,5.174,6.202,-1,-1,OOPS
falls/BestFailsoftheWeek3February2016_ImOK_WheresmyJetskiFailArmy5,2,6.202,9.92701,-1,-1,OOPS
falls/BestFailsoftheWeek3February2016_ImOK_WheresmyJetskiFailArmy7,9,0.0,1.021,-1,-1,OOPS
falls/BestFailsoftheWeek3February2016_ImOK_WheresmyJetskiFailArmy7,9,1.021,3.64,-1,-1,OOPS
falls/BestFailsoftheWeek3February2016_ImOK_WheresmyJetskiFailArmy7,1,3.64,5.483,-1,-1,OOPS
falls/BestFailsoftheWeek3February2016_ImOK_WheresmyJetskiFailArmy7,2,5.483,7.825,-1,-1,OOPS
falls/BestFailsoftheWeek3March2016_YouAreAnEpicFailbyFailArmy24,9,0.0,2.289,-1,-1,OOPS
falls/BestFailsoftheWeek3March2016_YouAreAnEpicFailbyFailArmy24,1,2.289,3.478,-1,-1,OOPS
falls/BestFailsoftheWeek3March2016_YouAreAnEpicFailbyFailArmy24,9,3.478,4.104,-1,-1,OOPS
falls/BestFailsoftheWeek3May2016_FailArmy19,9,0.0,0.714,-1,-1,OOPS
falls/BestFailsoftheWeek3May2016_FailArmy19,8,0.714,3.104,-1,-1,OOPS
falls/BestFailsoftheWeek3May2016_FailArmy19,0,3.104,5.482,-1,-1,OOPS
falls/BestFailsoftheWeek3May2016_FailArmy19,8,5.482,6.953,-1,-1,OOPS
falls/BestFailsoftheWeek3May2016_FailArmy19,0,6.953,8.966,-1,-1,OOPS
falls/BestFailsoftheWeek3May2016_FailArmy20,9,0.0,7.261,-1,-1,OOPS
falls/BestFailsoftheWeek3May2016_FailArmy20,1,7.261,8.513,-1,-1,OOPS
falls/BestFailsoftheWeek3May2016_FailArmy20,9,8.513,9.241,-1,-1,OOPS
falls/BestFailsoftheWeek3May2016_FailArmy32,8,0.0,3.822,-1,-1,OOPS
falls/BestFailsoftheWeek3May2016_FailArmy32,0,3.822,5.255,-1,-1,OOPS
falls/BestFailsoftheWeek3May2016_FailArmy32,8,5.255,6.177,-1,-1,OOPS
falls/BestFailsoftheWeek3May2016_FailArmy32,0,6.177,6.941,-1,-1,OOPS
falls/BestFailsoftheWeek3May2016_FailArmy32,12,6.941,7.67306,-1,-1,OOPS
falls/BestFailsoftheWeek3May2016_FailArmy53,9,0.0,0.849,-1,-1,OOPS
falls/BestFailsoftheWeek3May2016_FailArmy53,8,0.849,1.749,-1,-1,OOPS
falls/BestFailsoftheWeek3May2016_FailArmy53,9,1.749,3.727,-1,-1,OOPS
falls/BestFailsoftheWeek3May2016_FailArmy53,8,3.727,6.636,-1,-1,OOPS
falls/BestFailsoftheWeek3May2016_FailArmy70,4,0.0,6.223,-1,-1,OOPS
falls/BestFailsoftheWeek3May2016_FailArmy83,9,0.0,1.692,-1,-1,OOPS
falls/BestFailsoftheWeek3May2016_FailArmy83,1,1.692,4.259,-1,-1,OOPS
falls/BestFailsoftheWeek3May2016_FailArmy83,2,4.259,5.58799,-1,-1,OOPS
falls/BestFailsoftheWeek3May2016_FailArmy87,9,0.0,4.389,-1,-1,OOPS
falls/BestFailsoftheWeek3May2016_FailArmy87,1,4.389,6.1,-1,-1,OOPS
falls/BestFailsoftheWeek3May2016_FailArmy87,2,6.1,8.909,-1,-1,OOPS
falls/BestFailsoftheWeek3May2016_FailArmy88,8,0.0,3.031,-1,-1,OOPS
falls/BestFailsoftheWeek3May2016_FailArmy88,9,3.031,3.882,-1,-1,OOPS
falls/BestFailsoftheWeek3May2016_FailArmy88,1,3.882,4.712,-1,-1,OOPS
falls/BestFailsoftheWeek4March2016_NotTodayFailArmy27,8,0.0,0.507,-1,-1,OOPS
falls/BestFailsoftheWeek4March2016_NotTodayFailArmy27,12,0.507,1.771,-1,-1,OOPS
falls/BestFailsoftheWeek4March2016_NotTodayFailArmy27,7,1.771,2.819,-1,-1,OOPS
falls/BestFailsoftheWeek4March2016_NotTodayFailArmy27,8,2.819,5.131,-1,-1,OOPS
falls/BestFailsoftheYear-Part12018_FailArmy41,8,0.0,2.667,-1,-1,OOPS
falls/BestFailsoftheYear-Part12018_FailArmy41,0,2.667,3.384,-1,-1,OOPS
falls/BestFailsoftheYear-Part12018_FailArmy41,9,3.384,6.64,-1,-1,OOPS
falls/BestFailsoftheYear-Part12018_FailArmy41,1,6.64,8.254,-1,-1,OOPS
falls/BestFailsoftheYear-Part12018_FailArmy41,8,8.254,9.277,-1,-1,OOPS
falls/BestFailsoftheYear-Part12018_FailArmy41,7,9.277,10.938,-1,-1,OOPS
falls/BestFailsoftheYear-Part12018_FailArmy41,8,10.938,11.379,-1,-1,OOPS
falls/BestFailsoftheYear-Part12018_FailArmy41,1,11.379,13.382,-1,-1,OOPS
falls/BestFailsoftheYear-Part12018_FailArmy41,2,13.382,15.915,-1,-1,OOPS
falls/BestFailsoftheYear-Part12018_FailArmy41,7,15.915,17.751,-1,-1,OOPS
falls/BestFailsoftheYear-Part12018_FailArmy48,9,0.0,5.272,-1,-1,OOPS
falls/BestFailsoftheYear-Part12018_FailArmy48,0,5.272,9.467,-1,-1,OOPS
falls/BestFailsoftheYear-Part12018_FailArmy48,1,9.467,11.813,-1,-1,OOPS
falls/BestFailsoftheYear-Part12018_FailArmy48,2,11.813,12.579,-1,-1,OOPS
falls/BestFailsoftheYear-Part12018_FailArmy6,9,0.0,3.604,-1,-1,OOPS
falls/BestFailsoftheYear-Part12018_FailArmy6,1,3.604,5.656,-1,-1,OOPS
falls/BestFailsoftheYear-Part12018_FailArmy6,2,5.656,5.97264,-1,-1,OOPS
falls/BestFailsoftheYear-Part12018_FailArmy8,9,0.0,14.029,-1,-1,OOPS
falls/BestFailsoftheYear-Part22018_FailArmy10,9,0.0,4.69,-1,-1,OOPS
falls/BestFailsoftheYear-Part22018_FailArmy10,1,4.69,6.397,-1,-1,OOPS
falls/BestFailsoftheYear-Part22018_FailArmy10,2,6.397,8.954,-1,-1,OOPS
falls/BestFailsoftheYear-Part22018_FailArmy10,7,8.954,10.95982,-1,-1,OOPS
falls/BestFailsoftheYear-Part22018_FailArmy14,9,0.0,3.774,-1,-1,OOPS
falls/BestFailsoftheYear-Part22018_FailArmy14,1,3.774,5.622,-1,-1,OOPS
falls/BestFailsoftheYear-Part22018_FailArmy14,2,5.622,9.102,-1,-1,OOPS
falls/BestFailsoftheYear-Part22018_FailArmy22,8,0.0,5.914,-1,-1,OOPS
falls/BestFailsoftheYear-Part22018_FailArmy22,1,5.914,7.924,-1,-1,OOPS
falls/BestFailsoftheYear-Part22018_FailArmy22,2,7.924,12.35299,-1,-1,OOPS
falls/BestFailsoftheYear-Part22018_FailArmy41,9,0.0,4.094,-1,-1,OOPS
falls/BestFailsoftheYear-Part22018_FailArmy41,0,4.094,5.625,-1,-1,OOPS
falls/BestFailsoftheYear-Part22018_FailArmy41,1,5.625,7.86392,-1,-1,OOPS
falls/BestFailsoftheYear-Part22018_FailArmy51,9,0.0,2.025,-1,-1,OOPS
falls/BestFailsoftheYear-Part22018_FailArmy51,0,2.025,4.138,-1,-1,OOPS
falls/BestFailsoftheYear-Part22018_FailArmy51,1,4.138,5.891,-1,-1,OOPS
falls/BestFailsoftheYear-Part22018_FailArmy51,2,5.891,8.88199,-1,-1,OOPS
falls/BestFailsoftheYear-Part22018_FailArmy52,9,0.0,2.043,-1,-1,OOPS
falls/BestFailsoftheYear-Part22018_FailArmy52,1,2.043,3.768,-1,-1,OOPS
falls/BestFailsoftheYear-Part22018_FailArmy52,2,3.768,9.17584,-1,-1,OOPS
falls/BestFailsoftheYear2016SoFar_FailArmyFailCompilation16,9,0.0,14.451,-1,-1,OOPS
falls/BestFailsoftheYear2016SoFar_FailArmyFailCompilation16,15,14.451,14.767,-1,-1,OOPS
falls/BestFailsoftheYear2016SoFar_FailArmyFailCompilation16,1,14.767,16.171,-1,-1,OOPS
falls/BestFailsoftheYear2016SoFar_FailArmyFailCompilation16,9,16.171,20.392,-1,-1,OOPS
falls/BestFailsoftheYear2016SoFar_FailArmyFailCompilation20,4,0.0,2.045,-1,-1,OOPS
falls/BestFailsoftheYear2016SoFar_FailArmyFailCompilation20,1,2.045,4.08,-1,-1,OOPS
falls/BestFailsoftheYear2016SoFar_FailArmyFailCompilation20,2,4.08,7.923,-1,-1,OOPS
falls/BestFailsoftheYear2016SoFar_FailArmyFailCompilation37,9,0.0,2.415,-1,-1,OOPS
falls/BestFailsoftheYear2016SoFar_FailArmyFailCompilation37,1,2.415,4.46205,-1,-1,OOPS
falls/BestFailsoftheYear2016SoFar_FailArmyFailCompilation44,9,0.0,3.552,-1,-1,OOPS
falls/BestFailsoftheYear2016SoFar_FailArmyFailCompilation44,1,3.552,4.37865,-1,-1,OOPS
falls/BestFailsoftheYear2016SoFar_FailArmyFailCompilation59,9,0.0,4.519,-1,-1,OOPS
falls/BestFailsoftheYear2016SoFar_FailArmyFailCompilation59,1,4.519,6.174,-1,-1,OOPS
falls/BestFailsoftheYear2016SoFar_FailArmyFailCompilation59,2,6.174,9.38282,-1,-1,OOPS
falls/BestFailsoftheYear2017-Part1December2017_FailArmy23,9,0.0,2.393,-1,-1,OOPS
falls/BestFailsoftheYear2017-Part1December2017_FailArmy23,1,2.393,3.978,-1,-1,OOPS
falls/BestFailsoftheYear2017-Part1December2017_FailArmy23,2,3.978,4.64399,-1,-1,OOPS
falls/BestFailsoftheYear2017-Part1December2017_FailArmy27,9,0.0,3.47,-1,-1,OOPS
falls/BestFailsoftheYear2017-Part1December2017_FailArmy27,1,3.47,4.741,-1,-1,OOPS
falls/BestFailsoftheYear2017-Part1December2017_FailArmy27,2,4.741,11.67835,-1,-1,OOPS
falls/BestFailsoftheYear2017-Part1December2017_FailArmy28,9,0.0,12.413,-1,-1,OOPS
falls/BestFailsoftheYear2017-Part1December2017_FailArmy28,8,12.413,15.266,-1,-1,OOPS
falls/BestFailsoftheYear2017-Part1December2017_FailArmy28,1,15.266,18.234,-1,-1,OOPS
falls/BestFailsoftheYear2017-Part1December2017_FailArmy28,9,18.234,24.00701,-1,-1,OOPS
falls/BestFailsoftheYear2017-Part1December2017_FailArmy33,8,0.0,4.19,-1,-1,OOPS
falls/BestFailsoftheYear2017-Part1December2017_FailArmy33,1,4.19,5.828,-1,-1,OOPS
falls/BestFailsoftheYear2017-Part1December2017_FailArmy33,2,5.828,8.055,-1,-1,OOPS
falls/BestFailsoftheYear2017-Part1December2017_FailArmy33,8,8.055,10.635,-1,-1,OOPS
falls/BestFailsoftheYear2017-Part1December2017_FailArmy33,1,10.635,12.988,-1,-1,OOPS
falls/BestFailsoftheYear2017-Part1December2017_FailArmy33,2,12.988,16.87601,-1,-1,OOPS
falls/BestFailsoftheYear2017-Part1December2017_FailArmy57,9,0.0,4.122,-1,-1,OOPS
falls/BestFailsoftheYear2017-Part1December2017_FailArmy57,1,4.122,5.344,-1,-1,OOPS
falls/BestFailsoftheYear2017-Part1December2017_FailArmy57,2,5.344,7.535,-1,-1,OOPS
falls/BestFailsoftheYear2017-Part1December2017_FailArmy57,7,7.535,8.547,-1,-1,OOPS
falls/BestFailsoftheYear2017-Part1December2017_FailArmy57,0,8.547,9.148,-1,-1,OOPS
falls/BestFailsoftheYear2017-Part1December2017_FailArmy57,9,9.148,34.74392,-1,-1,OOPS
falls/BestFailsoftheYear2017-Part1December2017_FailArmy6,8,0.0,2.526,-1,-1,OOPS
falls/BestFailsoftheYear2017-Part1December2017_FailArmy6,9,2.526,4.316,-1,-1,OOPS
falls/BestFailsoftheYear2017-Part1December2017_FailArmy6,1,4.316,6.763,-1,-1,OOPS
falls/BestFailsoftheYear2017-Part1December2017_FailArmy6,2,6.763,7.918,-1,-1,OOPS
falls/BestFailsoftheYear2017-Part1December2017_FailArmy79,4,0.0,10.05399,-1,-1,OOPS
falls/BestFailsoftheYear2017-Part1December2017_FailArmy84,0,0.0,3.167,-1,-1,OOPS
falls/BestFailsoftheYear2017-Part1December2017_FailArmy84,8,3.167,3.824,-1,-1,OOPS
falls/BestFailsoftheYear2017-Part1December2017_FailArmy84,0,3.824,5.724,-1,-1,OOPS
falls/BestFailsoftheYear2017-Part1December2017_FailArmy84,1,5.724,6.932,-1,-1,OOPS
falls/BestFailsoftheYear2017-Part1December2017_FailArmy84,2,6.932,9.475,-1,-1,OOPS
falls/BestFailsoftheYear2017-Part1December2017_FailArmy84,7,9.475,9.95299,-1,-1,OOPS
falls/BestFailsoftheYear2017-Part2December2017_FailArmy10,9,0.0,3.356,-1,-1,OOPS
falls/BestFailsoftheYear2017-Part2December2017_FailArmy10,1,3.356,4.922,-1,-1,OOPS
falls/BestFailsoftheYear2017-Part2December2017_FailArmy10,7,4.922,7.26299,-1,-1,OOPS
falls/BestFailsoftheYear2017-Part2December2017_FailArmy58,0,0.0,2.075,-1,-1,OOPS
falls/BestFailsoftheYear2017-Part2December2017_FailArmy58,1,2.075,4.108,-1,-1,OOPS
falls/BestFailsoftheYear2017-Part2December2017_FailArmy58,2,4.108,6.34,-1,-1,OOPS
falls/BestFailsoftheYear2017-Part2December2017_FailArmy58,9,6.34,7.48,-1,-1,OOPS
falls/BestFailsoftheYear2017-Part2December2017_FailArmy58,0,7.48,7.892,-1,-1,OOPS
falls/BestFailsoftheYear2017-Part2December2017_FailArmy58,15,7.892,9.039,-1,-1,OOPS
falls/BestFailsoftheYear2017-Part2December2017_FailArmy58,1,9.039,11.083,-1,-1,OOPS
falls/BestFailsoftheYear2017-Part2December2017_FailArmy58,7,11.083,12.09501,-1,-1,OOPS
falls/BestFailsoftheYear2017-Part2December2017_FailArmy74,9,0.0,1.687,-1,-1,OOPS
falls/BestFailsoftheYear2017-Part2December2017_FailArmy74,0,1.687,2.23,-1,-1,OOPS
falls/BestFailsoftheYear2017-Part2December2017_FailArmy74,1,2.23,3.964,-1,-1,OOPS
falls/BestFailsoftheYear2017-Part2December2017_FailArmy74,11,3.964,5.71199,-1,-1,OOPS
falls/BestFailsoftheYear2017-Part2December2017_FailArmy87,0,0.0,0.965,-1,-1,OOPS
falls/BestFailsoftheYear2017-Part2December2017_FailArmy87,1,0.965,1.967,-1,-1,OOPS
falls/BestFailsoftheYear2017-Part2December2017_FailArmy87,2,1.967,2.706,-1,-1,OOPS
falls/BestFailsoftheYear2017-Part2December2017_FailArmy87,9,2.706,6.218,-1,-1,OOPS
falls/BestFailsoftheYear2017-Part2December2017_FailArmy90,9,0.0,4.603,-1,-1,OOPS
falls/BestFailsoftheYear2017-Part2December2017_FailArmy90,15,4.603,5.028,-1,-1,OOPS
falls/BestFailsoftheYear2017-Part2December2017_FailArmy90,1,5.028,6.301,-1,-1,OOPS
falls/BestFailsoftheYear2017-Part2December2017_FailArmy90,2,6.301,7.793,-1,-1,OOPS
falls/BestFailsoftheYear2017-Part2December2017_FailArmy90,7,7.793,9.692,-1,-1,OOPS
falls/BestFailsoftheYear2017SoFar_FailArmy105,9,0.0,2.549,-1,-1,OOPS
falls/BestFailsoftheYear2017SoFar_FailArmy105,1,2.549,3.096,-1,-1,OOPS
falls/BestFailsoftheYear2017SoFar_FailArmy105,2,3.096,7.61,-1,-1,OOPS
falls/BestFailsoftheYear2017SoFar_FailArmy105,4,7.61,9.57624,-1,-1,OOPS
falls/BestFailsoftheYear2017SoFar_FailArmy123,9,0.0,2.437,-1,-1,OOPS
falls/BestFailsoftheYear2017SoFar_FailArmy123,1,2.437,4.68,-1,-1,OOPS
falls/BestFailsoftheYear2017SoFar_FailArmy123,2,4.68,6.819,-1,-1,OOPS
falls/BestFailsoftheYear2017SoFar_FailArmy24,8,0.0,1.486,-1,-1,OOPS
falls/BestFailsoftheYear2017SoFar_FailArmy24,1,1.486,3.754,-1,-1,OOPS
falls/BestFailsoftheYear2017SoFar_FailArmy24,2,3.754,6.479,-1,-1,OOPS
falls/BestFailsoftheYear2017SoFar_FailArmy43,9,0.0,1.048,-1,-1,OOPS
falls/BestFailsoftheYear2017SoFar_FailArmy43,9,1.048,3.843,-1,-1,OOPS
falls/BestFailsoftheYear2017SoFar_FailArmy43,1,3.843,5.1,-1,-1,OOPS
falls/BestFailsoftheYear2017SoFar_FailArmy43,2,5.1,6.678,-1,-1,OOPS
falls/BestFailsoftheYear2017SoFar_FailArmy43,7,6.678,7.367,-1,-1,OOPS
falls/BestFailsoftheYear2018SoFar_FailArmy55,9,0.0,1.76,-1,-1,OOPS
falls/BestFailsoftheYear2018SoFar_FailArmy55,15,1.76,2.656,-1,-1,OOPS
falls/BestFailsoftheYear2018SoFar_FailArmy55,1,2.656,3.8,-1,-1,OOPS
falls/BestFunnyKidFailsCompilationPart2_FailArmy201615,0,0.0,7.587,-1,-1,OOPS
falls/BestFunnyKidFailsCompilationPart2_FailArmy201615,1,7.587,8.37504,-1,-1,OOPS
falls/BestFunnyKidFailsCompilationPart2_FailArmy201618,11,0.0,6.715,-1,-1,OOPS
falls/BestFunnyKidFailsCompilationPart2_FailArmy201618,1,6.715,8.621,-1,-1,OOPS
falls/BigAir-SoaringwithStyleSeptember2017_FailArmy4,2,0.0,2.537,-1,-1,OOPS
falls/BigAir-SoaringwithStyleSeptember2017_FailArmy4,7,2.537,3.813,-1,-1,OOPS
falls/BigAir-SoaringwithStyleSeptember2017_FailArmy4,8,3.813,6.192,-1,-1,OOPS
falls/BigAir-SoaringwithStyleSeptember2017_FailArmy4,1,6.192,7.174,-1,-1,OOPS
falls/BigAir-SoaringwithStyleSeptember2017_FailArmy4,2,7.174,10.19299,-1,-1,OOPS
falls/BigAir-SoaringwithStyleSeptember2017_FailArmy41,8,0.0,0.642,-1,-1,OOPS
falls/BigAir-SoaringwithStyleSeptember2017_FailArmy41,15,0.642,1.808,-1,-1,OOPS
falls/BigAir-SoaringwithStyleSeptember2017_FailArmy41,1,1.808,3.549,-1,-1,OOPS
falls/BigAir-SoaringwithStyleSeptember2017_FailArmy41,2,3.549,6.942,-1,-1,OOPS
falls/BigAir-SoaringwithStyleSeptember2017_FailArmy42,9,0.0,5.711,-1,-1,OOPS
falls/BigAir-SoaringwithStyleSeptember2017_FailArmy42,1,5.711,7.453,-1,-1,OOPS
falls/BigAir-SoaringwithStyleSeptember2017_FailArmy42,9,7.453,9.61399,-1,-1,OOPS
falls/BigAirFailsCompilation_IBelieveICanFlyByFailArmy201631,1,0.0,1.328,-1,-1,OOPS
falls/BigAirFailsCompilation_IBelieveICanFlyByFailArmy201631,2,1.328,3.529,-1,-1,OOPS
falls/BoatloadsofFails-ThrowbackThursdayAugust201710,9,0.0,3.342,-1,-1,OOPS
falls/BoatloadsofFails-ThrowbackThursdayAugust201710,1,3.342,4.603,-1,-1,OOPS
falls/BoatloadsofFails-ThrowbackThursdayAugust201710,7,4.603,5.526,-1,-1,OOPS
falls/BoatloadsofFails-ThrowbackThursdayAugust201710,0,5.526,7.40701,-1,-1,OOPS
falls/BoatloadsofFails-ThrowbackThursdayAugust201717,9,0.0,20.086,-1,-1,OOPS
falls/BoatloadsofFails-ThrowbackThursdayAugust201717,0,20.086,24.234,-1,-1,OOPS
falls/BoatloadsofFails-ThrowbackThursdayAugust201717,9,24.234,30.017,-1,-1,OOPS
falls/BoatloadsofFails-ThrowbackThursdayAugust201717,1,30.017,32.229,-1,-1,OOPS
falls/BoatloadsofFails-ThrowbackThursdayAugust201717,2,32.229,36.837,-1,-1,OOPS
falls/BoatloadsofFails-ThrowbackThursdayAugust201728,15,0.0,0.585,-1,-1,OOPS
falls/BoatloadsofFails-ThrowbackThursdayAugust201728,15,0.585,1.476,-1,-1,OOPS
falls/BoatloadsofFails-ThrowbackThursdayAugust201728,15,1.476,2.309,-1,-1,OOPS
falls/BoatloadsofFails-ThrowbackThursdayAugust201728,15,2.309,3.105,-1,-1,OOPS
falls/BoatloadsofFails-ThrowbackThursdayAugust201728,9,3.105,3.94701,-1,-1,OOPS
falls/BoatloadsofFails-ThrowbackThursdayAugust201736,9,0.0,3.101,-1,-1,OOPS
falls/BoatloadsofFails-ThrowbackThursdayAugust201736,0,3.101,4.501,-1,-1,OOPS
falls/BoatloadsofFails-ThrowbackThursdayAugust201736,1,4.501,6.079,-1,-1,OOPS
falls/BoatloadsofFails-ThrowbackThursdayAugust201736,2,6.079,8.075,-1,-1,OOPS
falls/BoatloadsofFails-ThrowbackThursdayAugust201746,9,0.0,6.755,-1,-1,OOPS
falls/BoatloadsofFails-ThrowbackThursdayAugust201746,1,6.755,7.486,-1,-1,OOPS
falls/BoatloadsofFails-ThrowbackThursdayAugust201746,9,7.486,9.79882,-1,-1,OOPS
falls/BoatloadsofFails-ThrowbackThursdayAugust201756,8,0.0,1.97,-1,-1,OOPS
falls/BoatloadsofFails-ThrowbackThursdayAugust201756,0,1.97,3.154,-1,-1,OOPS
falls/BoatloadsofFails-ThrowbackThursdayAugust201756,1,3.154,4.128,-1,-1,OOPS
falls/BoatloadsofFails-ThrowbackThursdayAugust201756,2,4.128,6.63,-1,-1,OOPS
falls/BoatloadsofFails-ThrowbackThursdayAugust201756,7,6.63,8.552,-1,-1,OOPS
falls/BoatloadsofFails-ThrowbackThursdayAugust201756,0,8.552,12.23692,-1,-1,OOPS
falls/BoatloadsofFails-ThrowbackThursdayAugust201789,9,0.0,2.602,-1,-1,OOPS
falls/BoatloadsofFails-ThrowbackThursdayAugust201789,1,2.602,3.797,-1,-1,OOPS
falls/BoatloadsofFails-ThrowbackThursdayAugust201789,2,3.797,5.373,-1,-1,OOPS
falls/BoatloadsofFails-ThrowbackThursdayAugust201789,7,5.373,8.102,-1,-1,OOPS
falls/BoatloadsofFails-ThrowbackThursdayAugust201789,0,8.102,9.056,-1,-1,OOPS
falls/BoatloadsofFails-ThrowbackThursdayAugust201789,9,9.056,10.998,-1,-1,OOPS
falls/BoatloadsofFails-ThrowbackThursdayAugust201797,8,0.0,2.638,-1,-1,OOPS
falls/BoatloadsofFails-ThrowbackThursdayAugust201797,15,2.638,3.315,-1,-1,OOPS
falls/BoatloadsofFails-ThrowbackThursdayAugust201797,1,3.315,4.242,-1,-1,OOPS
falls/BoatloadsofFails-ThrowbackThursdayAugust201797,2,4.242,6.919,-1,-1,OOPS
falls/BoatloadsofFails-ThrowbackThursdayAugust201799,9,0.0,0.909,-1,-1,OOPS
falls/BoatloadsofFails-ThrowbackThursdayAugust201799,0,0.909,1.852,-1,-1,OOPS
falls/BoatloadsofFails-ThrowbackThursdayAugust201799,15,1.852,2.508,-1,-1,OOPS
falls/BoatloadsofFails-ThrowbackThursdayAugust201799,1,2.508,3.747,-1,-1,OOPS
falls/BoatloadsofFails-ThrowbackThursdayAugust201799,2,3.747,11.51151,-1,-1,OOPS
falls/BowlingForFails-SubmissionShowApril2018_FailArmy12,0,0.0,0.981,-1,-1,OOPS
falls/BowlingForFails-SubmissionShowApril2018_FailArmy12,1,0.981,1.96,-1,-1,OOPS
falls/BowlingForFails-SubmissionShowApril2018_FailArmy12,7,1.96,4.99,-1,-1,OOPS
falls/BowlingForFails-SubmissionShowApril2018_FailArmy37,8,0.0,0.84,-1,-1,OOPS
falls/BowlingForFails-SubmissionShowApril2018_FailArmy37,1,0.84,1.87,-1,-1,OOPS
falls/BowlingForFails-SubmissionShowApril2018_FailArmy37,2,1.87,2.534,-1,-1,OOPS
falls/BowlingForFails-SubmissionShowApril2018_FailArmy37,7,2.534,4.938,-1,-1,OOPS
falls/BowlingForFails-SubmissionShowApril2018_FailArmy37,11,4.938,6.847,-1,-1,OOPS
falls/BowlingForFails-SubmissionShowApril2018_FailArmy37,7,6.847,7.407,-1,-1,OOPS
falls/BrainFreezeIsReal-FailsoftheMonthJune2017_FailArmy11,9,0.0,1.672,-1,-1,OOPS
falls/BrainFreezeIsReal-FailsoftheMonthJune2017_FailArmy11,0,1.672,2.811,-1,-1,OOPS
falls/BrainFreezeIsReal-FailsoftheMonthJune2017_FailArmy11,1,2.811,4.966,-1,-1,OOPS
falls/BrainFreezeIsReal-FailsoftheMonthJune2017_FailArmy11,2,4.966,8.02,-1,-1,OOPS
falls/BrainFreezeIsReal-FailsoftheMonthJune2017_FailArmy50,9,0.0,1.296,-1,-1,OOPS
falls/BrainFreezeIsReal-FailsoftheMonthJune2017_FailArmy50,1,1.296,3.578,-1,-1,OOPS
falls/BrainFreezeIsReal-FailsoftheMonthJune2017_FailArmy50,2,3.578,3.93727,-1,-1,OOPS
falls/BreakStuff-IHopeWeKepttheReceipt14,9,0.0,3.784,-1,-1,OOPS
falls/BreakStuff-IHopeWeKepttheReceipt14,1,3.784,6.89,-1,-1,OOPS
falls/BreakStuff-IHopeWeKepttheReceipt14,2,6.89,14.969,-1,-1,OOPS
falls/BreakYourself-FailsoftheWeekSeptember2017_FailArmy18,9,0.0,2.85,-1,-1,OOPS
falls/BreakYourself-FailsoftheWeekSeptember2017_FailArmy18,15,2.85,3.257,-1,-1,OOPS
falls/BreakYourself-FailsoftheWeekSeptember2017_FailArmy18,1,3.257,4.767,-1,-1,OOPS
falls/BreakYourself-FailsoftheWeekSeptember2017_FailArmy18,2,4.767,6.03501,-1,-1,OOPS
falls/BreakYourself-FailsoftheWeekSeptember2017_FailArmy19,0,0.0,2.853,-1,-1,OOPS
falls/BreakYourself-FailsoftheWeekSeptember2017_FailArmy19,1,2.853,4.686,-1,-1,OOPS
falls/BreakYourself-FailsoftheWeekSeptember2017_FailArmy19,2,4.686,6.165,-1,-1,OOPS
falls/BreakYourself-FailsoftheWeekSeptember2017_FailArmy19,7,6.165,8.836,-1,-1,OOPS
falls/BreakYourself-FailsoftheWeekSeptember2017_FailArmy19,12,8.836,9.035,-1,-1,OOPS
falls/BreakYourself-FailsoftheWeekSeptember2017_FailArmy19,9,9.035,12.622,-1,-1,OOPS
falls/BreakYourself-FailsoftheWeekSeptember2017_FailArmy19,1,12.622,14.181,-1,-1,OOPS
falls/BreakYourself-FailsoftheWeekSeptember2017_FailArmy19,9,14.181,17.4,-1,-1,OOPS
falls/BreakYourself-FailsoftheWeekSeptember2017_FailArmy21,0,0.0,1.545,-1,-1,OOPS
falls/BreakYourself-FailsoftheWeekSeptember2017_FailArmy21,1,1.545,2.454,-1,-1,OOPS
falls/BreakYourself-FailsoftheWeekSeptember2017_FailArmy21,2,2.454,3.14,-1,-1,OOPS
falls/BreakYourself-FailsoftheWeekSeptember2017_FailArmy21,7,3.14,6.24601,-1,-1,OOPS
falls/BreakYourself-FailsoftheWeekSeptember2017_FailArmy22,0,0.0,4.179,-1,-1,OOPS
falls/BreakYourself-FailsoftheWeekSeptember2017_FailArmy22,1,4.179,7.379,-1,-1,OOPS
falls/BreakYourself-FailsoftheWeekSeptember2017_FailArmy22,2,7.379,10.887,-1,-1,OOPS
falls/BreakYourself-FailsoftheWeekSeptember2017_FailArmy22,7,10.887,13.836,-1,-1,OOPS
falls/BreakYourself-FailsoftheWeekSeptember2017_FailArmy22,1,13.836,15.968,-1,-1,OOPS
falls/BreakYourself-FailsoftheWeekSeptember2017_FailArmy22,7,15.968,17.004,-1,-1,OOPS
falls/BreakYourself-FailsoftheWeekSeptember2017_FailArmy22,9,17.004,26.633,-1,-1,OOPS
falls/BreakYourself-FailsoftheWeekSeptember2017_FailArmy28,9,0.0,1.524,-1,-1,OOPS
falls/BreakYourself-FailsoftheWeekSeptember2017_FailArmy28,1,1.524,2.772,-1,-1,OOPS
falls/BreakYourself-FailsoftheWeekSeptember2017_FailArmy28,7,2.772,5.055,-1,-1,OOPS
falls/BreakYourself-FailsoftheWeekSeptember2017_FailArmy28,0,5.055,8.23333,-1,-1,OOPS
falls/BreakYourself-FailsoftheWeekSeptember2017_FailArmy35,4,0.0,1.753,-1,-1,OOPS
falls/BreakYourself-FailsoftheWeekSeptember2017_FailArmy35,9,1.753,6.368,-1,-1,OOPS
falls/BreakYourself-FailsoftheWeekSeptember2017_FailArmy35,1,6.368,8.533,-1,-1,OOPS
falls/BreakYourself-FailsoftheWeekSeptember2017_FailArmy35,9,8.533,9.36667,-1,-1,OOPS
falls/BreakYourself-FailsoftheWeekSeptember2017_FailArmy7,0,0.0,3.647,-1,-1,OOPS
falls/BreakYourself-FailsoftheWeekSeptember2017_FailArmy7,9,3.647,5.293,-1,-1,OOPS
falls/BreakYourself-FailsoftheWeekSeptember2017_FailArmy7,1,5.293,7.579,-1,-1,OOPS
falls/BreakYourself-FailsoftheWeekSeptember2017_FailArmy7,0,7.579,10.26,-1,-1,OOPS
falls/BreakYourself-FailsoftheWeekSeptember2017_FailArmy7,1,10.26,12.867,-1,-1,OOPS
falls/BrotherFails_BrosForLifeByFailArmy201614,9,0.0,0.797,-1,-1,OOPS
falls/BrotherFails_BrosForLifeByFailArmy201614,1,0.797,2.469,-1,-1,OOPS
falls/BrotherFails_BrosForLifeByFailArmy201614,7,2.469,4.192,-1,-1,OOPS
falls/BrotherFails_BrosForLifeByFailArmy201614,0,4.192,6.57324,-1,-1,OOPS
falls/BrotherFails_BrosForLifeByFailArmy201628,9,0.0,2.261,-1,-1,OOPS
falls/BrotherFails_BrosForLifeByFailArmy201628,0,2.261,2.912,-1,-1,OOPS
falls/BrotherFails_BrosForLifeByFailArmy201628,1,2.912,3.46,-1,-1,OOPS
falls/BrotherFails_BrosForLifeByFailArmy201628,2,3.46,7.39299,-1,-1,OOPS
falls/BrotherFails_BrosForLifeByFailArmy201638,9,0.0,7.1,-1,-1,OOPS
falls/BrotherFails_BrosForLifeByFailArmy201638,1,7.1,8.186,-1,-1,OOPS
falls/BrotherFails_BrosForLifeByFailArmy201638,2,8.186,13.159,-1,-1,OOPS
falls/BrotherFails_BrosForLifeByFailArmy201638,9,13.159,22.244,-1,-1,OOPS
falls/BrotherFails_BrosForLifeByFailArmy201638,1,22.244,24.249,-1,-1,OOPS
falls/BrotherFails_BrosForLifeByFailArmy201638,2,24.249,26.15949,-1,-1,OOPS
falls/BrotherFails_BrosForLifeByFailArmy201645,9,0.0,0.603,-1,-1,OOPS
falls/BrotherFails_BrosForLifeByFailArmy201645,15,0.603,4.279,-1,-1,OOPS
falls/BrotherFails_BrosForLifeByFailArmy201645,1,4.279,6.535,-1,-1,OOPS
falls/BrotherFails_BrosForLifeByFailArmy201645,9,6.535,10.147,-1,-1,OOPS
falls/BrotherFails_BrosForLifeByFailArmy20169,9,0.0,4.803,-1,-1,OOPS
falls/BrotherFails_BrosForLifeByFailArmy20169,1,4.803,5.916,-1,-1,OOPS
falls/BrotherFails_BrosForLifeByFailArmy20169,2,5.916,7.65494,-1,-1,OOPS
falls/CatsHatePlastic-BestFailsoftheWeek_FailArmy21,9,0.0,3.663,-1,-1,OOPS
falls/CatsHatePlastic-BestFailsoftheWeek_FailArmy21,1,3.663,4.872,-1,-1,OOPS
falls/CatsHatePlastic-BestFailsoftheWeek_FailArmy21,2,4.872,5.324,-1,-1,OOPS
falls/CatsHatePlastic-BestFailsoftheWeek_FailArmy21,7,5.324,7.175,-1,-1,OOPS
falls/CatsHatePlastic-BestFailsoftheWeek_FailArmy28,9,0.0,1.65,-1,-1,OOPS
falls/CatsHatePlastic-BestFailsoftheWeek_FailArmy28,15,1.65,2.305,-1,-1,OOPS
falls/CatsHatePlastic-BestFailsoftheWeek_FailArmy28,1,2.305,2.923,-1,-1,OOPS
falls/CatsHatePlastic-BestFailsoftheWeek_FailArmy28,0,2.923,3.41,-1,-1,OOPS
falls/CatsHatePlastic-BestFailsoftheWeek_FailArmy28,5,3.41,4.875,-1,-1,OOPS
falls/CatsHatePlastic-BestFailsoftheWeek_FailArmy28,6,4.875,6.50501,-1,-1,OOPS
falls/CatsHatePlastic-BestFailsoftheWeek_FailArmy31,8,0.0,3.609,-1,-1,OOPS
falls/CatsHatePlastic-BestFailsoftheWeek_FailArmy31,0,3.609,4.055,-1,-1,OOPS
falls/CatsHatePlastic-BestFailsoftheWeek_FailArmy31,9,4.055,4.621,-1,-1,OOPS
falls/CatsHatePlastic-BestFailsoftheWeek_FailArmy31,1,4.621,5.54,-1,-1,OOPS
falls/CatsHatePlastic-BestFailsoftheWeek_FailArmy31,7,5.54,10.527,-1,-1,OOPS
falls/CatsHatePlastic-BestFailsoftheWeek_FailArmy31,4,10.527,13.839,-1,-1,OOPS
falls/CatsHatePlastic-BestFailsoftheWeek_FailArmy36,0,0.0,0.973,-1,-1,OOPS
falls/CatsHatePlastic-BestFailsoftheWeek_FailArmy36,15,0.973,1.586,-1,-1,OOPS
falls/CatsHatePlastic-BestFailsoftheWeek_FailArmy36,0,1.586,3.427,-1,-1,OOPS
falls/CatsHatePlastic-BestFailsoftheWeek_FailArmy36,1,3.427,4.843,-1,-1,OOPS
falls/CatsHatePlastic-BestFailsoftheWeek_FailArmy36,2,4.843,7.55,-1,-1,OOPS
falls/CatsHatePlastic-BestFailsoftheWeek_FailArmy41,8,0.0,7.324,-1,-1,OOPS
falls/CatsHatePlastic-BestFailsoftheWeek_FailArmy41,0,7.324,14.37299,-1,-1,OOPS
falls/CatsHatePlastic-BestFailsoftheWeek_FailArmy45,7,0.0,2.537,-1,-1,OOPS
falls/CatsHatePlastic-BestFailsoftheWeek_FailArmy45,8,2.537,5.179,-1,-1,OOPS
falls/CatsHatePlastic-BestFailsoftheWeek_FailArmy45,0,5.179,6.866,-1,-1,OOPS
falls/CatsHatePlastic-BestFailsoftheWeek_FailArmy45,1,6.866,8.907,-1,-1,OOPS
falls/CatsHatePlastic-BestFailsoftheWeek_FailArmy45,2,8.907,12.73333,-1,-1,OOPS
falls/CaughtSlippin-FailsoftheWeekFebruary2019_FailArmy0,0,0.0,0.473,-1,-1,OOPS
falls/CaughtSlippin-FailsoftheWeekFebruary2019_FailArmy0,1,0.473,4.94,-1,-1,OOPS
falls/CaughtSlippin-FailsoftheWeekFebruary2019_FailArmy0,7,4.94,6.58,-1,-1,OOPS
falls/CaughtSlippin-FailsoftheWeekFebruary2019_FailArmy0,0,6.58,13.894,-1,-1,OOPS
falls/CaughtSlippin-FailsoftheWeekFebruary2019_FailArmy0,9,13.894,15.708,-1,-1,OOPS
falls/CaughtSlippin-FailsoftheWeekFebruary2019_FailArmy0,8,15.708,17.973,-1,-1,OOPS
falls/CaughtSlippin-FailsoftheWeekFebruary2019_FailArmy12,7,0.0,6.433,-1,-1,OOPS
falls/CaughtSlippin-FailsoftheWeekFebruary2019_FailArmy12,8,6.433,12.182,-1,-1,OOPS
falls/CaughtSlippin-FailsoftheWeekFebruary2019_FailArmy12,1,12.182,13.938,-1,-1,OOPS
falls/CaughtSlippin-FailsoftheWeekFebruary2019_FailArmy12,2,13.938,14.46,-1,-1,OOPS
falls/CaughtSlippin-FailsoftheWeekFebruary2019_FailArmy12,7,14.46,17.13701,-1,-1,OOPS
falls/CaughtSlippin-FailsoftheWeekFebruary2019_FailArmy14,0,0.0,1.675,-1,-1,OOPS
falls/CaughtSlippin-FailsoftheWeekFebruary2019_FailArmy14,1,1.675,3.103,-1,-1,OOPS
falls/CaughtSlippin-FailsoftheWeekFebruary2019_FailArmy14,9,3.103,4.513,-1,-1,OOPS
falls/CaughtSlippin-FailsoftheWeekFebruary2019_FailArmy14,9,4.513,5.25,-1,-1,OOPS
falls/CaughtSlippin-FailsoftheWeekFebruary2019_FailArmy14,1,5.25,6.958,-1,-1,OOPS
falls/CaughtSlippin-FailsoftheWeekFebruary2019_FailArmy14,7,6.958,8.344,-1,-1,OOPS
falls/CaughtSlippin-FailsoftheWeekFebruary2019_FailArmy14,8,8.344,8.753,-1,-1,OOPS
falls/CaughtSlippin-FailsoftheWeekFebruary2019_FailArmy14,4,8.753,14.522,-1,-1,OOPS
falls/CaughtSlippin-FailsoftheWeekFebruary2019_FailArmy14,9,14.522,16.37,-1,-1,OOPS
falls/CaughtSlippin-FailsoftheWeekFebruary2019_FailArmy14,1,16.37,18.117,-1,-1,OOPS
falls/CaughtSlippin-FailsoftheWeekFebruary2019_FailArmy14,2,18.117,20.456,-1,-1,OOPS
falls/CaughtSlippin-FailsoftheWeekFebruary2019_FailArmy23,9,0.0,2.021,-1,-1,OOPS
falls/CaughtSlippin-FailsoftheWeekFebruary2019_FailArmy23,1,2.021,3.989,-1,-1,OOPS
falls/CaughtSlippin-FailsoftheWeekFebruary2019_FailArmy23,2,3.989,6.379,-1,-1,OOPS
falls/CaughtSlippin-FailsoftheWeekFebruary2019_FailArmy23,9,6.379,9.506,-1,-1,OOPS
falls/CaughtSlippin-FailsoftheWeekFebruary2019_FailArmy23,15,9.506,10.241,-1,-1,OOPS
falls/CaughtSlippin-FailsoftheWeekFebruary2019_FailArmy23,9,10.241,10.839,-1,-1,OOPS
falls/CaughtSlippin-FailsoftheWeekFebruary2019_FailArmy23,15,10.839,11.126,-1,-1,OOPS
falls/CaughtSlippin-FailsoftheWeekFebruary2019_FailArmy23,9,11.126,11.701,-1,-1,OOPS
falls/CaughtSlippin-FailsoftheWeekFebruary2019_FailArmy23,1,11.701,12.769,-1,-1,OOPS
falls/CaughtSlippin-FailsoftheWeekFebruary2019_FailArmy23,9,12.769,14.42,-1,-1,OOPS
falls/ChristmasFailsDecember2016_FailArmy12,0,0.0,2.543,-1,-1,OOPS
falls/ChristmasFailsDecember2016_FailArmy12,1,2.543,5.14,-1,-1,OOPS
falls/ChristmasFailsDecember2016_FailArmy12,2,5.14,6.645,-1,-1,OOPS
falls/ChristmasFailsDecember2016_FailArmy12,7,6.645,9.849,-1,-1,OOPS
falls/ClassicRedneckWaterslide-ThrowbackFailsJuly201712,9,0.0,4.478,-1,-1,OOPS
falls/ClassicRedneckWaterslide-ThrowbackFailsJuly201712,1,4.478,6.303,-1,-1,OOPS
falls/ClassicRedneckWaterslide-ThrowbackFailsJuly201712,2,6.303,7.387,-1,-1,OOPS
falls/ClassicRedneckWaterslide-ThrowbackFailsJuly201712,0,7.387,10.767,-1,-1,OOPS
falls/ClassicRedneckWaterslide-ThrowbackFailsJuly201712,8,10.767,17.79,-1,-1,OOPS
falls/ClassicRedneckWaterslide-ThrowbackFailsJuly201739,0,0.0,1.143,-1,-1,OOPS
falls/ClassicRedneckWaterslide-ThrowbackFailsJuly201739,1,1.143,2.376,-1,-1,OOPS
falls/ClassicRedneckWaterslide-ThrowbackFailsJuly201739,2,2.376,2.855,-1,-1,OOPS
falls/ClassicRedneckWaterslide-ThrowbackFailsJuly201739,7,2.855,4.18,-1,-1,OOPS
falls/ClassicRedneckWaterslide-ThrowbackFailsJuly201739,11,4.18,5.809,-1,-1,OOPS
falls/ClassicRedneckWaterslide-ThrowbackFailsJuly201739,9,5.809,9.273,-1,-1,OOPS
falls/ClassicRedneckWaterslide-ThrowbackFailsJuly201739,4,9.273,10.712,-1,-1,OOPS
falls/ClassicRedneckWaterslide-ThrowbackFailsJuly201739,7,10.712,12.208,-1,-1,OOPS
falls/ClassicRedneckWaterslide-ThrowbackFailsJuly201739,0,12.208,14.25701,-1,-1,OOPS
falls/ClassicRedneckWaterslide-ThrowbackFailsJuly201740,9,0.0,1.659,-1,-1,OOPS
falls/ClassicRedneckWaterslide-ThrowbackFailsJuly201740,15,1.659,2.333,-1,-1,OOPS
falls/ClassicRedneckWaterslide-ThrowbackFailsJuly201740,1,2.333,3.95,-1,-1,OOPS
falls/ClassicRedneckWaterslide-ThrowbackFailsJuly201740,2,3.95,9.48,-1,-1,OOPS
falls/ClassicRedneckWaterslide-ThrowbackFailsJuly201740,9,9.48,16.871,-1,-1,OOPS
falls/ClassicRedneckWaterslide-ThrowbackFailsJuly201740,1,16.871,19.329,-1,-1,OOPS
falls/ClassicRedneckWaterslide-ThrowbackFailsJuly201740,2,19.329,20.707,-1,-1,OOPS
falls/ClassicRedneckWaterslide-ThrowbackFailsJuly201740,7,20.707,23.357,-1,-1,OOPS
falls/ClassicRedneckWaterslide-ThrowbackFailsJuly201741,7,0.0,8.055,-1,-1,OOPS
falls/ClassicRedneckWaterslide-ThrowbackFailsJuly201741,1,8.055,9.604,-1,-1,OOPS
falls/ClassicRedneckWaterslide-ThrowbackFailsJuly201741,2,9.604,12.149,-1,-1,OOPS
falls/ClassicRedneckWaterslide-ThrowbackFailsJuly201741,9,12.149,15.022,-1,-1,OOPS
falls/ClassicRedneckWaterslide-ThrowbackFailsJuly201741,9,15.022,21.626,-1,-1,OOPS
falls/ClassicRedneckWaterslide-ThrowbackFailsJuly201741,1,21.626,23.232,-1,-1,OOPS
falls/ClassicRedneckWaterslide-ThrowbackFailsJuly201741,2,23.232,26.239,-1,-1,OOPS
falls/ClassicRedneckWaterslide-ThrowbackFailsJuly201741,9,26.239,29.399,-1,-1,OOPS
falls/ClassicRedneckWaterslide-ThrowbackFailsJuly201741,1,29.399,30.973,-1,-1,OOPS
falls/ClassicRedneckWaterslide-ThrowbackFailsJuly201741,7,30.973,35.102,-1,-1,OOPS
falls/ClassicRedneckWaterslide-ThrowbackFailsJuly201743,9,0.0,5.583,-1,-1,OOPS
falls/ClassicRedneckWaterslide-ThrowbackFailsJuly201743,1,5.583,6.90691,-1,-1,OOPS
falls/ClassicRedneckWaterslide-ThrowbackFailsJuly201750,8,0.0,1.83,-1,-1,OOPS
falls/ClassicRedneckWaterslide-ThrowbackFailsJuly201750,3,1.83,2.931,-1,-1,OOPS
falls/ClassicRedneckWaterslide-ThrowbackFailsJuly201750,4,2.931,5.257,-1,-1,OOPS
falls/ClassicRedneckWaterslide-ThrowbackFailsJuly201750,1,5.257,6.963,-1,-1,OOPS
falls/ClassicRedneckWaterslide-ThrowbackFailsJuly201750,2,6.963,13.61361,-1,-1,OOPS
falls/ClassicRedneckWaterslide-ThrowbackFailsJuly201766,9,0.0,7.187,-1,-1,OOPS
falls/ClassicRedneckWaterslide-ThrowbackFailsJuly201766,0,7.187,7.815,-1,-1,OOPS
falls/ClassicRedneckWaterslide-ThrowbackFailsJuly201766,1,7.815,10.327,-1,-1,OOPS
falls/ClassicRedneckWaterslide-ThrowbackFailsJuly201766,4,10.327,12.961,-1,-1,OOPS
falls/ClassicRedneckWaterslide-ThrowbackFailsJuly201766,9,12.961,14.049,-1,-1,OOPS
falls/ClassicRedneckWaterslide-ThrowbackFailsJuly201766,0,14.049,14.69,-1,-1,OOPS
falls/ClassicRedneckWaterslide-ThrowbackFailsJuly201766,9,14.69,22.99,-1,-1,OOPS
falls/ClassicbailsandThrowbackFailsJune2017_FailArmy21,8,0.0,0.839,-1,-1,OOPS
falls/ClassicbailsandThrowbackFailsJune2017_FailArmy21,0,0.839,2.425,-1,-1,OOPS
falls/ClassicbailsandThrowbackFailsJune2017_FailArmy21,15,2.425,2.612,-1,-1,OOPS
falls/ClassicbailsandThrowbackFailsJune2017_FailArmy21,1,2.612,4.17,-1,-1,OOPS
falls/ClassicbailsandThrowbackFailsJune2017_FailArmy21,9,4.17,11.181,-1,-1,OOPS
falls/ClassicbailsandThrowbackFailsJune2017_FailArmy26,6,0.0,0.25,-1,-1,OOPS
falls/ClassicbailsandThrowbackFailsJune2017_FailArmy26,9,0.25,2.907,-1,-1,OOPS
falls/ClassicbailsandThrowbackFailsJune2017_FailArmy26,1,2.907,5.622,-1,-1,OOPS
falls/ClassicbailsandThrowbackFailsJune2017_FailArmy26,2,5.622,6.643,-1,-1,OOPS
falls/ClassicbailsandThrowbackFailsJune2017_FailArmy26,9,6.643,10.45,-1,-1,OOPS
falls/ClassicbailsandThrowbackFailsJune2017_FailArmy26,1,10.45,12.76,-1,-1,OOPS
falls/ClassicbailsandThrowbackFailsJune2017_FailArmy26,2,12.76,14.461,-1,-1,OOPS
falls/ClassicbailsandThrowbackFailsJune2017_FailArmy26,7,14.461,16.013,-1,-1,OOPS
falls/ClassicbailsandThrowbackFailsJune2017_FailArmy32,15,0.0,0.917,-1,-1,OOPS
falls/ClassicbailsandThrowbackFailsJune2017_FailArmy32,15,0.917,2.081,-1,-1,OOPS
falls/ClassicbailsandThrowbackFailsJune2017_FailArmy32,9,2.081,3.172,-1,-1,OOPS
falls/ClassicbailsandThrowbackFailsJune2017_FailArmy32,1,3.172,4.94585,-1,-1,OOPS
falls/ClassicbailsandThrowbackFailsJune2017_FailArmy4,15,0.0,1.382,-1,-1,OOPS
falls/ClassicbailsandThrowbackFailsJune2017_FailArmy4,1,1.382,2.268,-1,-1,OOPS
falls/ClassicbailsandThrowbackFailsJune2017_FailArmy4,9,2.268,5.87399,-1,-1,OOPS
falls/ClassicbailsandThrowbackFailsJune2017_FailArmy41,0,0.0,1.646,-1,-1,OOPS
falls/ClassicbailsandThrowbackFailsJune2017_FailArmy41,1,1.646,2.655,-1,-1,OOPS
falls/ClassicbailsandThrowbackFailsJune2017_FailArmy41,2,2.655,3.705,-1,-1,OOPS
falls/ClassicbailsandThrowbackFailsJune2017_FailArmy41,7,3.705,5.30392,-1,-1,OOPS
falls/ClassicbailsandThrowbackFailsJune2017_FailArmy46,9,0.0,11.729,-1,-1,OOPS
falls/ClassicbailsandThrowbackFailsJune2017_FailArmy46,8,11.729,20.131,-1,-1,OOPS
falls/ClassicbailsandThrowbackFailsJune2017_FailArmy52,8,0.0,1.431,-1,-1,OOPS
falls/ClassicbailsandThrowbackFailsJune2017_FailArmy52,9,1.431,5.346,-1,-1,OOPS
falls/ClassicbailsandThrowbackFailsJune2017_FailArmy52,8,5.346,9.241,-1,-1,OOPS
falls/ClassicbailsandThrowbackFailsJune2017_FailArmy67,4,0.0,2.301,-1,-1,OOPS
falls/ClassicbailsandThrowbackFailsJune2017_FailArmy67,1,2.301,3.631,-1,-1,OOPS
falls/ClassicbailsandThrowbackFailsJune2017_FailArmy67,7,3.631,6.061,-1,-1,OOPS
falls/ClassicbailsandThrowbackFailsJune2017_FailArmy80,8,0.0,3.307,-1,-1,OOPS
falls/ClassicbailsandThrowbackFailsJune2017_FailArmy80,1,3.307,4.788,-1,-1,OOPS
falls/ClassicbailsandThrowbackFailsJune2017_FailArmy80,9,4.788,6.343,-1,-1,OOPS
falls/ClassicbailsandThrowbackFailsJune2017_FailArmy80,2,6.343,8.9658,-1,-1,OOPS
falls/ClassicbailsandThrowbackFailsJune2017_FailArmy88,9,0.0,0.629,-1,-1,OOPS
falls/ClassicbailsandThrowbackFailsJune2017_FailArmy88,0,0.629,2.789,-1,-1,OOPS
falls/ClassicbailsandThrowbackFailsJune2017_FailArmy88,1,2.789,3.704,-1,-1,OOPS
falls/ClassicbailsandThrowbackFailsJune2017_FailArmy88,8,3.704,4.555,-1,-1,OOPS
falls/ClassicbailsandThrowbackFailsJune2017_FailArmy88,9,4.555,6.682,-1,-1,OOPS
falls/ClassicbailsandThrowbackFailsJune2017_FailArmy88,8,6.682,10.18882,-1,-1,OOPS
falls/ClassicbailsandThrowbackFailsJune2017_FailArmy92,8,0.0,2.154,-1,-1,OOPS
falls/ClassicbailsandThrowbackFailsJune2017_FailArmy92,15,2.154,3.248,-1,-1,OOPS
falls/ClassicbailsandThrowbackFailsJune2017_FailArmy92,1,3.248,4.346,-1,-1,OOPS
falls/ClassicbailsandThrowbackFailsJune2017_FailArmy92,9,4.346,8.508,-1,-1,OOPS
falls/ClassicbailsandThrowbackFailsJune2017_FailArmy92,9,8.508,9.052,-1,-1,OOPS
falls/ClassicbailsandThrowbackFailsJune2017_FailArmy92,15,9.052,10.301,-1,-1,OOPS
falls/ClassicbailsandThrowbackFailsJune2017_FailArmy92,1,10.301,11.567,-1,-1,OOPS
falls/ClassicbailsandThrowbackFailsJune2017_FailArmy92,7,11.567,13.006,-1,-1,OOPS
falls/ClassicbailsandThrowbackFailsJune2017_FailArmy92,0,13.006,15.518,-1,-1,OOPS
falls/ClassicbailsandThrowbackFailsJune2017_FailArmy99,8,0.0,4.865,-1,-1,OOPS
falls/ClassicbailsandThrowbackFailsJune2017_FailArmy99,9,4.865,5.907,-1,-1,OOPS
falls/ClassicbailsandThrowbackFailsJune2017_FailArmy99,1,5.907,7.446,-1,-1,OOPS
falls/ClassicbailsandThrowbackFailsJune2017_FailArmy99,2,7.446,8.934,-1,-1,OOPS
falls/ClassicbailsandThrowbackFailsJune2017_FailArmy99,9,8.934,10.55,-1,-1,OOPS
falls/ConfidenceisKey-FailsoftheWeekDecember2016_FailArmy10,8,0.0,1.28,-1,-1,OOPS
falls/ConfidenceisKey-FailsoftheWeekDecember2016_FailArmy10,15,1.28,2.086,-1,-1,OOPS
falls/ConfidenceisKey-FailsoftheWeekDecember2016_FailArmy10,1,2.086,3.153,-1,-1,OOPS
falls/ConfidenceisKey-FailsoftheWeekDecember2016_FailArmy10,7,3.153,5.93927,-1,-1,OOPS
falls/ConfidenceisKey-FailsoftheWeekDecember2016_FailArmy3,9,0.0,1.111,-1,-1,OOPS
falls/ConfidenceisKey-FailsoftheWeekDecember2016_FailArmy3,15,1.111,2.058,-1,-1,OOPS
falls/ConfidenceisKey-FailsoftheWeekDecember2016_FailArmy3,1,2.058,3.68399,-1,-1,OOPS
falls/ConfidenceisKey-FailsoftheWeekDecember2016_FailArmy30,15,0.0,0.618,-1,-1,OOPS
falls/ConfidenceisKey-FailsoftheWeekDecember2016_FailArmy30,1,0.618,2.208,-1,-1,OOPS
falls/ConfidenceisKey-FailsoftheWeekDecember2016_FailArmy30,9,2.208,3.53687,-1,-1,OOPS
falls/ConfidenceisKey-FailsoftheWeekDecember2016_FailArmy4,9,0.0,2.946,-1,-1,OOPS
falls/ConfidenceisKey-FailsoftheWeekDecember2016_FailArmy4,1,2.946,4.565,-1,-1,OOPS
falls/ConfidenceisKey-FailsoftheWeekDecember2016_FailArmy4,2,4.565,5.278,-1,-1,OOPS
falls/ConfidenceisKey-FailsoftheWeekDecember2016_FailArmy45,8,0.0,3.798,-1,-1,OOPS
falls/ConfidenceisKey-FailsoftheWeekDecember2016_FailArmy45,0,3.798,5.313,-1,-1,OOPS
falls/ConfidenceisKey-FailsoftheWeekDecember2016_FailArmy45,8,5.313,7.994,-1,-1,OOPS
falls/CrackThatWhip-ThrowbackFailsJuly201716,8,0.0,1.46,-1,-1,OOPS
falls/CrackThatWhip-ThrowbackFailsJuly201716,9,1.46,3.718,-1,-1,OOPS
falls/CrackThatWhip-ThrowbackFailsJuly201716,8,3.718,5.37204,-1,-1,OOPS
falls/CrackThatWhip-ThrowbackFailsJuly201722,9,0.0,0.555,-1,-1,OOPS
falls/CrackThatWhip-ThrowbackFailsJuly201722,0,0.555,2.03,-1,-1,OOPS
falls/CrackThatWhip-ThrowbackFailsJuly201722,8,2.03,4.449,-1,-1,OOPS
falls/CrackThatWhip-ThrowbackFailsJuly201722,9,4.449,5.375,-1,-1,OOPS
falls/CrackThatWhip-ThrowbackFailsJuly201722,1,5.375,5.939,-1,-1,OOPS
falls/CrackThatWhip-ThrowbackFailsJuly201722,9,5.939,7.91601,-1,-1,OOPS
falls/CrackThatWhip-ThrowbackFailsJuly201723,9,0.0,8.976,-1,-1,OOPS
falls/CrackThatWhip-ThrowbackFailsJuly201723,1,8.976,10.603,-1,-1,OOPS
falls/CrackThatWhip-ThrowbackFailsJuly201723,2,10.603,15.74299,-1,-1,OOPS
falls/CrackThatWhip-ThrowbackFailsJuly201726,9,0.0,1.511,-1,-1,OOPS
falls/CrackThatWhip-ThrowbackFailsJuly201726,0,1.511,2.165,-1,-1,OOPS
falls/CrackThatWhip-ThrowbackFailsJuly201726,1,2.165,3.308,-1,-1,OOPS
falls/CrackThatWhip-ThrowbackFailsJuly201726,2,3.308,7.991,-1,-1,OOPS
falls/CrackThatWhip-ThrowbackFailsJuly201726,7,7.991,11.087,-1,-1,OOPS
falls/CrackThatWhip-ThrowbackFailsJuly201726,11,11.087,12.01701,-1,-1,OOPS
falls/CrackThatWhip-ThrowbackFailsJuly201738,9,0.0,4.06,-1,-1,OOPS
falls/CrackThatWhip-ThrowbackFailsJuly201738,1,4.06,7.187,-1,-1,OOPS
falls/CrackThatWhip-ThrowbackFailsJuly201738,7,7.187,8.93494,-1,-1,OOPS
falls/CrackThatWhip-ThrowbackFailsJuly201766,8,0.0,2.197,-1,-1,OOPS
falls/CrackThatWhip-ThrowbackFailsJuly201766,15,2.197,2.457,-1,-1,OOPS
falls/CrackThatWhip-ThrowbackFailsJuly201766,1,2.457,4.008,-1,-1,OOPS
falls/CrackThatWhip-ThrowbackFailsJuly201766,9,4.008,11.486,-1,-1,OOPS
falls/CrackThatWhip-ThrowbackFailsJuly201766,9,11.486,11.96,-1,-1,OOPS
falls/CrackThatWhip-ThrowbackFailsJuly201766,15,11.96,12.769,-1,-1,OOPS
falls/CrackThatWhip-ThrowbackFailsJuly201766,1,12.769,14.214,-1,-1,OOPS
falls/CrackThatWhip-ThrowbackFailsJuly201793,4,0.0,6.234,-1,-1,OOPS
falls/CrackThatWhip-ThrowbackFailsJuly201793,1,6.234,7.007,-1,-1,OOPS
falls/DamagedGoods_FunnyFailsandBrokenThingsbyFailArmy0,9,0.0,4.101,-1,-1,OOPS
falls/DamagedGoods_FunnyFailsandBrokenThingsbyFailArmy0,8,4.101,6.677,-1,-1,OOPS
falls/DamagedGoods_FunnyFailsandBrokenThingsbyFailArmy0,9,6.677,9.264,-1,-1,OOPS
falls/DesertFails-TheSandsofFailureNovember2018_FailArmy36,9,0.0,6.383,-1,-1,OOPS
falls/DesertFails-TheSandsofFailureNovember2018_FailArmy36,1,6.383,8.753,-1,-1,OOPS
falls/DesertFails-TheSandsofFailureNovember2018_FailArmy36,4,8.753,9.30931,-1,-1,OOPS
falls/DesertFails-TheSandsofFailureNovember2018_FailArmy38,8,0.0,19.151,-1,-1,OOPS
falls/DesertFails-TheSandsofFailureNovember2018_FailArmy38,1,19.151,20.75409,-1,-1,OOPS
falls/DesertFails-TheSandsofFailureNovember2018_FailArmy42,0,0.0,5.559,-1,-1,OOPS
falls/DesertFails-TheSandsofFailureNovember2018_FailArmy42,1,5.559,7.358,-1,-1,OOPS
falls/DesertFails-TheSandsofFailureNovember2018_FailArmy42,2,7.358,11.97865,-1,-1,OOPS
falls/DidntMakeTheTeam-BetterlucknexttimeSeptember2017_FailArmy13,0,0.0,1.651,-1,-1,OOPS
falls/DidntMakeTheTeam-BetterlucknexttimeSeptember2017_FailArmy13,1,1.651,3.342,-1,-1,OOPS
falls/DidntMakeTheTeam-BetterlucknexttimeSeptember2017_FailArmy13,7,3.342,3.909,-1,-1,OOPS
falls/DidntMakeTheTeam-BetterlucknexttimeSeptember2017_FailArmy13,0,3.909,6.50651,-1,-1,OOPS
falls/DidntMakeTheTeam-BetterlucknexttimeSeptember2017_FailArmy21,8,0.0,1.29,-1,-1,OOPS
falls/DidntMakeTheTeam-BetterlucknexttimeSeptember2017_FailArmy21,1,1.29,2.227,-1,-1,OOPS
falls/DidntMakeTheTeam-BetterlucknexttimeSeptember2017_FailArmy21,2,2.227,5.82601,-1,-1,OOPS
falls/DidntMakeTheTeam-BetterlucknexttimeSeptember2017_FailArmy25,9,0.0,0.265,-1,-1,OOPS
falls/DidntMakeTheTeam-BetterlucknexttimeSeptember2017_FailArmy25,7,0.265,0.954,-1,-1,OOPS
falls/DidntMakeTheTeam-BetterlucknexttimeSeptember2017_FailArmy25,0,0.954,1.598,-1,-1,OOPS
falls/DidntMakeTheTeam-BetterlucknexttimeSeptember2017_FailArmy25,15,1.598,2.22,-1,-1,OOPS
falls/DidntMakeTheTeam-BetterlucknexttimeSeptember2017_FailArmy25,1,2.22,3.744,-1,-1,OOPS
falls/DidntMakeTheTeam-BetterlucknexttimeSeptember2017_FailArmy25,7,3.744,5.826,-1,-1,OOPS
falls/DidntMakeTheTeam-BetterlucknexttimeSeptember2017_FailArmy25,9,5.826,6.37304,-1,-1,OOPS
falls/DidntMakeTheTeam-BetterlucknexttimeSeptember2017_FailArmy28,8,0.0,3.118,-1,-1,OOPS
falls/DidntMakeTheTeam-BetterlucknexttimeSeptember2017_FailArmy28,15,3.118,3.732,-1,-1,OOPS
falls/DidntMakeTheTeam-BetterlucknexttimeSeptember2017_FailArmy28,9,3.732,4.126,-1,-1,OOPS
falls/DidntMakeTheTeam-BetterlucknexttimeSeptember2017_FailArmy28,1,4.126,5.441,-1,-1,OOPS
falls/DidntMakeTheTeam-BetterlucknexttimeSeptember2017_FailArmy28,2,5.441,6.515,-1,-1,OOPS
falls/DidntMakeTheTeam-BetterlucknexttimeSeptember2017_FailArmy28,7,6.515,8.176,-1,-1,OOPS
falls/DidntMakeTheTeam-BetterlucknexttimeSeptember2017_FailArmy28,9,8.176,9.901,-1,-1,OOPS
falls/DidntMakeTheTeam-BetterlucknexttimeSeptember2017_FailArmy32,8,0.0,3.105,-1,-1,OOPS
falls/DidntMakeTheTeam-BetterlucknexttimeSeptember2017_FailArmy32,1,3.105,5.011,-1,-1,OOPS
falls/DidntMakeTheTeam-BetterlucknexttimeSeptember2017_FailArmy32,9,5.011,7.871,-1,-1,OOPS
falls/DidntMakeTheTeam-BetterlucknexttimeSeptember2017_FailArmy41,0,0.0,2.597,-1,-1,OOPS
falls/DidntMakeTheTeam-BetterlucknexttimeSeptember2017_FailArmy41,15,2.597,2.895,-1,-1,OOPS
falls/DidntMakeTheTeam-BetterlucknexttimeSeptember2017_FailArmy41,1,2.895,4.323,-1,-1,OOPS
falls/DidntMakeTheTeam-BetterlucknexttimeSeptember2017_FailArmy41,7,4.323,5.078,-1,-1,OOPS
falls/DidntMakeTheTeam-BetterlucknexttimeSeptember2017_FailArmy41,0,5.078,8.60861,-1,-1,OOPS
falls/DidntMakeTheTeam-BetterlucknexttimeSeptember2017_FailArmy45,0,0.0,0.681,-1,-1,OOPS
falls/DidntMakeTheTeam-BetterlucknexttimeSeptember2017_FailArmy45,1,0.681,2.693,-1,-1,OOPS
falls/DidntMakeTheTeam-BetterlucknexttimeSeptember2017_FailArmy45,2,2.693,3.177,-1,-1,OOPS
falls/DidntMakeTheTeam-BetterlucknexttimeSeptember2017_FailArmy45,7,3.177,4.069,-1,-1,OOPS
falls/DidntMakeTheTeam-BetterlucknexttimeSeptember2017_FailArmy45,4,4.069,8.151,-1,-1,OOPS
falls/DidntMakeTheTeam-BetterlucknexttimeSeptember2017_FailArmy5,0,0.0,1.059,-1,-1,OOPS
falls/DidntMakeTheTeam-BetterlucknexttimeSeptember2017_FailArmy5,9,1.059,2.749,-1,-1,OOPS
falls/DidntMakeTheTeam-BetterlucknexttimeSeptember2017_FailArmy5,0,2.749,3.444,-1,-1,OOPS
falls/DidntMakeTheTeam-BetterlucknexttimeSeptember2017_FailArmy5,8,3.444,3.883,-1,-1,OOPS
falls/DidntMakeTheTeam-BetterlucknexttimeSeptember2017_FailArmy5,1,3.883,5.442,-1,-1,OOPS
falls/DidntMakeTheTeam-BetterlucknexttimeSeptember2017_FailArmy5,2,5.442,8.26601,-1,-1,OOPS
falls/DidntMakeTheTeam-BetterlucknexttimeSeptember2017_FailArmy8,9,0.0,1.811,-1,-1,OOPS
falls/DidntMakeTheTeam-BetterlucknexttimeSeptember2017_FailArmy8,8,1.811,2.358,-1,-1,OOPS
falls/DidntMakeTheTeam-BetterlucknexttimeSeptember2017_FailArmy8,0,2.358,3.802,-1,-1,OOPS
falls/DidntMakeTheTeam-BetterlucknexttimeSeptember2017_FailArmy8,1,3.802,6.357,-1,-1,OOPS
falls/DidntMakeTheTeam-BetterlucknexttimeSeptember2017_FailArmy8,2,6.357,7.177,-1,-1,OOPS
falls/DidntMakeTheTeam-BetterlucknexttimeSeptember2017_FailArmy8,4,7.177,9.22199,-1,-1,OOPS
falls/DoggoneIt-FailsYouMissed23December2017_FailArmy16,0,0.0,2.186,-1,-1,OOPS
falls/DoggoneIt-FailsYouMissed23December2017_FailArmy16,1,2.186,4.787,-1,-1,OOPS
falls/DoggoneIt-FailsYouMissed23December2017_FailArmy16,2,4.787,6.224,-1,-1,OOPS
falls/DoggoneIt-FailsYouMissed23December2017_FailArmy16,9,6.224,7.47,-1,-1,OOPS
falls/DoggoneIt-FailsYouMissed23December2017_FailArmy16,1,7.47,10.659,-1,-1,OOPS
falls/DoggoneIt-FailsYouMissed23December2017_FailArmy3,0,0.0,1.837,-1,-1,OOPS
falls/DoggoneIt-FailsYouMissed23December2017_FailArmy3,1,1.837,2.861,-1,-1,OOPS
falls/DoggoneIt-FailsYouMissed23December2017_FailArmy3,2,2.861,3.81494,-1,-1,OOPS
falls/DoggoneIt-FailsYouMissed23December2017_FailArmy39,9,0.0,1.724,-1,-1,OOPS
falls/DoggoneIt-FailsYouMissed23December2017_FailArmy39,1,1.724,2.979,-1,-1,OOPS
falls/DoggoneIt-FailsYouMissed23December2017_FailArmy39,2,2.979,5.7965,-1,-1,OOPS
falls/DoggoneIt-FailsYouMissed23December2017_FailArmy44,0,0.0,1.082,-1,-1,OOPS
falls/DoggoneIt-FailsYouMissed23December2017_FailArmy44,8,1.082,12.316,-1,-1,OOPS
falls/DoggoneIt-FailsYouMissed23December2017_FailArmy44,1,12.316,14.689,-1,-1,OOPS
falls/DoggoneIt-FailsYouMissed23December2017_FailArmy44,7,14.689,19.272,-1,-1,OOPS
falls/DontBeSuchaBaby-KidFailsSeptember2018_FailArmy10,0,0.0,6.154,-1,-1,OOPS
falls/DontBeSuchaBaby-KidFailsSeptember2018_FailArmy10,8,6.154,7.312,-1,-1,OOPS
falls/DontBeSuchaBaby-KidFailsSeptember2018_FailArmy10,0,7.312,10.017,-1,-1,OOPS
falls/DontBeSuchaBaby-KidFailsSeptember2018_FailArmy10,1,10.017,10.447,-1,-1,OOPS
falls/DontBeSuchaBaby-KidFailsSeptember2018_FailArmy10,9,10.447,10.89,-1,-1,OOPS
falls/DontBeSuchaBaby-KidFailsSeptember2018_FailArmy13,9,0.0,3.693,-1,-1,OOPS
falls/DontBeSuchaBaby-KidFailsSeptember2018_FailArmy13,4,3.693,5.028,-1,-1,OOPS
falls/DontBeSuchaBaby-KidFailsSeptember2018_FailArmy13,1,5.028,6.425,-1,-1,OOPS
falls/DontBeSuchaBaby-KidFailsSeptember2018_FailArmy13,2,6.425,7.287,-1,-1,OOPS
falls/DontBeSuchaBaby-KidFailsSeptember2018_FailArmy13,0,7.287,9.707,-1,-1,OOPS
falls/DontBeSuchaBaby-KidFailsSeptember2018_FailArmy13,1,9.707,10.806,-1,-1,OOPS
falls/DontBeSuchaBaby-KidFailsSeptember2018_FailArmy13,7,10.806,12.58501,-1,-1,OOPS
falls/DontBeSuchaBaby-KidFailsSeptember2018_FailArmy20,8,0.0,1.573,-1,-1,OOPS
falls/DontBeSuchaBaby-KidFailsSeptember2018_FailArmy20,15,1.573,1.783,-1,-1,OOPS
falls/DontBeSuchaBaby-KidFailsSeptember2018_FailArmy20,1,1.783,2.508,-1,-1,OOPS
falls/DontBeSuchaBaby-KidFailsSeptember2018_FailArmy20,2,2.508,4.004,-1,-1,OOPS
falls/DontBeSuchaBaby-KidFailsSeptember2018_FailArmy21,8,0.0,1.924,-1,-1,OOPS
falls/DontBeSuchaBaby-KidFailsSeptember2018_FailArmy21,0,1.924,5.14,-1,-1,OOPS
falls/DontBeSuchaBaby-KidFailsSeptember2018_FailArmy21,8,5.14,8.414,-1,-1,OOPS
falls/DontBeSuchaBaby-KidFailsSeptember2018_FailArmy21,0,8.414,9.792,-1,-1,OOPS
falls/DontBeSuchaBaby-KidFailsSeptember2018_FailArmy21,1,9.792,10.946,-1,-1,OOPS
falls/DontBeSuchaBaby-KidFailsSeptember2018_FailArmy21,2,10.946,11.129,-1,-1,OOPS
falls/DontBeSuchaBaby-KidFailsSeptember2018_FailArmy23,0,0.0,2.827,-1,-1,OOPS
falls/DontBeSuchaBaby-KidFailsSeptember2018_FailArmy23,1,2.827,7.278,-1,-1,OOPS
falls/DontBeSuchaBaby-KidFailsSeptember2018_FailArmy23,7,7.278,9.196,-1,-1,OOPS
falls/DontBeSuchaBaby-KidFailsSeptember2018_FailArmy23,0,9.196,10.894,-1,-1,OOPS
falls/DontBeSuchaBaby-KidFailsSeptember2018_FailArmy24,9,0.0,2.642,-1,-1,OOPS
falls/DontBeSuchaBaby-KidFailsSeptember2018_FailArmy24,1,2.642,3.816,-1,-1,OOPS
falls/DontBeSuchaBaby-KidFailsSeptember2018_FailArmy24,0,3.816,7.12,-1,-1,OOPS
falls/DontBeSuchaBaby-KidFailsSeptember2018_FailArmy24,1,7.12,9.37604,-1,-1,OOPS
falls/DontBeSuchaBaby-KidFailsSeptember2018_FailArmy25,9,0.0,14.453,-1,-1,OOPS
falls/DontBeSuchaBaby-KidFailsSeptember2018_FailArmy25,1,14.453,15.76601,-1,-1,OOPS
falls/DontBeSuchaBaby-KidFailsSeptember2018_FailArmy27,0,0.0,17.973,-1,-1,OOPS
falls/DontBeSuchaBaby-KidFailsSeptember2018_FailArmy27,8,17.973,25.088,-1,-1,OOPS
falls/DontBeSuchaBaby-KidFailsSeptember2018_FailArmy27,1,25.088,27.429,-1,-1,OOPS
falls/DontBeSuchaBaby-KidFailsSeptember2018_FailArmy28,7,0.0,4.201,-1,-1,OOPS
falls/DontBeSuchaBaby-KidFailsSeptember2018_FailArmy28,0,4.201,8.418,-1,-1,OOPS
falls/DontBeSuchaBaby-KidFailsSeptember2018_FailArmy28,1,8.418,9.333,-1,-1,OOPS
falls/DontBeSuchaBaby-KidFailsSeptember2018_FailArmy28,2,9.333,10.793,-1,-1,OOPS
falls/DontBeSuchaBaby-KidFailsSeptember2018_FailArmy28,7,10.793,13.732,-1,-1,OOPS
falls/DontBeSuchaBaby-KidFailsSeptember2018_FailArmy28,0,13.732,15.782,-1,-1,OOPS
falls/DontBeSuchaBaby-KidFailsSeptember2018_FailArmy30,0,0.0,9.054,-1,-1,OOPS
falls/DontBeSuchaBaby-KidFailsSeptember2018_FailArmy30,1,9.054,11.51151,-1,-1,OOPS
falls/DontBeSuchaBaby-KidFailsSeptember2018_FailArmy8,8,0.0,10.022,-1,-1,OOPS
falls/DontBeSuchaBaby-KidFailsSeptember2018_FailArmy8,1,10.022,10.711,-1,-1,OOPS
falls/DontBeSuchaBaby-KidFailsSeptember2018_FailArmy8,9,10.711,11.551,-1,-1,OOPS
falls/DontBeSuchaBaby-KidFailsSeptember2018_FailArmy8,0,11.551,13.103,-1,-1,OOPS
falls/DontBeSuchaBaby-KidFailsSeptember2018_FailArmy8,1,13.103,14.187,-1,-1,OOPS
falls/DontBeSuchaBaby-KidFailsSeptember2018_FailArmy8,2,14.187,14.655,-1,-1,OOPS
falls/DontBeSuchaBaby-KidFailsSeptember2018_FailArmy8,7,14.655,21.146,-1,-1,OOPS
falls/DontBeSuchaBaby-KidFailsSeptember2018_FailArmy8,9,21.146,22.246,-1,-1,OOPS
falls/DontBeSuchaBaby-KidFailsSeptember2018_FailArmy8,1,22.246,23.787,-1,-1,OOPS
falls/DontBeSuchaBaby-KidFailsSeptember2018_FailArmy8,14,23.787,24.125,-1,-1,OOPS
falls/DontGetZapped-ThrowbackThursdayAugust2017112,9,0.0,4.209,-1,-1,OOPS
falls/DontGetZapped-ThrowbackThursdayAugust2017112,9,4.209,9.46,-1,-1,OOPS
falls/DontGetZapped-ThrowbackThursdayAugust2017112,0,9.46,11.036,-1,-1,OOPS
falls/DontGetZapped-ThrowbackThursdayAugust2017112,1,11.036,12.373,-1,-1,OOPS
falls/DontGetZapped-ThrowbackThursdayAugust2017112,2,12.373,14.466,-1,-1,OOPS
falls/DontGetZapped-ThrowbackThursdayAugust2017112,9,14.466,16.82392,-1,-1,OOPS
falls/DontGetZapped-ThrowbackThursdayAugust2017122,0,0.0,0.72,-1,-1,OOPS
falls/DontGetZapped-ThrowbackThursdayAugust2017122,1,0.72,2.427,-1,-1,OOPS
falls/DontGetZapped-ThrowbackThursdayAugust2017122,7,2.427,4.04,-1,-1,OOPS
falls/DontGetZapped-ThrowbackThursdayAugust2017125,9,0.0,4.473,-1,-1,OOPS
falls/DontGetZapped-ThrowbackThursdayAugust2017125,1,4.473,5.915,-1,-1,OOPS
falls/DontGetZapped-ThrowbackThursdayAugust2017125,7,5.915,9.30931,-1,-1,OOPS
falls/DontGetZapped-ThrowbackThursdayAugust2017132,9,0.0,1.543,-1,-1,OOPS
falls/DontGetZapped-ThrowbackThursdayAugust2017132,1,1.543,2.81,-1,-1,OOPS
falls/DontGetZapped-ThrowbackThursdayAugust2017132,2,2.81,3.13,-1,-1,OOPS
falls/DontGetZapped-ThrowbackThursdayAugust2017132,7,3.13,4.598,-1,-1,OOPS
falls/DontGetZapped-ThrowbackThursdayAugust2017132,8,4.598,5.062,-1,-1,OOPS
falls/DontGetZapped-ThrowbackThursdayAugust201718,4,0.0,2.404,-1,-1,OOPS
falls/DontGetZapped-ThrowbackThursdayAugust201718,1,2.404,4.171,-1,-1,OOPS
falls/DontGetZapped-ThrowbackThursdayAugust201718,2,4.171,4.92199,-1,-1,OOPS
falls/DontGetZapped-ThrowbackThursdayAugust201722,0,0.0,3.443,-1,-1,OOPS
falls/DontGetZapped-ThrowbackThursdayAugust201722,1,3.443,4.565,-1,-1,OOPS
falls/DontGetZapped-ThrowbackThursdayAugust201722,2,4.565,5.603,-1,-1,OOPS
falls/DontGetZapped-ThrowbackThursdayAugust201722,7,5.603,8.091,-1,-1,OOPS
falls/DontGetZapped-ThrowbackThursdayAugust201722,0,8.091,12.22601,-1,-1,OOPS
falls/DontGetZapped-ThrowbackThursdayAugust201730,9,0.0,0.441,-1,-1,OOPS
falls/DontGetZapped-ThrowbackThursdayAugust201730,9,0.441,4.174,-1,-1,OOPS
falls/DontGetZapped-ThrowbackThursdayAugust201730,9,4.174,5.537,-1,-1,OOPS
falls/DontGetZapped-ThrowbackThursdayAugust201730,1,5.537,6.895,-1,-1,OOPS
falls/DontGetZapped-ThrowbackThursdayAugust201730,2,6.895,8.04138,-1,-1,OOPS
falls/DontGetZapped-ThrowbackThursdayAugust201738,9,0.0,0.551,-1,-1,OOPS
falls/DontGetZapped-ThrowbackThursdayAugust201738,1,0.551,2.627,-1,-1,OOPS
falls/DontGetZapped-ThrowbackThursdayAugust201738,7,2.627,4.912,-1,-1,OOPS
falls/DontGetZapped-ThrowbackThursdayAugust201745,9,0.0,1.826,-1,-1,OOPS
falls/DontGetZapped-ThrowbackThursdayAugust201745,1,1.826,4.135,-1,-1,OOPS
falls/DontGetZapped-ThrowbackThursdayAugust201745,9,4.135,4.736,-1,-1,OOPS
falls/DontGetZapped-ThrowbackThursdayAugust201745,2,4.736,5.707,-1,-1,OOPS
falls/DontGetZapped-ThrowbackThursdayAugust201745,7,5.707,6.548,-1,-1,OOPS
falls/DontGetZapped-ThrowbackThursdayAugust201761,0,0.0,1.554,-1,-1,OOPS
falls/DontGetZapped-ThrowbackThursdayAugust201761,1,1.554,4.583,-1,-1,OOPS
falls/DontGetZapped-ThrowbackThursdayAugust201761,2,4.583,8.151,-1,-1,OOPS
falls/DontGetZapped-ThrowbackThursdayAugust201775,9,0.0,2.285,-1,-1,OOPS
falls/DontGetZapped-ThrowbackThursdayAugust201775,1,2.285,4.811,-1,-1,OOPS
falls/DontGetZapped-ThrowbackThursdayAugust201775,2,4.811,5.884,-1,-1,OOPS
falls/DontGetZapped-ThrowbackThursdayAugust201775,9,5.884,8.125,-1,-1,OOPS
falls/DontGetZapped-ThrowbackThursdayAugust201775,1,8.125,10.503,-1,-1,OOPS
falls/DontGetZapped-ThrowbackThursdayAugust201775,7,10.503,11.344,-1,-1,OOPS
falls/DontGetZapped-ThrowbackThursdayAugust201775,0,11.344,15.726,-1,-1,OOPS
falls/DontGetZapped-ThrowbackThursdayAugust201782,9,0.0,0.95,-1,-1,OOPS
falls/DontGetZapped-ThrowbackThursdayAugust201782,15,0.95,1.78,-1,-1,OOPS
falls/DontGetZapped-ThrowbackThursdayAugust201782,1,1.78,3.587,-1,-1,OOPS
falls/DontGetZapped-ThrowbackThursdayAugust201782,2,3.587,6.74007,-1,-1,OOPS
falls/DontGetZapped-ThrowbackThursdayAugust201784,9,0.0,4.141,-1,-1,OOPS
falls/DontGetZapped-ThrowbackThursdayAugust201784,1,4.141,5.121,-1,-1,OOPS
falls/DontGetZapped-ThrowbackThursdayAugust201787,8,0.0,2.513,-1,-1,OOPS
falls/DontGetZapped-ThrowbackThursdayAugust201787,1,2.513,3.925,-1,-1,OOPS
falls/DontGetZapped-ThrowbackThursdayAugust201787,9,3.925,6.37304,-1,-1,OOPS
falls/DontGetZapped-ThrowbackThursdayAugust201788,9,0.0,0.802,-1,-1,OOPS
falls/DontGetZapped-ThrowbackThursdayAugust201788,0,0.802,2.796,-1,-1,OOPS
falls/DontGetZapped-ThrowbackThursdayAugust201788,1,2.796,4.315,-1,-1,OOPS
falls/DontGetZapped-ThrowbackThursdayAugust201788,2,4.315,5.742,-1,-1,OOPS
falls/DontGetZapped-ThrowbackThursdayAugust201788,9,5.742,8.004,-1,-1,OOPS
falls/DontGetZapped-ThrowbackThursdayAugust201788,1,8.004,10.479,-1,-1,OOPS
falls/DontGetZapped-ThrowbackThursdayAugust201788,8,10.479,11.991,-1,-1,OOPS
falls/DontGetZapped-ThrowbackThursdayAugust201789,9,0.0,1.34,-1,-1,OOPS
falls/DontGetZapped-ThrowbackThursdayAugust201789,15,1.34,1.733,-1,-1,OOPS
falls/DontGetZapped-ThrowbackThursdayAugust201789,9,1.733,2.049,-1,-1,OOPS
falls/DontGetZapped-ThrowbackThursdayAugust201789,1,2.049,4.179,-1,-1,OOPS
falls/DontGetZapped-ThrowbackThursdayAugust201789,9,4.179,7.202,-1,-1,OOPS
falls/DontGetZapped-ThrowbackThursdayAugust201789,1,7.202,7.407,-1,-1,OOPS
falls/DontRocktheBoat-ThrowbackFailsFebruary2018_FailArmy17,8,0.0,6.66399,-1,-1,OOPS
falls/DontRocktheBoat-ThrowbackFailsFebruary2018_FailArmy2,8,0.0,4.572,-1,-1,OOPS
falls/DontRocktheBoat-ThrowbackFailsFebruary2018_FailArmy26,8,0.0,5.021,-1,-1,OOPS
falls/DontRocktheBoat-ThrowbackFailsFebruary2018_FailArmy26,1,5.021,7.093,-1,-1,OOPS
falls/DontRocktheBoat-ThrowbackFailsFebruary2018_FailArmy26,2,7.093,13.53,-1,-1,OOPS
falls/DontRocktheBoat-ThrowbackFailsFebruary2018_FailArmy26,8,13.53,18.0419,-1,-1,OOPS
falls/DontRocktheBoat-ThrowbackFailsFebruary2018_FailArmy64,9,0.0,1.101,-1,-1,OOPS
falls/DontRocktheBoat-ThrowbackFailsFebruary2018_FailArmy64,15,1.101,1.805,-1,-1,OOPS
falls/DontRocktheBoat-ThrowbackFailsFebruary2018_FailArmy64,9,1.805,3.045,-1,-1,OOPS
falls/DontRocktheBoat-ThrowbackFailsFebruary2018_FailArmy64,15,3.045,3.365,-1,-1,OOPS
falls/DontRocktheBoat-ThrowbackFailsFebruary2018_FailArmy64,1,3.365,4.684,-1,-1,OOPS
falls/DontRocktheBoat-ThrowbackFailsFebruary2018_FailArmy64,7,4.684,5.85199,-1,-1,OOPS
falls/DontRocktheBoat-ThrowbackFailsJuly201722,8,0.0,1.646,-1,-1,OOPS
falls/DontRocktheBoat-ThrowbackFailsJuly201722,1,1.646,2.921,-1,-1,OOPS
falls/DontRocktheBoat-ThrowbackFailsJuly201722,7,2.921,4.869,-1,-1,OOPS
falls/DontRocktheBoat-ThrowbackFailsJuly201722,9,4.869,9.98399,-1,-1,OOPS
falls/DontRocktheBoat-ThrowbackFailsJuly201734,9,0.0,0.532,-1,-1,OOPS
falls/DontRocktheBoat-ThrowbackFailsJuly201734,0,0.532,2.336,-1,-1,OOPS
falls/DontRocktheBoat-ThrowbackFailsJuly201734,1,2.336,2.672,-1,-1,OOPS
falls/DontRocktheBoat-ThrowbackFailsJuly201734,7,2.672,3.571,-1,-1,OOPS
falls/DontRocktheBoat-ThrowbackFailsJuly201734,1,3.571,4.857,-1,-1,OOPS
falls/DontRocktheBoat-ThrowbackFailsJuly201734,9,4.857,7.05,-1,-1,OOPS
falls/DontRocktheBoat-ThrowbackFailsJuly201734,8,7.05,9.187,-1,-1,OOPS
falls/DontRocktheBoat-ThrowbackFailsJuly201734,7,9.187,10.67734,-1,-1,OOPS
falls/DontRocktheBoat-ThrowbackFailsJuly201741,8,0.0,0.631,-1,-1,OOPS
falls/DontRocktheBoat-ThrowbackFailsJuly201741,7,0.631,2.058,-1,-1,OOPS
falls/DontRocktheBoat-ThrowbackFailsJuly201741,15,2.058,2.254,-1,-1,OOPS
falls/DontRocktheBoat-ThrowbackFailsJuly201741,1,2.254,2.728,-1,-1,OOPS
falls/DontRocktheBoat-ThrowbackFailsJuly201741,8,2.728,3.196,-1,-1,OOPS
falls/DontRocktheBoat-ThrowbackFailsJuly201741,0,3.196,5.46,-1,-1,OOPS
falls/DontRocktheBoat-ThrowbackFailsJuly201742,0,0.0,1.537,-1,-1,OOPS
falls/DontRocktheBoat-ThrowbackFailsJuly201742,8,1.537,4.728,-1,-1,OOPS
falls/DontRocktheBoat-ThrowbackFailsJuly201742,9,4.728,5.308,-1,-1,OOPS
falls/DontRocktheBoat-ThrowbackFailsJuly201742,1,5.308,6.743,-1,-1,OOPS
falls/DontRocktheBoat-ThrowbackFailsJuly201742,2,6.743,8.77801,-1,-1,OOPS
falls/DontRocktheBoat-ThrowbackFailsJuly201778,9,0.0,0.382,-1,-1,OOPS
falls/DontRocktheBoat-ThrowbackFailsJuly201778,8,0.382,3.317,-1,-1,OOPS
falls/DontRocktheBoat-ThrowbackFailsJuly201778,9,3.317,6.558,-1,-1,OOPS
falls/DontRocktheBoat-ThrowbackFailsJuly201778,1,6.558,7.543,-1,-1,OOPS
falls/DontRocktheBoat-ThrowbackFailsJuly201778,8,7.543,9.688,-1,-1,OOPS
falls/DontRocktheBoat-ThrowbackFailsJuly201778,9,9.688,13.823,-1,-1,OOPS
falls/DontRocktheBoat-ThrowbackFailsJuly201778,1,13.823,15.32,-1,-1,OOPS
falls/DontRocktheBoat-ThrowbackFailsJuly201778,2,15.32,17.268,-1,-1,OOPS
falls/DontRocktheBoat-ThrowbackFailsJuly201781,9,0.0,17.897,-1,-1,OOPS
falls/DontRocktheBoat-ThrowbackFailsJuly201781,9,17.897,18.705,-1,-1,OOPS
falls/DontRocktheBoat-ThrowbackFailsJuly201781,0,18.705,22.015,-1,-1,OOPS
falls/DontRocktheBoat-ThrowbackFailsJuly201781,8,22.015,22.877,-1,-1,OOPS
falls/DontRocktheBoat-ThrowbackFailsJuly201781,0,22.877,30.468,-1,-1,OOPS
falls/DontRocktheBoat-ThrowbackFailsJuly201781,1,30.468,32.165,-1,-1,OOPS
falls/DontRocktheBoat-ThrowbackFailsJuly201781,7,32.165,37.114,-1,-1,OOPS
falls/DontRocktheBoat-ThrowbackFailsJuly201781,9,37.114,37.264,-1,-1,OOPS
falls/DontRocktheBoat-ThrowbackFailsJuly201781,15,37.264,37.74,-1,-1,OOPS
falls/DontRocktheBoat-ThrowbackFailsJuly201781,1,37.74,43.259,-1,-1,OOPS
falls/DontRocktheBoat-ThrowbackFailsJuly201781,9,43.259,47.22,-1,-1,OOPS
falls/DontRocktheBoat-ThrowbackFailsJuly201781,15,47.22,47.77,-1,-1,OOPS
falls/DontRocktheBoat-ThrowbackFailsJuly201781,1,47.77,51.428,-1,-1,OOPS
falls/DontRocktheBoat-ThrowbackFailsJuly201781,4,51.428,52.05205,-1,-1,OOPS
falls/DontRocktheBoat-ThrowbackFailsJuly201784,9,0.0,3.83,-1,-1,OOPS
falls/DontRocktheBoat-ThrowbackFailsJuly201784,1,3.83,5.158,-1,-1,OOPS
falls/DontRocktheBoat-ThrowbackFailsJuly201784,2,5.158,6.618,-1,-1,OOPS
falls/DontRocktheBoat-ThrowbackFailsJuly201784,9,6.618,8.062,-1,-1,OOPS
falls/DontRocktheBoat-ThrowbackFailsJuly201784,4,8.062,8.443,-1,-1,OOPS
falls/DontRocktheBoat-ThrowbackFailsJuly201784,9,8.443,11.168,-1,-1,OOPS
falls/DontRocktheBoat-ThrowbackFailsJuly201784,1,11.168,13.722,-1,-1,OOPS
falls/DontRocktheBoat-ThrowbackFailsJuly201784,2,13.722,14.34768,-1,-1,OOPS
falls/DontStopBelievin-FailsoftheMonthNovember2016_FailArmy30,1,0.0,0.358,-1,-1,OOPS
falls/DontStopBelievin-FailsoftheMonthNovember2016_FailArmy30,2,0.358,2.977,-1,-1,OOPS
falls/DontStopBelievin-FailsoftheMonthNovember2016_FailArmy30,9,2.977,8.248,-1,-1,OOPS
falls/DontStopBelievin-FailsoftheMonthNovember2016_FailArmy30,1,8.248,9.044,-1,-1,OOPS
falls/DontStopBelievin-FailsoftheMonthNovember2016_FailArmy30,9,9.044,12.81281,-1,-1,OOPS
falls/DontStopBelievin-FailsoftheMonthNovember2016_FailArmy33,0,0.0,4.214,-1,-1,OOPS
falls/DontStopBelievin-FailsoftheMonthNovember2016_FailArmy33,1,4.214,6.265,-1,-1,OOPS
falls/DontStopBelievin-FailsoftheMonthNovember2016_FailArmy33,7,6.265,7.516,-1,-1,OOPS
falls/DontStopBelievin-FailsoftheMonthNovember2016_FailArmy33,3,7.516,8.12,-1,-1,OOPS
falls/DontStopBelievin-FailsoftheMonthNovember2016_FailArmy33,7,8.12,10.37704,-1,-1,OOPS
falls/DontStopBelievin-FailsoftheMonthNovember2016_FailArmy47,9,0.0,2.003,-1,-1,OOPS
falls/DontStopBelievin-FailsoftheMonthNovember2016_FailArmy47,1,2.003,3.479,-1,-1,OOPS
falls/DontStopBelievin-FailsoftheMonthNovember2016_FailArmy47,7,3.479,4.23757,-1,-1,OOPS
falls/DoubleFailsCompilation_DoubleTroubleByFailArmy201668,9,0.0,4.699,-1,-1,OOPS
falls/DoubleFailsCompilation_DoubleTroubleByFailArmy201668,1,4.699,5.656,-1,-1,OOPS
falls/DoubleFailsCompilation_DoubleTroubleByFailArmy201668,1,5.656,7.884,-1,-1,OOPS
falls/DoubleFailsCompilation_DoubleTroubleByFailArmy201668,7,7.884,9.692,-1,-1,OOPS
falls/DoubleFailsCompilation_DoubleTroubleByFailArmy201668,8,9.692,10.86,-1,-1,OOPS
falls/DoubleFailsCompilation_DoubleTroubleByFailArmy201668,3,10.86,11.336,-1,-1,OOPS
falls/DoubleFailsCompilation_DoubleTroubleByFailArmy201668,9,11.336,18.595,-1,-1,OOPS
falls/DoubleFailsCompilation_DoubleTroubleByFailArmy201668,1,18.595,19.6,-1,-1,OOPS
falls/DoubleFailsCompilation_DoubleTroubleByFailArmy201668,9,19.6,21.26772,-1,-1,OOPS
falls/DoubleFailsCompilation_DoubleTroubleByFailArmy20167,9,0.0,1.967,-1,-1,OOPS
falls/DoubleFailsCompilation_DoubleTroubleByFailArmy20167,15,1.967,2.339,-1,-1,OOPS
falls/DoubleFailsCompilation_DoubleTroubleByFailArmy20167,1,2.339,3.821,-1,-1,OOPS
falls/DoubleFailsCompilation_DoubleTroubleByFailArmy20167,2,3.821,4.36299,-1,-1,OOPS
falls/DoubleFailsNovember2017_FailArmy11,9,0.0,0.857,-1,-1,OOPS
falls/DoubleFailsNovember2017_FailArmy11,1,0.857,2.538,-1,-1,OOPS
falls/DoubleFailsNovember2017_FailArmy11,6,2.538,2.919,-1,-1,OOPS
falls/DoubleFailsNovember2017_FailArmy11,7,2.919,5.427,-1,-1,OOPS
falls/DoubleFailsNovember2017_FailArmy11,0,5.427,6.174,-1,-1,OOPS
falls/DoubleFailsNovember2017_FailArmy11,1,6.174,7.144,-1,-1,OOPS
falls/DoubleFailsNovember2017_FailArmy11,7,7.144,7.663,-1,-1,OOPS
falls/DoubleFailsNovember2017_FailArmy11,0,7.663,9.63601,-1,-1,OOPS
falls/DoubleFailsNovember2017_FailArmy2,9,0.0,3.584,-1,-1,OOPS
falls/DoubleFailsNovember2017_FailArmy2,1,3.584,4.701,-1,-1,OOPS
falls/DoubleFailsNovember2017_FailArmy2,2,4.701,4.805,-1,-1,OOPS
falls/DoubleFailsNovember2017_FailArmy40,9,0.0,4.332,-1,-1,OOPS
falls/DoubleFailsNovember2017_FailArmy40,1,4.332,5.613,-1,-1,OOPS
falls/DoubleFailsNovember2017_FailArmy40,4,5.613,8.57524,-1,-1,OOPS
falls/DownhillMayhem-FailsoftheWeekMarch2019_FailArmy14,8,0.0,3.585,-1,-1,OOPS
falls/DownhillMayhem-FailsoftheWeekMarch2019_FailArmy14,1,3.585,6.286,-1,-1,OOPS
falls/DownhillMayhem-FailsoftheWeekMarch2019_FailArmy14,7,6.286,9.335,-1,-1,OOPS
falls/DownhillMayhem-FailsoftheWeekMarch2019_FailArmy14,0,9.335,12.41241,-1,-1,OOPS
falls/DownhillMayhem-FailsoftheWeekMarch2019_FailArmy26,0,0.0,2.941,-1,-1,OOPS
falls/DownhillMayhem-FailsoftheWeekMarch2019_FailArmy26,9,2.941,6.949,-1,-1,OOPS
falls/DownhillMayhem-FailsoftheWeekMarch2019_FailArmy26,0,6.949,10.032,-1,-1,OOPS
falls/DownhillMayhem-FailsoftheWeekMarch2019_FailArmy3,8,0.0,0.699,-1,-1,OOPS
falls/DownhillMayhem-FailsoftheWeekMarch2019_FailArmy3,15,0.699,1.258,-1,-1,OOPS
falls/DownhillMayhem-FailsoftheWeekMarch2019_FailArmy3,1,1.258,4.009,-1,-1,OOPS
falls/DownhillMayhem-FailsoftheWeekMarch2019_FailArmy3,9,4.009,5.367,-1,-1,OOPS
falls/DownhillMayhem-FailsoftheWeekMarch2019_FailArmy3,0,5.367,6.016,-1,-1,OOPS
falls/DownhillMayhem-FailsoftheWeekMarch2019_FailArmy3,9,6.016,6.676,-1,-1,OOPS
falls/DownhillMayhem-FailsoftheWeekMarch2019_FailArmy3,1,6.676,7.751,-1,-1,OOPS
falls/DownhillMayhem-FailsoftheWeekMarch2019_FailArmy3,2,7.751,8.125,-1,-1,OOPS
falls/DownhillMayhem-FailsoftheWeekMarch2019_FailArmy3,7,8.125,12.528,-1,-1,OOPS
falls/DownhillMayhem-FailsoftheWeekMarch2019_FailArmy3,0,12.528,14.048,-1,-1,OOPS
falls/DownhillMayhem-FailsoftheWeekMarch2019_FailArmy4,9,0.0,8.994,-1,-1,OOPS
falls/DownhillMayhem-FailsoftheWeekMarch2019_FailArmy4,1,8.994,11.52,-1,-1,OOPS
falls/DownhillMayhem-FailsoftheWeekMarch2019_FailArmy4,7,11.52,12.44578,-1,-1,OOPS
falls/DressToImpress-LookinGoodOctober2017_FailArmy43,0,0.0,0.617,-1,-1,OOPS
falls/DressToImpress-LookinGoodOctober2017_FailArmy43,1,0.617,1.602,-1,-1,OOPS
falls/DressToImpress-LookinGoodOctober2017_FailArmy43,7,1.602,2.293,-1,-1,OOPS
falls/DressToImpress-LookinGoodOctober2017_FailArmy43,0,2.293,3.354,-1,-1,OOPS
falls/DressToImpress-LookinGoodOctober2017_FailArmy43,1,3.354,4.212,-1,-1,OOPS
falls/DressToImpress-LookinGoodOctober2017_FailArmy43,7,4.212,4.872,-1,-1,OOPS
falls/DressToImpress-LookinGoodOctober2017_FailArmy43,0,4.872,6.822,-1,-1,OOPS
falls/DressToImpress-LookinGoodOctober2017_FailArmy43,1,6.822,7.836,-1,-1,OOPS
falls/DressToImpress-LookinGoodOctober2017_FailArmy43,7,7.836,9.023,-1,-1,OOPS
falls/DressToImpress-LookinGoodOctober2017_FailArmy43,0,9.023,9.79698,-1,-1,OOPS
falls/DressToImpress-LookinGoodOctober2017_FailArmy44,9,0.0,6.149,-1,-1,OOPS
falls/DressToImpress-LookinGoodOctober2017_FailArmy44,15,6.149,6.923,-1,-1,OOPS
falls/DressToImpress-LookinGoodOctober2017_FailArmy44,9,6.923,10.124,-1,-1,OOPS
falls/DressToImpress-LookinGoodOctober2017_FailArmy44,9,10.124,13.371,-1,-1,OOPS
falls/DressToImpress-LookinGoodOctober2017_FailArmy44,1,13.371,16.997,-1,-1,OOPS
falls/DressToImpress-LookinGoodOctober2017_FailArmy44,2,16.997,19.94594,-1,-1,OOPS
falls/DressToImpress-LookinGoodOctober2017_FailArmy49,9,0.0,0.24,-1,-1,OOPS
falls/DressToImpress-LookinGoodOctober2017_FailArmy49,2,0.24,1.598,-1,-1,OOPS
falls/DressToImpress-LookinGoodOctober2017_FailArmy49,7,1.598,3.526,-1,-1,OOPS
falls/DressToImpress-LookinGoodOctober2017_FailArmy49,1,3.526,5.854,-1,-1,OOPS
falls/DressToImpress-LookinGoodOctober2017_FailArmy49,7,5.854,7.877,-1,-1,OOPS
falls/DressToImpress-LookinGoodOctober2017_FailArmy49,1,7.877,10.1,-1,-1,OOPS
falls/DressToImpress-LookinGoodOctober2017_FailArmy49,7,10.1,12.954,-1,-1,OOPS
falls/DressToImpress-LookinGoodOctober2017_FailArmy49,8,12.954,18.75209,-1,-1,OOPS
falls/DressToImpress-LookinGoodOctober2017_FailArmy50,9,0.0,4.444,-1,-1,OOPS
falls/DressToImpress-LookinGoodOctober2017_FailArmy50,1,4.444,6.131,-1,-1,OOPS
falls/DressToImpress-LookinGoodOctober2017_FailArmy50,11,6.131,7.10711,-1,-1,OOPS
falls/DressedForSuccessJuly2018_FailArmy32,0,0.0,0.75,-1,-1,OOPS
falls/DressedForSuccessJuly2018_FailArmy32,8,0.75,12.595,-1,-1,OOPS
falls/DressedForSuccessJuly2018_FailArmy32,1,12.595,13.654,-1,-1,OOPS
falls/DressedForSuccessJuly2018_FailArmy32,2,13.654,17.225,-1,-1,OOPS
falls/DressedForSuccessJuly2018_FailArmy32,7,17.225,19.517,-1,-1,OOPS
falls/DressedForSuccessJuly2018_FailArmy32,8,19.517,26.28,-1,-1,OOPS
falls/DressedForSuccessJuly2018_FailArmy38,0,0.0,3.645,-1,-1,OOPS
falls/DressedForSuccessJuly2018_FailArmy38,8,3.645,6.087,-1,-1,OOPS
falls/DressedForSuccessJuly2018_FailArmy38,9,6.087,7.363,-1,-1,OOPS
falls/DressedForSuccessJuly2018_FailArmy38,7,7.363,8.651,-1,-1,OOPS
falls/DressedForSuccessJuly2018_FailArmy38,9,8.651,10.323,-1,-1,OOPS
falls/DressedForSuccessJuly2018_FailArmy38,1,10.323,12.706,-1,-1,OOPS
falls/DressedForSuccessJuly2018_FailArmy38,7,12.706,13.591,-1,-1,OOPS
falls/DressedForSuccessJuly2018_FailArmy38,11,13.591,16.264,-1,-1,OOPS
falls/DressedForSuccessJuly2018_FailArmy38,9,16.264,17.76399,-1,-1,OOPS
falls/DropOnIn-FailsoftheWeekJune2018_FailArmy10,8,0.0,1.365,-1,-1,OOPS
falls/DropOnIn-FailsoftheWeekJune2018_FailArmy10,1,1.365,4.56,-1,-1,OOPS
falls/DropOnIn-FailsoftheWeekJune2018_FailArmy10,2,4.56,5.604,-1,-1,OOPS
falls/DropOnIn-FailsoftheWeekJune2018_FailArmy10,9,5.604,8.763,-1,-1,OOPS
falls/DropOnIn-FailsoftheWeekJune2018_FailArmy10,11,8.763,10.56501,-1,-1,OOPS
falls/DropOnIn-FailsoftheWeekJune2018_FailArmy14,9,0.0,22.337,-1,-1,OOPS
falls/DropOnIn-FailsoftheWeekJune2018_FailArmy14,9,22.337,37.492,-1,-1,OOPS
falls/DropOnIn-FailsoftheWeekJune2018_FailArmy14,15,37.492,38.681,-1,-1,OOPS
falls/DropOnIn-FailsoftheWeekJune2018_FailArmy14,15,38.681,39.742,-1,-1,OOPS
falls/DropOnIn-FailsoftheWeekJune2018_FailArmy14,15,39.742,40.882,-1,-1,OOPS
falls/DropOnIn-FailsoftheWeekJune2018_FailArmy14,1,40.882,41.974,-1,-1,OOPS
falls/DropOnIn-FailsoftheWeekJune2018_FailArmy14,2,41.974,43.327,-1,-1,OOPS
falls/DropOnIn-FailsoftheWeekJune2018_FailArmy14,7,43.327,44.898,-1,-1,OOPS
falls/DropOnIn-FailsoftheWeekJune2018_FailArmy14,0,44.898,47.872,-1,-1,OOPS
falls/DropOnIn-FailsoftheWeekJune2018_FailArmy14,9,47.872,49.4,-1,-1,OOPS
falls/DunkingOverKids-BestFailsOfTheWeekApril2018_FailArmy14,8,0.0,4.115,-1,-1,OOPS
falls/DunkingOverKids-BestFailsOfTheWeekApril2018_FailArmy14,1,4.115,5.77,-1,-1,OOPS
falls/DunkingOverKids-BestFailsOfTheWeekApril2018_FailArmy14,2,5.77,7.82501,-1,-1,OOPS
falls/ExpensiveFails-MoMoney_MoFailsFebruary2018_FailArmy23,8,0.0,4.594,-1,-1,OOPS
falls/ExpensiveFails-MoMoney_MoFailsFebruary2018_FailArmy23,1,4.594,5.78,-1,-1,OOPS
falls/ExpensiveFails-MoMoney_MoFailsFebruary2018_FailArmy23,2,5.78,7.86,-1,-1,OOPS
falls/ExpensiveFails-MoMoney_MoFailsFebruary2018_FailArmy23,7,7.86,9.17584,-1,-1,OOPS
falls/ExpensiveFails-ThatsGoingToCostYouJuly20170,0,0.0,0.707,-1,-1,OOPS
falls/ExpensiveFails-ThatsGoingToCostYouJuly20170,7,0.707,2.629,-1,-1,OOPS
falls/ExpensiveFails-ThatsGoingToCostYouJuly20170,11,2.629,2.841,-1,-1,OOPS
falls/ExpensiveFails-ThatsGoingToCostYouJuly20170,7,2.841,3.283,-1,-1,OOPS
falls/ExpensiveFails-ThatsGoingToCostYouJuly20170,15,3.283,3.838,-1,-1,OOPS
falls/ExpensiveFails-ThatsGoingToCostYouJuly20170,1,3.838,5.329,-1,-1,OOPS
falls/ExpensiveFails-ThatsGoingToCostYouJuly20170,9,5.329,11.233,-1,-1,OOPS
falls/ExpensiveFails-ThatsGoingToCostYouJuly201741,8,0.0,3.891,-1,-1,OOPS
falls/ExpensiveFails-ThatsGoingToCostYouJuly201741,0,3.891,7.363,-1,-1,OOPS
falls/ExpensiveFails-ThatsGoingToCostYouJuly201741,8,7.363,9.409,-1,-1,OOPS
falls/ExpensiveFails-ThatsGoingToCostYouJuly20175,8,0.0,1.574,-1,-1,OOPS
falls/ExpensiveFails-ThatsGoingToCostYouJuly20175,15,1.574,2.096,-1,-1,OOPS
falls/ExpensiveFails-ThatsGoingToCostYouJuly20175,8,2.096,2.65,-1,-1,OOPS
falls/ExpensiveFails-ThatsGoingToCostYouJuly20175,1,2.65,3.485,-1,-1,OOPS
falls/ExpensiveFails-ThatsGoingToCostYouJuly20175,8,3.485,8.42884,-1,-1,OOPS
falls/FailArmyAfterDark-DoesThatSheepHaveSunglassesEp8103,4,0.0,11.445,-1,-1,OOPS
falls/FailArmyAfterDark-DoesThatSheepHaveSunglassesEp8103,9,11.445,19.917,-1,-1,OOPS
falls/FailArmyAfterDark-DoesThatSheepHaveSunglassesEp8103,1,19.917,21.66399,-1,-1,OOPS
falls/FailArmyAfterDark-DoesThatSheepHaveSunglassesEp863,9,0.0,3.303,-1,-1,OOPS
falls/FailArmyAfterDark-DoesThatSheepHaveSunglassesEp863,15,3.303,3.926,-1,-1,OOPS
falls/FailArmyAfterDark-DoesThatSheepHaveSunglassesEp863,9,3.926,4.239,-1,-1,OOPS
falls/FailArmyAfterDark-DoesThatSheepHaveSunglassesEp863,1,4.239,5.738,-1,-1,OOPS
falls/FailArmyAfterDark-DoesThatSheepHaveSunglassesEp863,2,5.738,9.849,-1,-1,OOPS
falls/FailArmyAfterDark-DoesThatSheepHaveSunglassesEp871,0,0.0,1.733,-1,-1,OOPS
falls/FailArmyAfterDark-DoesThatSheepHaveSunglassesEp871,1,1.733,2.995,-1,-1,OOPS
falls/FailArmyAfterDark-DoesThatSheepHaveSunglassesEp871,7,2.995,6.748,-1,-1,OOPS
falls/FailArmyAfterDark-DoesThatSheepHaveSunglassesEp871,11,6.748,9.369,-1,-1,OOPS
falls/FailArmyAfterDark-DoesThatSheepHaveSunglassesEp871,7,9.369,12.963,-1,-1,OOPS
falls/FailArmyAfterDark-DoesThatSheepHaveSunglassesEp871,8,12.963,16.639,-1,-1,OOPS
falls/FailArmyAfterDark-DoesThatSheepHaveSunglassesEp872,9,0.0,7.636,-1,-1,OOPS
falls/FailArmyAfterDark-DoesThatSheepHaveSunglassesEp872,0,7.636,11.484,-1,-1,OOPS
falls/FailArmyAfterDark-DoesThatSheepHaveSunglassesEp872,3,11.484,12.862,-1,-1,OOPS
falls/FailArmyAfterDark-DoesThatSheepHaveSunglassesEp872,9,12.862,13.55296,-1,-1,OOPS
falls/FailArmyAfterDark-ItsPartyTimeep1156,0,0.0,0.763,-1,-1,OOPS
falls/FailArmyAfterDark-ItsPartyTimeep1156,1,0.763,2.651,-1,-1,OOPS
falls/FailArmyAfterDark-ItsPartyTimeep1156,2,2.651,3.063,-1,-1,OOPS
falls/FailArmyAfterDark-ItsPartyTimeep1156,9,3.063,4.644,-1,-1,OOPS
falls/FailArmyAfterDark-ItsPartyTimeep1156,1,4.644,6.487,-1,-1,OOPS
falls/FailArmyAfterDark-ItsPartyTimeep1156,7,6.487,8.386,-1,-1,OOPS
falls/FailArmyAfterDark-ItsPartyTimeep1156,9,8.386,8.648,-1,-1,OOPS
falls/FailArmyAfterDark-ItsPartyTimeep1156,0,8.648,9.687,-1,-1,OOPS
falls/FailArmyAfterDark-ItsPartyTimeep1156,9,9.687,10.881,-1,-1,OOPS
falls/FailArmyAfterDark-ItsPartyTimeep1156,8,10.881,12.342,-1,-1,OOPS
falls/FailArmyAfterDark-ItsPartyTimeep1156,1,12.342,14.263,-1,-1,OOPS
falls/FailArmyAfterDark-ItsPartyTimeep1156,2,14.263,15.021,-1,-1,OOPS
falls/FailArmyAfterDark-ItsPartyTimeep1170,7,0.0,0.837,-1,-1,OOPS
falls/FailArmyAfterDark-ItsPartyTimeep1170,1,0.837,4.55,-1,-1,OOPS
falls/FailArmyAfterDark-ItsPartyTimeep1170,7,4.55,4.83736,-1,-1,OOPS
falls/FailArmyAfterDark-ItsPartyTimeep1174,9,0.0,0.725,-1,-1,OOPS
falls/FailArmyAfterDark-ItsPartyTimeep1174,0,0.725,1.473,-1,-1,OOPS
falls/FailArmyAfterDark-ItsPartyTimeep1174,1,1.473,2.67,-1,-1,OOPS
falls/FailArmyAfterDark-ItsPartyTimeep1174,2,2.67,4.50375,-1,-1,OOPS
falls/FailArmyAfterDark-ItsPartyTimeep186,8,0.0,2.492,-1,-1,OOPS
falls/FailArmyAfterDark-ItsPartyTimeep186,1,2.492,4.467,-1,-1,OOPS
falls/FailArmyAfterDark-ItsPartyTimeep186,7,4.467,10.031,-1,-1,OOPS
falls/FailArmyAfterDark-ItsPartyTimeep186,1,10.031,10.897,-1,-1,OOPS
falls/FailArmyAfterDark-ItsPartyTimeep186,7,10.897,12.385,-1,-1,OOPS
falls/FailArmyAfterDark-ItsPartyTimeep186,8,12.385,13.882,-1,-1,OOPS
falls/FailArmyAfterDark-ItsPartyTimeep186,1,13.882,15.951,-1,-1,OOPS
falls/FailArmyAfterDark-ItsPartyTimeep186,7,15.951,16.727,-1,-1,OOPS
falls/FailArmyAfterDark-ItsPartyTimeep186,9,16.727,17.26439,-1,-1,OOPS
falls/FailArmyAfterDark-ItsPartyTimeep195,9,0.0,0.477,-1,-1,OOPS
falls/FailArmyAfterDark-ItsPartyTimeep195,8,0.477,2.287,-1,-1,OOPS
falls/FailArmyAfterDark-ItsPartyTimeep195,1,2.287,4.213,-1,-1,OOPS
falls/FailArmyAfterDark-ItsPartyTimeep195,2,4.213,5.024,-1,-1,OOPS
falls/FailArmyAfterDark-ItsPartyTimeep195,9,5.024,6.34882,-1,-1,OOPS
falls/FailOlympics_FAIL-YMPICSPART2byFailArmy201611,2,0.0,0.1,-1,-1,OOPS
falls/FailOlympics_FAIL-YMPICSPART2byFailArmy201611,9,0.1,2.86,-1,-1,OOPS
falls/FailOlympics_FAIL-YMPICSPART2byFailArmy201611,1,2.86,4.942,-1,-1,OOPS
falls/FailOlympics_FAIL-YMPICSPART2byFailArmy201611,7,4.942,7.771,-1,-1,OOPS
falls/FailOlympics_FAIL-YMPICSPART2byFailArmy201611,9,7.771,10.219,-1,-1,OOPS
falls/FailOlympics_FAIL-YMPICSPART2byFailArmy201611,0,10.219,11.736,-1,-1,OOPS
falls/FailOlympics_FAIL-YMPICSPART2byFailArmy201611,15,11.736,12.076,-1,-1,OOPS
falls/FailOlympics_FAIL-YMPICSPART2byFailArmy201611,1,12.076,13.158,-1,-1,OOPS
falls/FailOlympics_FAIL-YMPICSPART2byFailArmy201611,2,13.158,14.399,-1,-1,OOPS
falls/FailOlympics_FAIL-YMPICSPART2byFailArmy201611,8,14.399,15.913,-1,-1,OOPS
falls/FailOlympics_FAIL-YMPICSPART2byFailArmy201611,0,15.913,17.129,-1,-1,OOPS
falls/FailOlympics_FAIL-YMPICSPART2byFailArmy201611,8,17.129,17.851,-1,-1,OOPS
falls/FailOlympics_FAIL-YMPICSPART2byFailArmy201611,9,17.851,18.51,-1,-1,OOPS
falls/FailOlympics_FAIL-YMPICSPART2byFailArmy201611,0,18.51,20.056,-1,-1,OOPS
falls/FailOlympics_FAIL-YMPICSPART2byFailArmy201611,9,20.056,22.661,-1,-1,OOPS
falls/FailOlympics_FAIL-YMPICSPART2byFailArmy201611,6,22.661,23.903,-1,-1,OOPS
falls/FailOlympics_FAIL-YMPICSPART2byFailArmy201611,7,23.903,27.229,-1,-1,OOPS
falls/FailOlympics_FAIL-YMPICSPART2byFailArmy201611,9,27.229,28.04,-1,-1,OOPS
falls/FailOlympics_FAIL-YMPICSPART2byFailArmy201611,1,28.04,28.84,-1,-1,OOPS
falls/FailOlympics_FAIL-YMPICSPART2byFailArmy201618,0,0.0,2.113,-1,-1,OOPS
falls/FailOlympics_FAIL-YMPICSPART2byFailArmy201618,1,2.113,3.129,-1,-1,OOPS
falls/FailOlympics_FAIL-YMPICSPART2byFailArmy201618,2,3.129,9.71643,-1,-1,OOPS
falls/FailOlympics_FAIL-YMPICSPART2byFailArmy20164,9,0.0,1.643,-1,-1,OOPS
falls/FailOlympics_FAIL-YMPICSPART2byFailArmy20164,1,1.643,2.629,-1,-1,OOPS
falls/FailOlympics_FAIL-YMPICSPART2byFailArmy20164,2,2.629,3.575,-1,-1,OOPS
falls/FailOlympics_FAIL-YMPICSPART2byFailArmy20164,7,3.575,4.57399,-1,-1,OOPS
falls/FailOlympics_FAIL-YMPICSPART3byFailArmy201614,7,0.0,0.92,-1,-1,OOPS
falls/FailOlympics_FAIL-YMPICSPART3byFailArmy201614,8,0.92,2.177,-1,-1,OOPS
falls/FailOlympics_FAIL-YMPICSPART3byFailArmy201614,0,2.177,3.394,-1,-1,OOPS
falls/FailOlympics_FAIL-YMPICSPART3byFailArmy201614,9,3.394,3.594,-1,-1,OOPS
falls/FailOlympics_FAIL-YMPICSPART3byFailArmy201614,1,3.594,4.46205,-1,-1,OOPS
falls/FailOlympics_FAIL-YMPICSPART3byFailArmy201642,9,0.0,0.38,-1,-1,OOPS
falls/FailOlympics_FAIL-YMPICSPART3byFailArmy201642,9,0.38,2.638,-1,-1,OOPS
falls/FailOlympics_FAIL-YMPICSPART3byFailArmy201642,1,2.638,3.607,-1,-1,OOPS
falls/FailOlympics_FAIL-YMPICSPART3byFailArmy201642,4,3.607,5.67139,-1,-1,OOPS
falls/FailOlympics_FAIL-YMPICSbyFailArmy201622,15,0.0,1.123,-1,-1,OOPS
falls/FailOlympics_FAIL-YMPICSbyFailArmy201622,15,1.123,2.422,-1,-1,OOPS
falls/FailOlympics_FAIL-YMPICSbyFailArmy201622,15,2.422,2.993,-1,-1,OOPS
falls/FailOlympics_FAIL-YMPICSbyFailArmy201622,1,2.993,4.555,-1,-1,OOPS
falls/FailOlympics_FAIL-YMPICSbyFailArmy201622,2,4.555,7.75646,-1,-1,OOPS
falls/FailOlympics_FAIL-YMPICSbyFailArmy201625,9,0.0,0.46,-1,-1,OOPS
falls/FailOlympics_FAIL-YMPICSbyFailArmy201625,9,0.46,2.589,-1,-1,OOPS
falls/FailOlympics_FAIL-YMPICSbyFailArmy201625,1,2.589,5.513,-1,-1,OOPS
falls/FailOlympics_FAIL-YMPICSbyFailArmy201625,2,5.513,6.505,-1,-1,OOPS
falls/FailOlympics_FAIL-YMPICSbyFailArmy201628,8,0.0,2.776,-1,-1,OOPS
falls/FailOlympics_FAIL-YMPICSbyFailArmy201628,1,2.776,4.011,-1,-1,OOPS
falls/FailOlympics_FAIL-YMPICSbyFailArmy201628,9,4.011,6.13984,-1,-1,OOPS
falls/FailsYouMissed-NottheBeesApril2018_Failarmy117,0,0.0,3.226,-1,-1,OOPS
falls/FailsYouMissed-NottheBeesApril2018_Failarmy117,1,3.226,5.083,-1,-1,OOPS
falls/FailsYouMissed-NottheBeesApril2018_Failarmy117,2,5.083,7.428,-1,-1,OOPS
falls/FailsYouMissed-NottheBeesApril2018_Failarmy117,9,7.428,10.492,-1,-1,OOPS
falls/FailsYouMissed-NottheBeesApril2018_Failarmy117,0,10.492,11.939,-1,-1,OOPS
falls/FailsYouMissed-NottheBeesApril2018_Failarmy117,1,11.939,14.843,-1,-1,OOPS
falls/FailsYouMissed-NottheBeesApril2018_Failarmy117,2,14.843,16.965,-1,-1,OOPS
falls/FailsYouMissed-NottheBeesApril2018_Failarmy117,9,16.965,18.241,-1,-1,OOPS
falls/FailsYouMissed-NottheBeesApril2018_Failarmy117,9,18.241,20.761,-1,-1,OOPS
falls/FailsYouMissed-NottheBeesApril2018_Failarmy117,15,20.761,21.235,-1,-1,OOPS
falls/FailsYouMissed-NottheBeesApril2018_Failarmy117,1,21.235,23.251,-1,-1,OOPS
falls/FailsYouMissed-NottheBeesApril2018_Failarmy117,2,23.251,26.881,-1,-1,OOPS
falls/FailsYouMissed-NottheBeesApril2018_Failarmy17,9,0.0,0.808,-1,-1,OOPS
falls/FailsYouMissed-NottheBeesApril2018_Failarmy17,9,0.808,1.285,-1,-1,OOPS
falls/FailsYouMissed-NottheBeesApril2018_Failarmy17,0,1.285,3.656,-1,-1,OOPS
falls/FailsYouMissed-NottheBeesApril2018_Failarmy17,9,3.656,4.435,-1,-1,OOPS
falls/FailsYouMissed-NottheBeesApril2018_Failarmy17,7,4.435,5.377,-1,-1,OOPS
falls/FailsYouMissed-NottheBeesApril2018_Failarmy17,8,5.377,7.588,-1,-1,OOPS
falls/FailsYouMissed-NottheBeesApril2018_Failarmy17,0,7.588,7.866,-1,-1,OOPS
falls/FailsYouMissed-NottheBeesApril2018_Failarmy17,1,7.866,9.077,-1,-1,OOPS
falls/FailsYouMissed-NottheBeesApril2018_Failarmy17,7,9.077,11.05088,-1,-1,OOPS
falls/FailsYouMissed-NottheBeesApril2018_Failarmy19,0,0.0,0.18,-1,-1,OOPS
falls/FailsYouMissed-NottheBeesApril2018_Failarmy19,1,0.18,0.672,-1,-1,OOPS
falls/FailsYouMissed-NottheBeesApril2018_Failarmy19,2,0.672,1.456,-1,-1,OOPS
falls/FailsYouMissed-NottheBeesApril2018_Failarmy19,7,1.456,3.397,-1,-1,OOPS
falls/FailsYouMissed-NottheBeesApril2018_Failarmy19,8,3.397,7.24399,-1,-1,OOPS
falls/FailsYouMissed-NottheBeesApril2018_Failarmy22,9,0.0,3.767,-1,-1,OOPS
falls/FailsYouMissed-NottheBeesApril2018_Failarmy22,1,3.767,5.276,-1,-1,OOPS
falls/FailsYouMissed-NottheBeesApril2018_Failarmy22,2,5.276,6.52,-1,-1,OOPS
falls/FailsYouMissed-NottheBeesApril2018_Failarmy22,9,6.52,8.66,-1,-1,OOPS
falls/FailsYouMissed-NottheBeesApril2018_Failarmy22,0,8.66,9.668,-1,-1,OOPS
falls/FailsYouMissed-NottheBeesApril2018_Failarmy22,8,9.668,14.52501,-1,-1,OOPS
falls/FailsYouMissed-NottheBeesApril2018_Failarmy25,9,0.0,3.93,-1,-1,OOPS
falls/FailsYouMissed-NottheBeesApril2018_Failarmy25,1,3.93,4.837,-1,-1,OOPS
falls/FailsYouMissed-NottheBeesApril2018_Failarmy25,2,4.837,7.58966,-1,-1,OOPS
falls/FailsYouMissed-NottheBeesApril2018_Failarmy46,9,0.0,2.8,-1,-1,OOPS
falls/FailsYouMissed-NottheBeesApril2018_Failarmy46,8,2.8,9.12,-1,-1,OOPS
falls/FailsYouMissed-NottheBeesApril2018_Failarmy46,0,9.12,9.996,-1,-1,OOPS
falls/FailsYouMissed-NottheBeesApril2018_Failarmy46,8,9.996,10.627,-1,-1,OOPS
falls/FailsYouMissed-NottheBeesApril2018_Failarmy46,0,10.627,11.57299,-1,-1,OOPS
falls/FailsYouMissed-NottheBeesApril2018_Failarmy48,1,0.0,1.827,-1,-1,OOPS
falls/FailsYouMissed-NottheBeesApril2018_Failarmy48,7,1.827,3.994,-1,-1,OOPS
falls/FailsYouMissed-NottheBeesApril2018_Failarmy48,0,3.994,4.67056,-1,-1,OOPS
falls/FailsYouMissed-NottheBeesApril2018_Failarmy77,9,0.0,6.573,-1,-1,OOPS
falls/FailsYouMissed-NottheBeesApril2018_Failarmy77,1,6.573,7.421,-1,-1,OOPS
falls/FailsYouMissed-NottheBeesApril2018_Failarmy77,9,7.421,9.52,-1,-1,OOPS
falls/FailsYouMissed-NottheBeesApril2018_Failarmy77,9,9.52,11.388,-1,-1,OOPS
falls/FailsYouMissed-NottheBeesApril2018_Failarmy77,1,11.388,13.478,-1,-1,OOPS
falls/FailsYouMissed-NottheBeesApril2018_Failarmy77,9,13.478,17.503,-1,-1,OOPS
falls/FailsYouMissed-NottheBeesApril2018_Failarmy77,7,17.503,18.042,-1,-1,OOPS
falls/FailsYouMissed-NottheBeesApril2018_Failarmy83,3,0.0,0.954,-1,-1,OOPS
falls/FailsYouMissed-NottheBeesApril2018_Failarmy83,4,0.954,2.333,-1,-1,OOPS
falls/FailsYouMissed-NottheBeesApril2018_Failarmy83,7,2.333,3.133,-1,-1,OOPS
falls/FailsYouMissed-NottheBeesApril2018_Failarmy83,9,3.133,3.924,-1,-1,OOPS
falls/FailsYouMissed-NottheBeesApril2018_Failarmy83,7,3.924,5.007,-1,-1,OOPS
falls/FailsYouMissed-NottheBeesApril2018_Failarmy83,8,5.007,8.142,-1,-1,OOPS
falls/FailsYouMissed-NottheBeesApril2018_Failarmy83,9,8.142,9.432,-1,-1,OOPS
falls/FailsYouMissed-NottheBeesApril2018_Failarmy83,1,9.432,10.59216,-1,-1,OOPS
falls/FailsYouMissed-NottheBeesApril2018_Failarmy9,9,0.0,3.866,-1,-1,OOPS
falls/FailsYouMissed-NottheBeesApril2018_Failarmy9,1,3.866,6.355,-1,-1,OOPS
falls/FailsYouMissed-NottheBeesApril2018_Failarmy9,4,6.355,7.141,-1,-1,OOPS
falls/FailsYouMissed-NottheBeesApril2018_Failarmy9,7,7.141,9.40501,-1,-1,OOPS
falls/FailsYouMissed-SomePranksNeverGetOldMarch2018_FailArmy100,11,0.0,1.984,-1,-1,OOPS
falls/FailsYouMissed-SomePranksNeverGetOldMarch2018_FailArmy100,10,1.984,4.139,-1,-1,OOPS
falls/FailsYouMissed-SomePranksNeverGetOldMarch2018_FailArmy100,1,4.139,6.108,-1,-1,OOPS
falls/FailsYouMissed-SomePranksNeverGetOldMarch2018_FailArmy100,2,6.108,8.19601,-1,-1,OOPS
falls/FailsYouMissed-SomePranksNeverGetOldMarch2018_FailArmy53,8,0.0,0.689,-1,-1,OOPS
falls/FailsYouMissed-SomePranksNeverGetOldMarch2018_FailArmy53,0,0.689,2.544,-1,-1,OOPS
falls/FailsYouMissed-SomePranksNeverGetOldMarch2018_FailArmy53,1,2.544,4.92077,-1,-1,OOPS
falls/FailsYouMissed-SomePranksNeverGetOldMarch2018_FailArmy72,9,0.0,1.487,-1,-1,OOPS
falls/FailsYouMissed-SomePranksNeverGetOldMarch2018_FailArmy72,1,1.487,5.542,-1,-1,OOPS
falls/FailsYouMissed-SomePranksNeverGetOldMarch2018_FailArmy72,2,5.542,8.25688,-1,-1,OOPS
falls/FailsYouMissed-SomePranksNeverGetOldMarch2018_FailArmy95,9,0.0,0.603,-1,-1,OOPS
falls/FailsYouMissed-SomePranksNeverGetOldMarch2018_FailArmy95,9,0.603,4.656,-1,-1,OOPS
falls/FailsYouMissed-SomePranksNeverGetOldMarch2018_FailArmy95,1,4.656,5.851,-1,-1,OOPS
falls/FailsYouMissed-SomePranksNeverGetOldMarch2018_FailArmy95,7,5.851,7.285,-1,-1,OOPS
falls/FailsYouMissed-SomePranksNeverGetOldMarch2018_FailArmy95,0,7.285,7.95,-1,-1,OOPS
falls/FailsYouMissed-SomePranksNeverGetOldMarch2018_FailArmy95,1,7.95,8.951,-1,-1,OOPS
falls/FailsYouMissed-SomePranksNeverGetOldMarch2018_FailArmy95,9,8.951,10.267,-1,-1,OOPS
falls/FailsYouMissed-SomePranksNeverGetOldMarch2018_FailArmy95,9,10.267,17.41497,-1,-1,OOPS
falls/FailsYouMissed-SomePranksNeverGetOldMarch2018_FailArmy96,9,0.0,0.22,-1,-1,OOPS
falls/FailsYouMissed-SomePranksNeverGetOldMarch2018_FailArmy96,9,0.22,3.62,-1,-1,OOPS
falls/FailsYouMissed-SomePranksNeverGetOldMarch2018_FailArmy96,15,3.62,4.19,-1,-1,OOPS
falls/FailsYouMissed-SomePranksNeverGetOldMarch2018_FailArmy96,1,4.19,7.102,-1,-1,OOPS
falls/FailsYouMissed-SomePranksNeverGetOldMarch2018_FailArmy96,4,7.102,8.04837,-1,-1,OOPS
falls/FailsYouMissed-ToiletOrBustMarch2018_FailArmy25,9,0.0,1.897,-1,-1,OOPS
falls/FailsYouMissed-ToiletOrBustMarch2018_FailArmy25,1,1.897,4.021,-1,-1,OOPS
falls/FailsYouMissed-ToiletOrBustMarch2018_FailArmy25,2,4.021,5.646,-1,-1,OOPS
falls/FailsYouMissed-ToiletOrBustMarch2018_FailArmy25,7,5.646,7.22,-1,-1,OOPS
falls/FailsYouMissed-ToiletOrBustMarch2018_FailArmy25,8,7.22,7.68,-1,-1,OOPS
falls/FailsYouMissed-ToiletOrBustMarch2018_FailArmy25,9,7.68,10.51,-1,-1,OOPS
falls/FailsYouMissed-ToiletOrBustMarch2018_FailArmy25,1,10.51,11.944,-1,-1,OOPS
falls/FailsYouMissed-ToiletOrBustMarch2018_FailArmy25,7,11.944,14.477,-1,-1,OOPS
falls/FailsYouMissed-ToiletOrBustMarch2018_FailArmy25,9,14.477,16.965,-1,-1,OOPS
falls/FailsYouMissed-ToiletOrBustMarch2018_FailArmy25,1,16.965,20.18349,-1,-1,OOPS
falls/FailsYouMissed-ToiletOrBustMarch2018_FailArmy35,9,0.0,0.8,-1,-1,OOPS
falls/FailsYouMissed-ToiletOrBustMarch2018_FailArmy35,9,0.8,4.01,-1,-1,OOPS
falls/FailsYouMissed-ToiletOrBustMarch2018_FailArmy35,1,4.01,4.908,-1,-1,OOPS
falls/FailsYouMissed-ToiletOrBustMarch2018_FailArmy35,2,4.908,9.32601,-1,-1,OOPS
falls/FailsYouMissed-ToiletOrBustMarch2018_FailArmy38,9,0.0,2.122,-1,-1,OOPS
falls/FailsYouMissed-ToiletOrBustMarch2018_FailArmy38,15,2.122,2.391,-1,-1,OOPS
falls/FailsYouMissed-ToiletOrBustMarch2018_FailArmy38,1,2.391,4.262,-1,-1,OOPS
falls/FailsYouMissed-ToiletOrBustMarch2018_FailArmy38,7,4.262,5.628,-1,-1,OOPS
falls/FailsYouMissed-ToiletOrBustMarch2018_FailArmy38,0,5.628,7.36701,-1,-1,OOPS
falls/FailsYouMissed-ToiletOrBustMarch2018_FailArmy52,11,0.0,1.644,-1,-1,OOPS
falls/FailsYouMissed-ToiletOrBustMarch2018_FailArmy52,1,1.644,4.46,-1,-1,OOPS
falls/FailsYouMissed-ToiletOrBustMarch2018_FailArmy52,2,4.46,5.15483,-1,-1,OOPS
falls/FailsYouMissed-ToiletOrBustMarch2018_FailArmy64,9,0.0,2.514,-1,-1,OOPS
falls/FailsYouMissed-ToiletOrBustMarch2018_FailArmy64,1,2.514,3.751,-1,-1,OOPS
falls/FailsYouMissed-ToiletOrBustMarch2018_FailArmy64,2,3.751,6.443,-1,-1,OOPS
falls/FailsYouMissed-ToiletOrBustMarch2018_FailArmy64,7,6.443,9.189,-1,-1,OOPS
falls/FailsYouMissed-ToiletOrBustMarch2018_FailArmy64,8,9.189,10.046,-1,-1,OOPS
falls/FailsYouMissed-ToiletOrBustMarch2018_FailArmy64,0,10.046,12.681,-1,-1,OOPS
falls/FailsYouMissed-ToiletOrBustMarch2018_FailArmy64,1,12.681,14.74399,-1,-1,OOPS
falls/FailsYouMissed-WaitingForSummerMarch2018_FailArmy100,9,0.0,0.268,-1,-1,OOPS
falls/FailsYouMissed-WaitingForSummerMarch2018_FailArmy100,8,0.268,1.653,-1,-1,OOPS
falls/FailsYouMissed-WaitingForSummerMarch2018_FailArmy100,15,1.653,1.895,-1,-1,OOPS
falls/FailsYouMissed-WaitingForSummerMarch2018_FailArmy100,9,1.895,3.824,-1,-1,OOPS
falls/FailsYouMissed-WaitingForSummerMarch2018_FailArmy100,1,3.824,5.03801,-1,-1,OOPS
falls/FailsYouMissed-WaitingForSummerMarch2018_FailArmy44,9,0.0,6.739,-1,-1,OOPS
falls/FailsYouMissed-WaitingForSummerMarch2018_FailArmy44,1,6.739,7.877,-1,-1,OOPS
falls/FailsYouMissed-WaitingForSummerMarch2018_FailArmy44,7,7.877,10.199,-1,-1,OOPS
falls/FailsYouMissed-WaitingForSummerMarch2018_FailArmy44,0,10.199,10.725,-1,-1,OOPS
falls/FailsYouMissed-WaitingForSummerMarch2018_FailArmy44,1,10.725,12.30192,-1,-1,OOPS
falls/FailsYouMissed-WaitingForSummerMarch2018_FailArmy66,9,0.0,1.778,-1,-1,OOPS
falls/FailsYouMissed-WaitingForSummerMarch2018_FailArmy66,1,1.778,3.74,-1,-1,OOPS
falls/FailsYouMissed-WaitingForSummerMarch2018_FailArmy66,11,3.74,4.297,-1,-1,OOPS
falls/FailsYouMissed-WaitingForSummerMarch2018_FailArmy66,14,4.297,7.136,-1,-1,OOPS
falls/FailsYouMissed-WaitingForSummerMarch2018_FailArmy66,11,7.136,8.73,-1,-1,OOPS
falls/FailsYouMissed-WaitingForSummerMarch2018_FailArmy76,9,0.0,3.573,-1,-1,OOPS
falls/FailsYouMissed-WaitingForSummerMarch2018_FailArmy76,1,3.573,4.791,-1,-1,OOPS
falls/FailsYouMissed-WaitingForSummerMarch2018_FailArmy76,2,4.791,7.309,-1,-1,OOPS
falls/FailsYouMissed-WaitingForSummerMarch2018_FailArmy76,4,7.309,19.57399,-1,-1,OOPS
falls/FailsYouMissed-WaitingForSummerMarch2018_FailArmy88,0,0.0,5.289,-1,-1,OOPS
falls/FailsYouMissed-WaitingForSummerMarch2018_FailArmy88,1,5.289,6.653,-1,-1,OOPS
falls/FailsYouMissed-WaitingForSummerMarch2018_FailArmy88,2,6.653,7.639,-1,-1,OOPS
falls/FailsYouMissed-WaitingForSummerMarch2018_FailArmy88,9,7.639,10.228,-1,-1,OOPS
falls/FailsYouMissed-WaitingForSummerMarch2018_FailArmy88,1,10.228,11.739,-1,-1,OOPS
falls/FailsYouMissed-WaitingForSummerMarch2018_FailArmy88,2,11.739,14.60501,-1,-1,OOPS
falls/FailsatHome-HomeIsWhereTheFailIsMay2018_FailArmy10,9,0.0,9.826,-1,-1,OOPS
falls/FailsatHome-HomeIsWhereTheFailIsMay2018_FailArmy10,8,9.826,10.424,-1,-1,OOPS
falls/FailsatHome-HomeIsWhereTheFailIsMay2018_FailArmy10,0,10.424,12.546,-1,-1,OOPS
falls/FailsatHome-HomeIsWhereTheFailIsMay2018_FailArmy15,9,0.0,9.644,-1,-1,OOPS
falls/FailsatHome-HomeIsWhereTheFailIsMay2018_FailArmy15,0,9.644,11.547,-1,-1,OOPS
falls/FailsatHome-HomeIsWhereTheFailIsMay2018_FailArmy15,1,11.547,13.358,-1,-1,OOPS
falls/FailsatHome-HomeIsWhereTheFailIsMay2018_FailArmy15,2,13.358,14.502,-1,-1,OOPS
falls/FailsatHome-HomeIsWhereTheFailIsMay2018_FailArmy15,7,14.502,16.718,-1,-1,OOPS
falls/FailsatHome-HomeIsWhereTheFailIsMay2018_FailArmy15,9,16.718,18.765,-1,-1,OOPS
falls/FailsatHome-HomeIsWhereTheFailIsMay2018_FailArmy15,9,18.765,21.815,-1,-1,OOPS
falls/FailsatHome-HomeIsWhereTheFailIsMay2018_FailArmy15,8,21.815,29.90701,-1,-1,OOPS
falls/FailsatHome-HomeIsWhereTheFailIsMay2018_FailArmy18,9,0.0,1.002,-1,-1,OOPS
falls/FailsatHome-HomeIsWhereTheFailIsMay2018_FailArmy18,0,1.002,3.256,-1,-1,OOPS
falls/FailsatHome-HomeIsWhereTheFailIsMay2018_FailArmy18,8,3.256,5.05,-1,-1,OOPS
falls/FailsatHome-HomeIsWhereTheFailIsMay2018_FailArmy18,0,5.05,6.339,-1,-1,OOPS
falls/FailsatHome-HomeIsWhereTheFailIsMay2018_FailArmy18,1,6.339,8.34168,-1,-1,OOPS
falls/FailsatHome-HomeIsWhereTheFailIsMay2018_FailArmy30,9,0.0,4.841,-1,-1,OOPS
falls/FailsatHome-HomeIsWhereTheFailIsMay2018_FailArmy30,1,4.841,5.356,-1,-1,OOPS
falls/FailsatHome-HomeIsWhereTheFailIsMay2018_FailArmy5,9,0.0,2.299,-1,-1,OOPS
falls/FailsatHome-HomeIsWhereTheFailIsMay2018_FailArmy5,1,2.299,6.988,-1,-1,OOPS
falls/FailsatHome-HomeIsWhereTheFailIsMay2018_FailArmy5,2,6.988,8.242,-1,-1,OOPS
falls/FailsatHome-HomeIsWhereTheFailIsMay2018_FailArmy6,4,0.0,4.315,-1,-1,OOPS
falls/FailsatHome-HomeIsWhereTheFailIsMay2018_FailArmy6,9,4.315,7.909,-1,-1,OOPS
falls/FailsatHome-HomeIsWhereTheFailIsMay2018_FailArmy6,1,7.909,9.844,-1,-1,OOPS
falls/FailsatHome-HomeIsWhereTheFailIsMay2018_FailArmy6,9,9.844,27.032,-1,-1,OOPS
falls/FailsatHome-HomeIsWhereTheFailIsMay2018_FailArmy6,8,27.032,37.833,-1,-1,OOPS
falls/FailsatHome-HomeIsWhereTheFailIsMay2018_FailArmy6,9,37.833,43.282,-1,-1,OOPS
falls/FailsoftheMonth-FailingintoSummerlikeMay201712,9,0.0,2.789,-1,-1,OOPS
falls/FailsoftheMonth-FailingintoSummerlikeMay201712,1,2.789,5.024,-1,-1,OOPS
falls/FailsoftheMonth-FailingintoSummerlikeMay201712,4,5.024,5.713,-1,-1,OOPS
falls/FailsoftheMonth-FailingintoSummerlikeMay201712,7,5.713,8.965,-1,-1,OOPS
falls/FailsoftheMonth-FailingintoSummerlikeMay201712,8,8.965,10.124,-1,-1,OOPS
falls/FailsoftheMonth-FailingintoSummerlikeMay201712,8,10.124,13.219,-1,-1,OOPS
falls/FailsoftheMonth-FailingintoSummerlikeMay201724,9,0.0,7.026,-1,-1,OOPS
falls/FailsoftheMonth-FailingintoSummerlikeMay201724,0,7.026,7.796,-1,-1,OOPS
falls/FailsoftheMonth-FailingintoSummerlikeMay201724,8,7.796,8.806,-1,-1,OOPS
falls/FailsoftheMonth-FailingintoSummerlikeMay201724,0,8.806,11.77844,-1,-1,OOPS
falls/FailsoftheMonth-FailingintoSummerlikeMay201727,6,0.0,1.166,-1,-1,OOPS
falls/FailsoftheMonth-FailingintoSummerlikeMay201727,7,1.166,2.55,-1,-1,OOPS
falls/FailsoftheMonth-FailingintoSummerlikeMay201727,15,2.55,2.985,-1,-1,OOPS
falls/FailsoftheMonth-FailingintoSummerlikeMay201727,1,2.985,4.617,-1,-1,OOPS
falls/FailsoftheMonth-FailingintoSummerlikeMay201727,2,4.617,6.545,-1,-1,OOPS
falls/FailsoftheMonth-FailingintoSummerlikeMay201727,7,6.545,9.123,-1,-1,OOPS
falls/FailsoftheMonth-FailingintoSummerlikeMay201727,0,9.123,10.14348,-1,-1,OOPS
falls/FailsoftheMonth-FailingintoSummerlikeMay201738,9,0.0,2.455,-1,-1,OOPS
falls/FailsoftheMonth-FailingintoSummerlikeMay201738,1,2.455,5.33,-1,-1,OOPS
falls/FailsoftheMonth-FailingintoSummerlikeMay201741,9,0.0,3.728,-1,-1,OOPS
falls/FailsoftheMonth-FailingintoSummerlikeMay201741,1,3.728,5.058,-1,-1,OOPS
falls/FailsoftheMonth-FailingintoSummerlikeMay201741,9,5.058,11.25984,-1,-1,OOPS
falls/FailsoftheMonth-FailingintoSummerlikeMay201742,11,0.0,1.815,-1,-1,OOPS
falls/FailsoftheMonth-FailingintoSummerlikeMay201742,7,1.815,4.971,-1,-1,OOPS
falls/FailsoftheMonth-FailingintoSummerlikeMay201742,13,4.971,5.346,-1,-1,OOPS
falls/FailsoftheMonth-FailingintoSummerlikeMay201742,7,5.346,9.241,-1,-1,OOPS
falls/FailsoftheMonth-FailingintoSummerlikeMay201742,8,9.241,9.979,-1,-1,OOPS
falls/FailsoftheMonth-FailingintoSummerlikeMay201742,1,9.979,13.084,-1,-1,OOPS
falls/FailsoftheMonth-FailingintoSummerlikeMay201742,2,13.084,15.08175,-1,-1,OOPS
falls/FailsoftheMonth-FailingintoSummerlikeMay201750,9,0.0,4.031,-1,-1,OOPS
falls/FailsoftheMonth-FailingintoSummerlikeMay201750,1,4.031,7.382,-1,-1,OOPS
falls/FailsoftheMonth-FailingintoSummerlikeMay201750,7,7.382,8.05701,-1,-1,OOPS
falls/FailsoftheMonth-FailingintoSummerlikeMay201757,6,0.0,10.251,-1,-1,OOPS
falls/FailsoftheMonth-FailingintoSummerlikeMay201757,7,10.251,13.01,-1,-1,OOPS
falls/FailsoftheMonth-FailingintoSummerlikeMay201757,0,13.01,15.376,-1,-1,OOPS
falls/FailsoftheMonth-FailingintoSummerlikeMay201757,8,15.376,15.624,-1,-1,OOPS
falls/FailsoftheMonth-FailingintoSummerlikeMay201757,9,15.624,18.526,-1,-1,OOPS
falls/FailsoftheMonth-FailingintoSummerlikeMay201757,1,18.526,20.177,-1,-1,OOPS
falls/FailsoftheMonth-FailingintoSummerlikeMay201757,2,20.177,22.448,-1,-1,OOPS
falls/FailsoftheMonth-FailingintoSummerlikeMay201757,7,22.448,31.83399,-1,-1,OOPS
falls/FailsoftheMonth-FailureInFullForceJanuary2017_FailArmy23,1,0.0,1.107,-1,-1,OOPS
falls/FailsoftheMonth-FailureInFullForceJanuary2017_FailArmy23,7,1.107,2.303,-1,-1,OOPS
falls/FailsoftheMonth-FailureInFullForceJanuary2017_FailArmy23,0,2.303,3.82,-1,-1,OOPS
falls/FailsoftheMonth-FailureInFullForceJanuary2017_FailArmy23,8,3.82,8.389,-1,-1,OOPS
falls/FailsoftheMonth-FailureInFullForceJanuary2017_FailArmy23,9,8.389,9.927,-1,-1,OOPS
falls/FailsoftheMonth-FailureInFullForceJanuary2017_FailArmy23,0,9.927,11.481,-1,-1,OOPS
falls/FailsoftheMonth-FailureInFullForceJanuary2017_FailArmy23,9,11.481,12.56596,-1,-1,OOPS
falls/FailsoftheMonth-FailureInFullForceJanuary2017_FailArmy27,9,0.0,6.473,-1,-1,OOPS
falls/FailsoftheMonth-FailureInFullForceJanuary2017_FailArmy27,1,6.473,8.927,-1,-1,OOPS
falls/FailsoftheMonth-FailureInFullForceJanuary2017_FailArmy27,9,8.927,11.15501,-1,-1,OOPS
falls/FailsoftheMonth-FailureInFullForceJanuary2017_FailArmy3,4,0.0,1.164,-1,-1,OOPS
falls/FailsoftheMonth-FailureInFullForceJanuary2017_FailArmy3,9,1.164,2.024,-1,-1,OOPS
falls/FailsoftheMonth-FailureInFullForceJanuary2017_FailArmy3,1,2.024,3.215,-1,-1,OOPS
falls/FailsoftheMonth-FailureInFullForceJanuary2017_FailArmy3,2,3.215,5.71199,-1,-1,OOPS
falls/FailsoftheMonth-FailureInFullForceJanuary2017_FailArmy32,9,0.0,0.916,-1,-1,OOPS
falls/FailsoftheMonth-FailureInFullForceJanuary2017_FailArmy32,4,0.916,3.696,-1,-1,OOPS
falls/FailsoftheMonth-FailureInFullForceJanuary2017_FailArmy32,1,3.696,5.392,-1,-1,OOPS
falls/FailsoftheMonth-FailureInFullForceJanuary2017_FailArmy32,2,5.392,8.10299,-1,-1,OOPS
falls/FailsoftheMonth-FailureInFullForceJanuary2017_FailArmy37,5,0.0,0.779,-1,-1,OOPS
falls/FailsoftheMonth-FailureInFullForceJanuary2017_FailArmy37,7,0.779,1.551,-1,-1,OOPS
falls/FailsoftheMonth-FailureInFullForceJanuary2017_FailArmy37,15,1.551,2.208,-1,-1,OOPS
falls/FailsoftheMonth-FailureInFullForceJanuary2017_FailArmy37,1,2.208,4.205,-1,-1,OOPS
falls/FailsoftheMonth-FailureInFullForceJanuary2017_FailArmy37,11,4.205,5.684,-1,-1,OOPS
falls/FailsoftheMonth-FailureInFullForceJanuary2017_FailArmy37,14,5.684,9.04238,-1,-1,OOPS
falls/FailsoftheMonth-FailureInFullForceJanuary2017_FailArmy38,0,0.0,1.132,-1,-1,OOPS
falls/FailsoftheMonth-FailureInFullForceJanuary2017_FailArmy38,9,1.132,1.947,-1,-1,OOPS
falls/FailsoftheMonth-FailureInFullForceJanuary2017_FailArmy38,8,1.947,2.508,-1,-1,OOPS
falls/FailsoftheMonth-FailureInFullForceJanuary2017_FailArmy38,0,2.508,6.78,-1,-1,OOPS
falls/FailsoftheMonth-FailureInFullForceJanuary2017_FailArmy48,9,0.0,2.413,-1,-1,OOPS
falls/FailsoftheMonth-FailureInFullForceJanuary2017_FailArmy48,15,2.413,2.982,-1,-1,OOPS
falls/FailsoftheMonth-FailureInFullForceJanuary2017_FailArmy48,1,2.982,5.49,-1,-1,OOPS
falls/FailsoftheMonth-FailureInFullForceJanuary2017_FailArmy48,5,5.49,7.11,-1,-1,OOPS
falls/FailsoftheMonth-FailureInFullForceJanuary2017_FailArmy48,2,7.11,10.45,-1,-1,OOPS
falls/FailsoftheMonth-FailureInFullForceJanuary2017_FailArmy9,8,0.0,1.977,-1,-1,OOPS
falls/FailsoftheMonth-FailureInFullForceJanuary2017_FailArmy9,1,1.977,2.909,-1,-1,OOPS
falls/FailsoftheMonth-FailureInFullForceJanuary2017_FailArmy9,2,2.909,4.529,-1,-1,OOPS
falls/FailsoftheMonth-FailureInFullForceJanuary2017_FailArmy9,7,4.529,5.943,-1,-1,OOPS
falls/FailsoftheMonth-FailureInFullForceJanuary2017_FailArmy9,1,5.943,6.626,-1,-1,OOPS
falls/FailsoftheMonth-FailureInFullForceJanuary2017_FailArmy9,7,6.626,8.277,-1,-1,OOPS
falls/FailsoftheMonth-FailureInFullForceJanuary2017_FailArmy9,14,8.277,9.296,-1,-1,OOPS
falls/FailsoftheMonth-FailureInFullForceJanuary2017_FailArmy9,1,9.296,11.169,-1,-1,OOPS
falls/FailsoftheMonth-FailureInFullForceJanuary2017_FailArmy9,7,11.169,12.481,-1,-1,OOPS
falls/FailsoftheMonth-FailureInFullForceJanuary2017_FailArmy9,1,12.481,13.769,-1,-1,OOPS
falls/FailsoftheMonth-FailureInFullForceJanuary2017_FailArmy9,7,13.769,14.344,-1,-1,OOPS
falls/FailsoftheMonth-FailureInFullForceJanuary2017_FailArmy9,1,14.344,15.127,-1,-1,OOPS
falls/FailsoftheMonth-FailureInFullForceJanuary2017_FailArmy9,7,15.127,16.224,-1,-1,OOPS
falls/FailsoftheMonth-FailureInFullForceJanuary2017_FailArmy9,1,16.224,17.28395,-1,-1,OOPS
falls/FailsoftheMonth-GetReadyToLaughApril201711,9,0.0,4.75,-1,-1,OOPS
falls/FailsoftheMonth-GetReadyToLaughApril201711,1,4.75,5.873,-1,-1,OOPS
falls/FailsoftheMonth-GetReadyToLaughApril201711,9,5.873,8.63782,-1,-1,OOPS
falls/FailsoftheMonth-GetReadyToLaughApril201737,9,0.0,3.047,-1,-1,OOPS
falls/FailsoftheMonth-GetReadyToLaughApril201737,9,3.047,3.567,-1,-1,OOPS
falls/FailsoftheMonth-GetReadyToLaughApril201737,1,3.567,4.858,-1,-1,OOPS
falls/FailsoftheMonth-GetReadyToLaughApril201737,2,4.858,5.288,-1,-1,OOPS
falls/FailsoftheMonth-GetReadyToLaughApril201737,7,5.288,6.96,-1,-1,OOPS
falls/FailsoftheMonth-GetReadyToLaughApril201737,11,6.96,8.07474,-1,-1,OOPS
falls/FailsoftheMonth-GetReadyToLaughApril201744,9,0.0,1.159,-1,-1,OOPS
falls/FailsoftheMonth-GetReadyToLaughApril201744,1,1.159,3.191,-1,-1,OOPS
falls/FailsoftheMonth-GetReadyToLaughApril201744,4,3.191,4.8048,-1,-1,OOPS
falls/FailsoftheMonth-GetReadyToLaughApril20178,9,0.0,0.577,-1,-1,OOPS
falls/FailsoftheMonth-GetReadyToLaughApril20178,0,0.577,1.15,-1,-1,OOPS
falls/FailsoftheMonth-GetReadyToLaughApril20178,9,1.15,2.494,-1,-1,OOPS
falls/FailsoftheMonth-GetReadyToLaughApril20178,1,2.494,4.182,-1,-1,OOPS
falls/FailsoftheMonth-GetReadyToLaughApril20178,11,4.182,4.93,-1,-1,OOPS
falls/FailsoftheMonth-GetReadyToLaughApril20178,7,4.93,5.591,-1,-1,OOPS
falls/FailsoftheMonth-StuckTheLanding_FailArmy18,9,0.0,6.393,-1,-1,OOPS
falls/FailsoftheMonth-StuckTheLanding_FailArmy18,1,6.393,7.831,-1,-1,OOPS
falls/FailsoftheMonth-StuckTheLanding_FailArmy18,2,7.831,11.04438,-1,-1,OOPS
falls/FailsoftheMonth-StuckTheLanding_FailArmy29,9,0.0,4.428,-1,-1,OOPS
falls/FailsoftheMonth-StuckTheLanding_FailArmy29,1,4.428,6.206,-1,-1,OOPS
falls/FailsoftheMonth-StuckTheLanding_FailArmy29,2,6.206,9.47614,-1,-1,OOPS
falls/FailsoftheMonth-StuckTheLanding_FailArmy3,9,0.0,0.411,-1,-1,OOPS
falls/FailsoftheMonth-StuckTheLanding_FailArmy3,8,0.411,1.047,-1,-1,OOPS
falls/FailsoftheMonth-StuckTheLanding_FailArmy3,0,1.047,2.087,-1,-1,OOPS
falls/FailsoftheMonth-StuckTheLanding_FailArmy3,9,2.087,2.746,-1,-1,OOPS
falls/FailsoftheMonth-StuckTheLanding_FailArmy3,1,2.746,4.132,-1,-1,OOPS
falls/FailsoftheMonth-StuckTheLanding_FailArmy3,4,4.132,8.409,-1,-1,OOPS
falls/FailsoftheMonth-StuckTheLanding_FailArmy3,9,8.409,9.512,-1,-1,OOPS
falls/FailsoftheMonth-StuckTheLanding_FailArmy3,0,9.512,10.36,-1,-1,OOPS
falls/FailsoftheMonth-StuckTheLanding_FailArmy3,1,10.36,11.719,-1,-1,OOPS
falls/FailsoftheMonth-StuckTheLanding_FailArmy3,2,11.719,13.875,-1,-1,OOPS
falls/FailsoftheMonth-StuckTheLanding_FailArmy3,7,13.875,17.704,-1,-1,OOPS
falls/FailsoftheMonth-StuckTheLanding_FailArmy3,8,17.704,18.364,-1,-1,OOPS
falls/FailsoftheMonth-StuckTheLanding_FailArmy3,9,18.364,21.315,-1,-1,OOPS
falls/FailsoftheMonth-StuckTheLanding_FailArmy3,1,21.315,22.239,-1,-1,OOPS
falls/FailsoftheMonth-StuckTheLanding_FailArmy3,2,22.239,26.099,-1,-1,OOPS
falls/FailsoftheMonth-StuckTheLanding_FailArmy30,6,0.0,0.3,-1,-1,OOPS
falls/FailsoftheMonth-StuckTheLanding_FailArmy30,15,0.3,1.08,-1,-1,OOPS
falls/FailsoftheMonth-StuckTheLanding_FailArmy30,1,1.08,1.77,-1,-1,OOPS
falls/FailsoftheMonth-StuckTheLanding_FailArmy30,7,1.77,2.563,-1,-1,OOPS
falls/FailsoftheMonth-StuckTheLanding_FailArmy30,11,2.563,2.783,-1,-1,OOPS
falls/FailsoftheMonth-StuckTheLanding_FailArmy30,6,2.783,3.043,-1,-1,OOPS
falls/FailsoftheMonth-StuckTheLanding_FailArmy30,15,3.043,3.768,-1,-1,OOPS
falls/FailsoftheMonth-StuckTheLanding_FailArmy30,1,3.768,5.885,-1,-1,OOPS
falls/FailsoftheMonth-StuckTheLanding_FailArmy30,2,5.885,6.317,-1,-1,OOPS
falls/FailsoftheMonth-StuckTheLanding_FailArmy30,6,6.317,7.062,-1,-1,OOPS
falls/FailsoftheMonth-StuckTheLanding_FailArmy30,15,7.062,7.69,-1,-1,OOPS
falls/FailsoftheMonth-StuckTheLanding_FailArmy30,1,7.69,8.754,-1,-1,OOPS
falls/FailsoftheMonth-StuckTheLanding_FailArmy30,6,8.754,9.877,-1,-1,OOPS
falls/FailsoftheMonth-StuckTheLanding_FailArmy30,15,9.877,10.527,-1,-1,OOPS
falls/FailsoftheMonth-StuckTheLanding_FailArmy30,1,10.527,11.551,-1,-1,OOPS
falls/FailsoftheMonth-StuckTheLanding_FailArmy30,2,11.551,13.839,-1,-1,OOPS
falls/FailsoftheMonth-StuckTheLanding_FailArmy37,6,0.0,12.386,-1,-1,OOPS
falls/FailsoftheMonth-StuckTheLanding_FailArmy37,1,12.386,13.514,-1,-1,OOPS
falls/FailsoftheMonth-StuckTheLanding_FailArmy37,2,13.514,21.893,-1,-1,OOPS
falls/FailsoftheMonth-StuckTheLanding_FailArmy37,7,21.893,27.99466,-1,-1,OOPS
falls/FailsoftheMonthAugust2016_FailArmy36,5,0.0,2.831,-1,-1,OOPS
falls/FailsoftheMonthAugust2016_FailArmy36,9,2.831,4.198,-1,-1,OOPS
falls/FailsoftheMonthAugust2016_FailArmy36,6,4.198,9.66,-1,-1,OOPS
falls/FailsoftheMonthAugust2016_FailArmy36,9,9.66,19.453,-1,-1,OOPS
falls/FailsoftheMonthAugust2016_FailArmy36,1,19.453,20.672,-1,-1,OOPS
falls/FailsoftheMonthAugust2016_FailArmy36,2,20.672,22.304,-1,-1,OOPS
falls/FailsoftheMonthAugust2016_FailArmy36,9,22.304,24.954,-1,-1,OOPS
falls/FailsoftheMonthAugust2016_FailArmy36,1,24.954,26.559,-1,-1,OOPS
falls/FailsoftheMonthAugust2016_FailArmy36,2,26.559,28.23501,-1,-1,OOPS
falls/FailsoftheMonthAugust2016_FailArmy52,4,0.0,6.11,-1,-1,OOPS
falls/FailsoftheMonthAugust2016_FailArmy52,1,6.11,7.00701,-1,-1,OOPS
falls/FailsoftheMonthDecember2016_FailArmy11,8,0.0,0.52,-1,-1,OOPS
falls/FailsoftheMonthDecember2016_FailArmy11,9,0.52,6.723,-1,-1,OOPS
falls/FailsoftheMonthDecember2016_FailArmy11,1,6.723,9.139,-1,-1,OOPS
falls/FailsoftheMonthDecember2016_FailArmy11,7,9.139,10.221,-1,-1,OOPS
falls/FailsoftheMonthDecember2016_FailArmy11,0,10.221,11.958,-1,-1,OOPS
falls/FailsoftheMonthDecember2016_FailArmy11,8,11.958,13.93197,-1,-1,OOPS
falls/FailsoftheMonthDecember2016_FailArmy42,9,0.0,3.395,-1,-1,OOPS
falls/FailsoftheMonthDecember2016_FailArmy42,1,3.395,4.307,-1,-1,OOPS
falls/FailsoftheMonthDecember2016_FailArmy42,2,4.307,5.934,-1,-1,OOPS
falls/FailsoftheMonthDecember2016_FailArmy42,7,5.934,7.04,-1,-1,OOPS
falls/FailsoftheMonthDecember2016_FailArmy43,9,0.0,1.666,-1,-1,OOPS
falls/FailsoftheMonthDecember2016_FailArmy43,15,1.666,2.172,-1,-1,OOPS
falls/FailsoftheMonthDecember2016_FailArmy43,1,2.172,3.813,-1,-1,OOPS
falls/FailsoftheMonthDecember2016_FailArmy43,7,3.813,4.755,-1,-1,OOPS
falls/FailsoftheMonthDecember2016_FailArmy43,4,4.755,5.46,-1,-1,OOPS
falls/FailsoftheMonthDecember2016_FailArmy45,9,0.0,5.074,-1,-1,OOPS
falls/FailsoftheMonthDecember2016_FailArmy45,1,5.074,6.49,-1,-1,OOPS
falls/FailsoftheMonthDecember2016_FailArmy45,7,6.49,9.131,-1,-1,OOPS
falls/FailsoftheMonthDecember2016_FailArmy45,0,9.131,9.47614,-1,-1,OOPS
falls/FailsoftheMonthDecember2016_FailArmy5,1,0.0,0.745,-1,-1,OOPS
falls/FailsoftheMonthDecember2016_FailArmy5,9,0.745,3.647,-1,-1,OOPS
falls/FailsoftheMonthDecember2016_FailArmy5,1,3.647,6.124,-1,-1,OOPS
falls/FailsoftheMonthDecember2016_FailArmy5,7,6.124,7.092,-1,-1,OOPS
falls/FailsoftheMonthDecember2016_FailArmy5,0,7.092,10.053,-1,-1,OOPS
falls/FailsoftheMonthDecember2016_FailArmy5,1,10.053,10.91091,-1,-1,OOPS
falls/FailsoftheMonthDecember2016_FailArmy56,8,0.0,2.61,-1,-1,OOPS
falls/FailsoftheMonthDecember2016_FailArmy56,9,2.61,6.325,-1,-1,OOPS
falls/FailsoftheMonthDecember2016_FailArmy56,1,6.325,8.208,-1,-1,OOPS
falls/FailsoftheMonthDecember2016_FailArmy56,2,8.208,10.77744,-1,-1,OOPS
falls/FailsoftheMonthDecember2016_FailArmy6,8,0.0,0.873,-1,-1,OOPS
falls/FailsoftheMonthDecember2016_FailArmy6,12,0.873,1.165,-1,-1,OOPS
falls/FailsoftheMonthDecember2016_FailArmy6,15,1.165,1.656,-1,-1,OOPS
falls/FailsoftheMonthDecember2016_FailArmy6,9,1.656,3.857,-1,-1,OOPS
falls/FailsoftheMonthDecember2016_FailArmy6,1,3.857,5.07174,-1,-1,OOPS
falls/FailsoftheMonthFebruary2017_FailArmy12,0,0.0,1.813,-1,-1,OOPS
falls/FailsoftheMonthFebruary2017_FailArmy12,15,1.813,2.459,-1,-1,OOPS
falls/FailsoftheMonthFebruary2017_FailArmy12,1,2.459,3.577,-1,-1,OOPS
falls/FailsoftheMonthFebruary2017_FailArmy12,2,3.577,4.272,-1,-1,OOPS
falls/FailsoftheMonthFebruary2017_FailArmy16,9,0.0,2.96,-1,-1,OOPS
falls/FailsoftheMonthFebruary2017_FailArmy16,0,2.96,3.842,-1,-1,OOPS
falls/FailsoftheMonthFebruary2017_FailArmy16,1,3.842,4.783,-1,-1,OOPS
falls/FailsoftheMonthFebruary2017_FailArmy16,2,4.783,6.68801,-1,-1,OOPS
falls/FailsoftheMonthFebruary2017_FailArmy24,9,0.0,2.046,-1,-1,OOPS
falls/FailsoftheMonthFebruary2017_FailArmy24,1,2.046,3.487,-1,-1,OOPS
falls/FailsoftheMonthFebruary2017_FailArmy24,2,3.487,5.10511,-1,-1,OOPS
falls/FailsoftheMonthFebruary2017_FailArmy29,9,0.0,1.367,-1,-1,OOPS
falls/FailsoftheMonthFebruary2017_FailArmy29,15,1.367,2.782,-1,-1,OOPS
falls/FailsoftheMonthFebruary2017_FailArmy29,1,2.782,7.555,-1,-1,OOPS
falls/FailsoftheMonthFebruary2017_FailArmy29,2,7.555,10.81501,-1,-1,OOPS
falls/FailsoftheMonthFebruary2017_FailArmy3,9,0.0,3.791,-1,-1,OOPS
falls/FailsoftheMonthFebruary2017_FailArmy3,1,3.791,5.74801,-1,-1,OOPS
falls/FailsoftheMonthFebruary2017_FailArmy30,9,0.0,9.682,-1,-1,OOPS
falls/FailsoftheMonthFebruary2017_FailArmy37,9,0.0,2.262,-1,-1,OOPS
falls/FailsoftheMonthFebruary2017_FailArmy37,15,2.262,3.16,-1,-1,OOPS
falls/FailsoftheMonthFebruary2017_FailArmy37,1,3.16,5.67,-1,-1,OOPS
falls/FailsoftheMonthFebruary2017_FailArmy37,4,5.67,7.19,-1,-1,OOPS
falls/FailsoftheMonthFebruary2017_FailArmy37,9,7.19,10.559,-1,-1,OOPS
falls/FailsoftheMonthFebruary2017_FailArmy37,1,10.559,10.711,-1,-1,OOPS
falls/FailsoftheMonthJuly2016_FailArmy13,9,0.0,0.394,-1,-1,OOPS
falls/FailsoftheMonthJuly2016_FailArmy13,0,0.394,0.889,-1,-1,OOPS
falls/FailsoftheMonthJuly2016_FailArmy13,9,0.889,2.009,-1,-1,OOPS
falls/FailsoftheMonthJuly2016_FailArmy13,8,2.009,3.473,-1,-1,OOPS
falls/FailsoftheMonthJuly2016_FailArmy13,1,3.473,4.533,-1,-1,OOPS
falls/FailsoftheMonthJuly2016_FailArmy13,11,4.533,4.885,-1,-1,OOPS
falls/FailsoftheMonthJuly2016_FailArmy13,9,4.885,18.88555,-1,-1,OOPS
falls/FailsoftheMonthJuly2016_FailArmy21,9,0.0,2.501,-1,-1,OOPS
falls/FailsoftheMonthJuly2016_FailArmy21,1,2.501,4.849,-1,-1,OOPS
falls/FailsoftheMonthJuly2016_FailArmy21,2,4.849,6.17601,-1,-1,OOPS
falls/FailsoftheMonthJuly2016_FailArmy31,9,0.0,0.508,-1,-1,OOPS
falls/FailsoftheMonthJuly2016_FailArmy31,5,0.508,1.466,-1,-1,OOPS
falls/FailsoftheMonthJuly2016_FailArmy31,7,1.466,2.28,-1,-1,OOPS
falls/FailsoftheMonthJuly2016_FailArmy31,0,2.28,3.373,-1,-1,OOPS
falls/FailsoftheMonthJuly2016_FailArmy31,9,3.373,4.451,-1,-1,OOPS
falls/FailsoftheMonthJuly2016_FailArmy31,0,4.451,5.343,-1,-1,OOPS
falls/FailsoftheMonthJuly2016_FailArmy31,9,5.343,6.298,-1,-1,OOPS
falls/FailsoftheMonthJuly2016_FailArmy31,5,6.298,7.172,-1,-1,OOPS
falls/FailsoftheMonthJuly2016_FailArmy31,7,7.172,8.525,-1,-1,OOPS
falls/FailsoftheMonthJuly2016_FailArmy31,9,8.525,11.906,-1,-1,OOPS
falls/FailsoftheMonthJuly2016_FailArmy31,15,11.906,12.306,-1,-1,OOPS
falls/FailsoftheMonthJuly2016_FailArmy31,1,12.306,13.054,-1,-1,OOPS
falls/FailsoftheMonthJuly2016_FailArmy31,7,13.054,14.922,-1,-1,OOPS
falls/FailsoftheMonthJuly2016_FailArmy31,8,14.922,16.90399,-1,-1,OOPS
falls/FailsoftheMonthJuly2016_FailArmy42,9,0.0,2.249,-1,-1,OOPS
falls/FailsoftheMonthJuly2016_FailArmy42,15,2.249,2.65,-1,-1,OOPS
falls/FailsoftheMonthJuly2016_FailArmy42,1,2.65,4.896,-1,-1,OOPS
falls/FailsoftheMonthJuly2016_FailArmy42,2,4.896,6.085,-1,-1,OOPS
falls/FailsoftheMonthJuly2016_FailArmy42,9,6.085,9.694,-1,-1,OOPS
falls/FailsoftheMonthJuly2016_FailArmy42,1,9.694,11.597,-1,-1,OOPS
falls/FailsoftheMonthJuly2016_FailArmy42,2,11.597,15.85701,-1,-1,OOPS
falls/FailsoftheMonthJuly2016_FailArmy5,0,0.0,3.076,-1,-1,OOPS
falls/FailsoftheMonthJuly2016_FailArmy5,1,3.076,6.024,-1,-1,OOPS
falls/FailsoftheMonthJuly2016_FailArmy5,2,6.024,9.961,-1,-1,OOPS
falls/FailsoftheMonthJuly2016_FailArmy8,0,0.0,1.431,-1,-1,OOPS
falls/FailsoftheMonthJuly2016_FailArmy8,1,1.431,3.412,-1,-1,OOPS
falls/FailsoftheMonthJuly2016_FailArmy8,7,3.412,4.90491,-1,-1,OOPS
falls/FailsoftheMonthOctober2016_FailArmy32,0,0.0,1.276,-1,-1,OOPS
falls/FailsoftheMonthOctober2016_FailArmy32,15,1.276,1.636,-1,-1,OOPS
falls/FailsoftheMonthOctober2016_FailArmy32,1,1.636,3.16931,-1,-1,OOPS
falls/FailsoftheMonthOctober2016_FailArmy4,9,0.0,3.309,-1,-1,OOPS
falls/FailsoftheMonthOctober2016_FailArmy4,1,3.309,4.217,-1,-1,OOPS
falls/FailsoftheMonthOctober2016_FailArmy4,2,4.217,6.214,-1,-1,OOPS
falls/FailsoftheMonthOctober2016_FailArmy4,8,6.214,8.875,-1,-1,OOPS
falls/FailsoftheMonthOctober2016_FailArmy4,1,8.875,10.513,-1,-1,OOPS
falls/FailsoftheMonthOctober2016_FailArmy4,2,10.513,11.991,-1,-1,OOPS
falls/FailsoftheMonthOctober2016_FailArmy42,9,0.0,0.867,-1,-1,OOPS
falls/FailsoftheMonthOctober2016_FailArmy42,1,0.867,4.823,-1,-1,OOPS
falls/FailsoftheMonthOctober2016_FailArmy42,2,4.823,6.009,-1,-1,OOPS
falls/FailsoftheMonthOctober2016_FailArmy56,9,0.0,2.143,-1,-1,OOPS
falls/FailsoftheMonthOctober2016_FailArmy56,0,2.143,3.475,-1,-1,OOPS
falls/FailsoftheMonthOctober2016_FailArmy56,15,3.475,4.241,-1,-1,OOPS
falls/FailsoftheMonthOctober2016_FailArmy56,0,4.241,4.722,-1,-1,OOPS
falls/FailsoftheMonthOctober2016_FailArmy56,9,4.722,5.648,-1,-1,OOPS
falls/FailsoftheMonthOctober2016_FailArmy56,1,5.648,8.283,-1,-1,OOPS
falls/FailsoftheMonthOctober2016_FailArmy56,2,8.283,11.473,-1,-1,OOPS
falls/FailsoftheMonthOctober2016_FailArmy56,0,11.473,13.29,-1,-1,OOPS
falls/FailsoftheMonthOctober2016_FailArmy56,9,13.29,15.759,-1,-1,OOPS
falls/FailsoftheMonthOctober2016_FailArmy56,0,15.759,17.531,-1,-1,OOPS
falls/FailsoftheMonthOctober2016_FailArmy69,0,0.0,3.031,-1,-1,OOPS
falls/FailsoftheMonthOctober2016_FailArmy69,1,3.031,4.249,-1,-1,OOPS
falls/FailsoftheMonthSeptember2016_FailArmy11,9,0.0,1.738,-1,-1,OOPS
falls/FailsoftheMonthSeptember2016_FailArmy11,15,1.738,2.845,-1,-1,OOPS
falls/FailsoftheMonthSeptember2016_FailArmy11,1,2.845,4.582,-1,-1,OOPS
falls/FailsoftheMonthSeptember2016_FailArmy11,9,4.582,6.661,-1,-1,OOPS
falls/FailsoftheMonthSeptember2016_FailArmy11,1,6.661,7.984,-1,-1,OOPS
falls/FailsoftheMonthSeptember2016_FailArmy11,2,7.984,9.92701,-1,-1,OOPS
falls/FailsoftheMonthSeptember2016_FailArmy24,0,0.0,1.83,-1,-1,OOPS
falls/FailsoftheMonthSeptember2016_FailArmy24,9,1.83,6.192,-1,-1,OOPS
falls/FailsoftheMonthSeptember2016_FailArmy24,1,6.192,8.674,-1,-1,OOPS
falls/FailsoftheMonthSeptember2016_FailArmy24,2,8.674,11.1688,-1,-1,OOPS
falls/FailsoftheMonthSeptember2016_FailArmy3,9,0.0,1.587,-1,-1,OOPS
falls/FailsoftheMonthSeptember2016_FailArmy3,1,1.587,2.707,-1,-1,OOPS
falls/FailsoftheMonthSeptember2016_FailArmy3,2,2.707,3.449,-1,-1,OOPS
falls/FailsoftheMonthSeptember2016_FailArmy30,0,0.0,1.397,-1,-1,OOPS
falls/FailsoftheMonthSeptember2016_FailArmy30,1,1.397,2.812,-1,-1,OOPS
falls/FailsoftheMonthSeptember2016_FailArmy30,4,2.812,4.88596,-1,-1,OOPS
falls/FailsoftheMonthSeptember2016_FailArmy7,9,0.0,3.397,-1,-1,OOPS
falls/FailsoftheWeek-BetterLuckNextTimeJanuary2017_FailArmy22,9,0.0,5.421,-1,-1,OOPS
falls/FailsoftheWeek-BetterLuckNextTimeJanuary2017_FailArmy22,1,5.421,6.949,-1,-1,OOPS
falls/FailsoftheWeek-BetterLuckNextTimeJanuary2017_FailArmy22,4,6.949,9.449,-1,-1,OOPS
falls/FailsoftheWeek-BetterLuckNextTimeJanuary2017_FailArmy22,8,9.449,13.871,-1,-1,OOPS
falls/FailsoftheWeek-BetterLuckNextTimeJanuary2017_FailArmy22,1,13.871,16.542,-1,-1,OOPS
falls/FailsoftheWeek-BetterLuckNextTimeJanuary2017_FailArmy22,9,16.542,19.71299,-1,-1,OOPS
falls/FailsoftheWeek-BetterLuckNextTimeJanuary2017_FailArmy28,9,0.0,2.248,-1,-1,OOPS
falls/FailsoftheWeek-BetterLuckNextTimeJanuary2017_FailArmy28,15,2.248,3.266,-1,-1,OOPS
falls/FailsoftheWeek-BetterLuckNextTimeJanuary2017_FailArmy28,1,3.266,7.326,-1,-1,OOPS
falls/FailsoftheWeek-BetterLuckNextTimeJanuary2017_FailArmy28,2,7.326,8.961,-1,-1,OOPS
falls/FailsoftheWeek-BetterLuckNextTimeJanuary2017_FailArmy9,9,0.0,3.295,-1,-1,OOPS
falls/FailsoftheWeek-BetterLuckNextTimeJanuary2017_FailArmy9,0,3.295,4.712,-1,-1,OOPS
falls/FailsoftheWeek-BetterLuckNextTimeJanuary2017_FailArmy9,1,4.712,5.517,-1,-1,OOPS
falls/FailsoftheWeek-BetterLuckNextTimeJanuary2017_FailArmy9,4,5.517,17.88455,-1,-1,OOPS
falls/FailsoftheWeek-BigAir_BiggerFailsMarch2017_FailArmy33,0,0.0,3.215,-1,-1,OOPS
falls/FailsoftheWeek-BigAir_BiggerFailsMarch2017_FailArmy33,1,3.215,4.4,-1,-1,OOPS
falls/FailsoftheWeek-BigAir_BiggerFailsMarch2017_FailArmy33,2,4.4,5.27093,-1,-1,OOPS
falls/FailsoftheWeek-BigAir_BiggerFailsMarch2017_FailArmy39,9,0.0,2.768,-1,-1,OOPS
falls/FailsoftheWeek-BigAir_BiggerFailsMarch2017_FailArmy39,1,2.768,3.827,-1,-1,OOPS
falls/FailsoftheWeek-BigAir_BiggerFailsMarch2017_FailArmy39,2,3.827,6.73379,-1,-1,OOPS
falls/FailsoftheWeek-BridesmaidRuinsWeddingJune201712,9,0.0,2.148,-1,-1,OOPS
falls/FailsoftheWeek-BridesmaidRuinsWeddingJune201712,1,2.148,4.293,-1,-1,OOPS
falls/FailsoftheWeek-BridesmaidRuinsWeddingJune201712,4,4.293,6.307,-1,-1,OOPS
falls/FailsoftheWeek-BridesmaidRuinsWeddingJune201712,7,6.307,8.636,-1,-1,OOPS
falls/FailsoftheWeek-BridesmaidRuinsWeddingJune201712,0,8.636,9.588,-1,-1,OOPS
falls/FailsoftheWeek-BridesmaidRuinsWeddingJune201747,0,0.0,1.018,-1,-1,OOPS
falls/FailsoftheWeek-BridesmaidRuinsWeddingJune201747,9,1.018,2.675,-1,-1,OOPS
falls/FailsoftheWeek-BridesmaidRuinsWeddingJune201747,0,2.675,5.244,-1,-1,OOPS
falls/FailsoftheWeek-BridesmaidRuinsWeddingJune201747,8,5.244,6.116,-1,-1,OOPS
falls/FailsoftheWeek-BridesmaidRuinsWeddingJune201747,0,6.116,7.38,-1,-1,OOPS
falls/FailsoftheWeek-BridesmaidRuinsWeddingJune201747,9,7.38,9.832,-1,-1,OOPS
falls/FailsoftheWeek-BridesmaidRuinsWeddingJune201747,1,9.832,11.096,-1,-1,OOPS
falls/FailsoftheWeek-BridesmaidRuinsWeddingJune201747,2,11.096,12.968,-1,-1,OOPS
falls/FailsoftheWeek-BridesmaidRuinsWeddingJune201747,7,12.968,14.708,-1,-1,OOPS
falls/FailsoftheWeek-BridesmaidRuinsWeddingJune20177,8,0.0,1.023,-1,-1,OOPS
falls/FailsoftheWeek-BridesmaidRuinsWeddingJune20177,15,1.023,1.265,-1,-1,OOPS
falls/FailsoftheWeek-BridesmaidRuinsWeddingJune20177,1,1.265,2.368,-1,-1,OOPS
falls/FailsoftheWeek-BridesmaidRuinsWeddingJune20177,2,2.368,3.239,-1,-1,OOPS
falls/FailsoftheWeek-BridesmaidRuinsWeddingJune20177,7,3.239,4.415,-1,-1,OOPS
falls/FailsoftheWeek-DoWhatYouCanFebruary2017_FailArmy18,9,0.0,1.927,-1,-1,OOPS
falls/FailsoftheWeek-DoWhatYouCanFebruary2017_FailArmy18,15,1.927,2.427,-1,-1,OOPS
falls/FailsoftheWeek-DoWhatYouCanFebruary2017_FailArmy18,1,2.427,4.596,-1,-1,OOPS
falls/FailsoftheWeek-DoWhatYouCanFebruary2017_FailArmy18,2,4.596,5.153,-1,-1,OOPS
falls/FailsoftheWeek-DoWhatYouCanFebruary2017_FailArmy18,9,5.153,6.563,-1,-1,OOPS
falls/FailsoftheWeek-DoWhatYouCanFebruary2017_FailArmy18,7,6.563,7.04,-1,-1,OOPS
falls/FailsoftheWeek-DoWhatYouCanFebruary2017_FailArmy18,0,7.04,8.369,-1,-1,OOPS
falls/FailsoftheWeek-DoWhatYouCanFebruary2017_FailArmy18,1,8.369,9.345,-1,-1,OOPS
falls/FailsoftheWeek-DoWhatYouCanFebruary2017_FailArmy18,2,9.345,10.794,-1,-1,OOPS
falls/FailsoftheWeek-DoWhatYouCanFebruary2017_FailArmy18,9,10.794,11.994,-1,-1,OOPS
falls/FailsoftheWeek-DoWhatYouCanFebruary2017_FailArmy18,0,11.994,13.328,-1,-1,OOPS
falls/FailsoftheWeek-DoWhatYouCanFebruary2017_FailArmy40,1,0.0,8.683,-1,-1,OOPS
falls/FailsoftheWeek-DoWhatYouCanFebruary2017_FailArmy40,4,8.683,11.27795,-1,-1,OOPS
falls/FailsoftheWeek-DoWhatYouCanFebruary2017_FailArmy49,9,0.0,5.306,-1,-1,OOPS
falls/FailsoftheWeek-DoWhatYouCanFebruary2017_FailArmy49,1,5.306,7.06,-1,-1,OOPS
falls/FailsoftheWeek-DoWhatYouCanFebruary2017_FailArmy49,2,7.06,8.809,-1,-1,OOPS
falls/FailsoftheWeek-DoWhatYouCanFebruary2017_FailArmy9,9,0.0,2.015,-1,-1,OOPS
falls/FailsoftheWeek-DoWhatYouCanFebruary2017_FailArmy9,15,2.015,2.679,-1,-1,OOPS
falls/FailsoftheWeek-DoWhatYouCanFebruary2017_FailArmy9,1,2.679,3.999,-1,-1,OOPS
falls/FailsoftheWeek-DoWhatYouCanFebruary2017_FailArmy9,2,3.999,8.939,-1,-1,OOPS
falls/FailsoftheWeek-DronetotheFaceApril2018_FailArmy26,8,0.0,6.441,-1,-1,OOPS
falls/FailsoftheWeek-DronetotheFaceApril2018_FailArmy26,1,6.441,8.191,-1,-1,OOPS
falls/FailsoftheWeek-DronetotheFaceApril2018_FailArmy26,7,8.191,10.07701,-1,-1,OOPS
falls/FailsoftheWeek-DronetotheFaceApril2018_FailArmy48,11,0.0,1.382,-1,-1,OOPS
falls/FailsoftheWeek-DronetotheFaceApril2018_FailArmy48,1,1.382,3.576,-1,-1,OOPS
falls/FailsoftheWeek-DronetotheFaceApril2018_FailArmy48,2,3.576,4.8,-1,-1,OOPS
falls/FailsoftheWeek-GoaheadandsenditMay201727,9,0.0,3.307,-1,-1,OOPS
falls/FailsoftheWeek-GoaheadandsenditMay201727,1,3.307,4.367,-1,-1,OOPS
falls/FailsoftheWeek-GoaheadandsenditMay201727,7,4.367,5.844,-1,-1,OOPS
falls/FailsoftheWeek-GoaheadandsenditMay201727,11,5.844,8.75392,-1,-1,OOPS
falls/FailsoftheWeek-InsulttoInjuryJanuary2017_FailArmy10,9,0.0,0.411,-1,-1,OOPS
falls/FailsoftheWeek-InsulttoInjuryJanuary2017_FailArmy10,7,0.411,1.628,-1,-1,OOPS
falls/FailsoftheWeek-InsulttoInjuryJanuary2017_FailArmy10,8,1.628,3.068,-1,-1,OOPS
falls/FailsoftheWeek-InsulttoInjuryJanuary2017_FailArmy10,1,3.068,4.508,-1,-1,OOPS
falls/FailsoftheWeek-InsulttoInjuryJanuary2017_FailArmy10,2,4.508,7.89,-1,-1,OOPS
falls/FailsoftheWeek-October2016_FailArmy46,9,0.0,0.577,-1,-1,OOPS
falls/FailsoftheWeek-October2016_FailArmy46,8,0.577,4.886,-1,-1,OOPS
falls/FailsoftheWeek-October2016_FailArmy46,0,4.886,7.161,-1,-1,OOPS
falls/FailsoftheWeek-October2016_FailArmy46,1,7.161,7.897,-1,-1,OOPS
falls/FailsoftheWeek-October2016_FailArmy46,9,7.897,9.062,-1,-1,OOPS
falls/FailsoftheWeek-October2016_FailArmy46,8,9.062,13.573,-1,-1,OOPS
falls/FailsoftheWeek-October2016_FailArmy46,1,13.573,14.25701,-1,-1,OOPS
falls/FailsoftheWeekMarch2017_FailArmy11,9,0.0,3.835,-1,-1,OOPS
falls/FailsoftheWeekMarch2017_FailArmy11,1,3.835,4.865,-1,-1,OOPS
falls/FailsoftheWeekMarch2017_FailArmy11,2,4.865,7.527,-1,-1,OOPS
falls/FailsoftheWeekMarch2017_FailArmy11,9,7.527,11.14501,-1,-1,OOPS
falls/FailsoftheWeekMarch2017_FailArmy15,9,0.0,3.056,-1,-1,OOPS
falls/FailsoftheWeekMarch2017_FailArmy15,1,3.056,6.117,-1,-1,OOPS
falls/FailsoftheWeekMarch2017_FailArmy15,9,6.117,8.099,-1,-1,OOPS
falls/FailsoftheWeekMarch2017_FailArmy28,9,0.0,0.069,-1,-1,OOPS
falls/FailsoftheWeekMarch2017_FailArmy28,9,0.069,1.395,-1,-1,OOPS
falls/FailsoftheWeekMarch2017_FailArmy28,12,1.395,2.415,-1,-1,OOPS
falls/FailsoftheWeekMarch2017_FailArmy28,13,2.415,3.587,-1,-1,OOPS
falls/FailsoftheWeekMarch2017_FailArmy28,7,3.587,4.508,-1,-1,OOPS
falls/FailsoftheWeekMarch2017_FailArmy28,12,4.508,4.937,-1,-1,OOPS
falls/FailsoftheWeekMarch2017_FailArmy28,13,4.937,5.392,-1,-1,OOPS
falls/FailsoftheWeekMarch2017_FailArmy28,1,5.392,6.283,-1,-1,OOPS
falls/FailsoftheWeekMarch2017_FailArmy28,9,6.283,8.432,-1,-1,OOPS
falls/FailsoftheWeekMarch2017_FailArmy28,11,8.432,9.768,-1,-1,OOPS
falls/FailsoftheWeekMarch2017_FailArmy28,7,9.768,10.699,-1,-1,OOPS
falls/FailsoftheWeekMarch2017_FailArmy28,9,10.699,12.14399,-1,-1,OOPS
falls/FailsoftheWeekMarch2017_FailArmy50,8,0.0,1.485,-1,-1,OOPS
falls/FailsoftheWeekMarch2017_FailArmy50,15,1.485,2.477,-1,-1,OOPS
falls/FailsoftheWeekMarch2017_FailArmy50,1,2.477,4.131,-1,-1,OOPS
falls/FailsoftheWeekMarch2017_FailArmy50,4,4.131,10.533,-1,-1,OOPS
falls/FailsoftheWeekMarch2017_FailArmy50,7,10.533,12.213,-1,-1,OOPS
falls/GoFaster_OrFail-ThrowbackFailsJanuary2018_FailArmy42,9,0.0,2.379,-1,-1,OOPS
falls/GoFaster_OrFail-ThrowbackFailsJanuary2018_FailArmy42,1,2.379,4.422,-1,-1,OOPS
falls/GoFaster_OrFail-ThrowbackFailsJanuary2018_FailArmy42,11,4.422,6.74007,-1,-1,OOPS
falls/GoforBroke-BreakingThingsNovember2016_FailArmy0,9,0.0,2.427,-1,-1,OOPS
falls/GoforBroke-BreakingThingsNovember2016_FailArmy0,8,2.427,2.721,-1,-1,OOPS
falls/GoforBroke-BreakingThingsNovember2016_FailArmy0,9,2.721,3.848,-1,-1,OOPS
falls/GoforBroke-BreakingThingsNovember2016_FailArmy0,0,3.848,5.46,-1,-1,OOPS
falls/GoforBroke-BreakingThingsNovember2016_FailArmy24,9,0.0,9.18,-1,-1,OOPS
falls/GoforBroke-BreakingThingsNovember2016_FailArmy24,1,9.18,10.53,-1,-1,OOPS
falls/GoforBroke-BreakingThingsNovember2016_FailArmy24,4,10.53,13.469,-1,-1,OOPS
falls/GoforBroke-BreakingThingsNovember2016_FailArmy24,7,13.469,15.98265,-1,-1,OOPS
falls/GoforBroke-BreakingThingsNovember2016_FailArmy4,9,0.0,1.518,-1,-1,OOPS
falls/GoforBroke-BreakingThingsNovember2016_FailArmy4,1,1.518,2.169,-1,-1,OOPS
falls/GoforBroke-BreakingThingsNovember2016_FailArmy4,9,2.169,4.798,-1,-1,OOPS
falls/GoforBroke-BreakingThingsNovember2016_FailArmy4,9,4.798,6.57,-1,-1,OOPS
falls/GoforBroke-BreakingThingsNovember2016_FailArmy4,15,6.57,7.083,-1,-1,OOPS
falls/GoforBroke-BreakingThingsNovember2016_FailArmy4,9,7.083,8.78,-1,-1,OOPS
falls/GoforBroke-BreakingThingsNovember2016_FailArmy4,1,8.78,10.822,-1,-1,OOPS
falls/GoforBroke-BreakingThingsNovember2016_FailArmy4,9,10.822,14.214,-1,-1,OOPS
falls/GoforBroke-BreakingThingsNovember2016_FailArmy4,1,14.214,15.351,-1,-1,OOPS
falls/GoforBroke-BreakingThingsNovember2016_FailArmy4,9,15.351,17.97,-1,-1,OOPS
falls/GoforBroke-BreakingThingsNovember2016_FailArmy4,8,17.97,18.755,-1,-1,OOPS
falls/GoforBroke-BreakingThingsNovember2016_FailArmy4,9,18.755,21.852,-1,-1,OOPS
falls/GoforBroke-BreakingThingsNovember2016_FailArmy4,8,21.852,27.806,-1,-1,OOPS
falls/GoforBroke-BreakingThingsNovember2016_FailArmy4,0,27.806,29.327,-1,-1,OOPS
falls/GoforBroke-BreakingThingsNovember2016_FailArmy43,9,0.0,1.759,-1,-1,OOPS
falls/GoforBroke-BreakingThingsNovember2016_FailArmy43,15,1.759,2.537,-1,-1,OOPS
falls/GoforBroke-BreakingThingsNovember2016_FailArmy43,1,2.537,4.04,-1,-1,OOPS
falls/GoforBroke-BreakingThingsNovember2016_FailArmy47,8,0.0,2.087,-1,-1,OOPS
falls/GoforBroke-BreakingThingsNovember2016_FailArmy47,9,2.087,11.556,-1,-1,OOPS
falls/GoforBroke-BreakingThingsNovember2016_FailArmy47,0,11.556,13.03601,-1,-1,OOPS
falls/GoforBroke-BreakingThingsNovember2016_FailArmy49,9,0.0,1.155,-1,-1,OOPS
falls/GoforBroke-BreakingThingsNovember2016_FailArmy49,0,1.155,3.622,-1,-1,OOPS
falls/GoforBroke-BreakingThingsNovember2016_FailArmy49,1,3.622,4.92,-1,-1,OOPS
falls/GoforBroke-BreakingThingsNovember2016_FailArmy49,2,4.92,5.734,-1,-1,OOPS
falls/GoforBroke-BreakingThingsNovember2016_FailArmy49,7,5.734,6.919,-1,-1,OOPS
falls/GoneFishing-ThrowbackThursdayNovember2017_FailArmy17,9,0.0,5.144,-1,-1,OOPS
falls/GoneFishing-ThrowbackThursdayNovember2017_FailArmy17,1,5.144,6.185,-1,-1,OOPS
falls/GoneFishing-ThrowbackThursdayNovember2017_FailArmy17,2,6.185,12.55,-1,-1,OOPS
falls/GoneFishing-ThrowbackThursdayNovember2017_FailArmy17,7,12.55,15.76601,-1,-1,OOPS
falls/GoneFishing-ThrowbackThursdayNovember2017_FailArmy21,8,0.0,11.626,-1,-1,OOPS
falls/GoneFishing-ThrowbackThursdayNovember2017_FailArmy21,1,11.626,13.228,-1,-1,OOPS
falls/GoneFishing-ThrowbackThursdayNovember2017_FailArmy21,7,13.228,13.92399,-1,-1,OOPS
falls/GoneFishing-ThrowbackThursdayNovember2017_FailArmy25,2,0.0,5.659,-1,-1,OOPS
falls/GoneFishing-ThrowbackThursdayNovember2017_FailArmy25,9,5.659,6.489,-1,-1,OOPS
falls/GoneFishing-ThrowbackThursdayNovember2017_FailArmy25,0,6.489,7.031,-1,-1,OOPS
falls/GoneFishing-ThrowbackThursdayNovember2017_FailArmy25,9,7.031,7.799,-1,-1,OOPS
falls/GoneFishing-ThrowbackThursdayNovember2017_FailArmy25,1,7.799,9.779,-1,-1,OOPS
falls/GoneFishing-ThrowbackThursdayNovember2017_FailArmy25,2,9.779,10.41,-1,-1,OOPS
falls/GoneFishing-ThrowbackThursdayNovember2017_FailArmy25,7,10.41,10.922,-1,-1,OOPS
falls/GoneFishing-ThrowbackThursdayNovember2017_FailArmy25,9,10.922,12.38,-1,-1,OOPS
falls/GoneFishing-ThrowbackThursdayNovember2017_FailArmy25,11,12.38,12.67801,-1,-1,OOPS
falls/GoneFishing-ThrowbackThursdayNovember2017_FailArmy63,9,0.0,3.681,-1,-1,OOPS
falls/GoneFishing-ThrowbackThursdayNovember2017_FailArmy63,1,3.681,5.31,-1,-1,OOPS
falls/GoneFishing-ThrowbackThursdayNovember2017_FailArmy63,2,5.31,8.42884,-1,-1,OOPS
falls/GrandmasvsGrandpas-FailArmyVersusDecember2017_FailArmy0,9,0.0,4.964,-1,-1,OOPS
falls/GrandmasvsGrandpas-FailArmyVersusDecember2017_FailArmy0,1,4.964,6.202,-1,-1,OOPS
falls/GrandmasvsGrandpas-FailArmyVersusDecember2017_FailArmy0,2,6.202,6.76601,-1,-1,OOPS
falls/GrandmasvsGrandpas-FailArmyVersusDecember2017_FailArmy11,8,0.0,1.246,-1,-1,OOPS
falls/GrandmasvsGrandpas-FailArmyVersusDecember2017_FailArmy11,0,1.246,4.234,-1,-1,OOPS
falls/GrandmasvsGrandpas-FailArmyVersusDecember2017_FailArmy11,1,4.234,5.41,-1,-1,OOPS
falls/GrandmasvsGrandpas-FailArmyVersusDecember2017_FailArmy14,9,0.0,6.077,-1,-1,OOPS
falls/GrandmasvsGrandpas-FailArmyVersusDecember2017_FailArmy14,1,6.077,7.869,-1,-1,OOPS
falls/GrandmasvsGrandpas-FailArmyVersusDecember2017_FailArmy14,9,7.869,9.032,-1,-1,OOPS
falls/GrandmasvsGrandpas-FailArmyVersusDecember2017_FailArmy2,0,0.0,1.145,-1,-1,OOPS
falls/GrandmasvsGrandpas-FailArmyVersusDecember2017_FailArmy2,15,1.145,1.552,-1,-1,OOPS
falls/GrandmasvsGrandpas-FailArmyVersusDecember2017_FailArmy2,1,1.552,1.999,-1,-1,OOPS
falls/GrandmasvsGrandpas-FailArmyVersusDecember2017_FailArmy2,0,1.999,4.17084,-1,-1,OOPS
falls/GrandmasvsGrandpas-FailArmyVersusDecember2017_FailArmy34,4,0.0,2.744,-1,-1,OOPS
falls/GrandmasvsGrandpas-FailArmyVersusDecember2017_FailArmy34,1,2.744,3.85,-1,-1,OOPS
falls/GrandmasvsGrandpas-FailArmyVersusDecember2017_FailArmy34,2,3.85,9.141,-1,-1,OOPS
falls/GrandmasvsGrandpas-FailArmyVersusDecember2017_FailArmy34,7,9.141,13.049,-1,-1,OOPS
falls/GrandmasvsGrandpas-FailArmyVersusDecember2017_FailArmy7,1,0.0,0.345,-1,-1,OOPS
falls/GrandmasvsGrandpas-FailArmyVersusDecember2017_FailArmy7,9,0.345,3.94,-1,-1,OOPS
falls/GrandmasvsGrandpas-FailArmyVersusDecember2017_FailArmy7,9,3.94,6.087,-1,-1,OOPS
falls/GrandmasvsGrandpas-FailArmyVersusDecember2017_FailArmy7,1,6.087,7.55,-1,-1,OOPS
falls/GrassIsAlwaysGreener-GetOffMyLawnJuly2018_FailArmy16,8,0.0,2.729,-1,-1,OOPS
falls/GrassIsAlwaysGreener-GetOffMyLawnJuly2018_FailArmy16,0,2.729,4.859,-1,-1,OOPS
falls/GrassIsAlwaysGreener-GetOffMyLawnJuly2018_FailArmy16,15,4.859,5.372,-1,-1,OOPS
falls/GrassIsAlwaysGreener-GetOffMyLawnJuly2018_FailArmy16,1,5.372,7.468,-1,-1,OOPS
falls/GrassIsAlwaysGreener-GetOffMyLawnJuly2018_FailArmy16,2,7.468,8.59501,-1,-1,OOPS
falls/GrassIsAlwaysGreener-GetOffMyLawnJuly2018_FailArmy5,8,0.0,2.332,-1,-1,OOPS
falls/GrassIsAlwaysGreener-GetOffMyLawnJuly2018_FailArmy5,0,2.332,3.244,-1,-1,OOPS
falls/GrassIsAlwaysGreener-GetOffMyLawnJuly2018_FailArmy5,15,3.244,3.887,-1,-1,OOPS
falls/GrassIsAlwaysGreener-GetOffMyLawnJuly2018_FailArmy5,15,3.887,4.147,-1,-1,OOPS
falls/GrassIsAlwaysGreener-GetOffMyLawnJuly2018_FailArmy5,1,4.147,5.476,-1,-1,OOPS
falls/GrassIsAlwaysGreener-GetOffMyLawnJuly2018_FailArmy5,0,5.476,6.587,-1,-1,OOPS
falls/GrassIsAlwaysGreener-GetOffMyLawnJuly2018_FailArmy5,1,6.587,7.971,-1,-1,OOPS
falls/GrassIsAlwaysGreener-GetOffMyLawnJuly2018_FailArmy5,2,7.971,15.11601,-1,-1,OOPS
falls/GuessitsTimetoLeave-ThrowbackThursdayOctober2017_FailArmy11,8,0.0,4.249,-1,-1,OOPS
falls/GuessitsTimetoLeave-ThrowbackThursdayOctober2017_FailArmy11,3,4.249,11.05,-1,-1,OOPS
falls/GuessitsTimetoLeave-ThrowbackThursdayOctober2017_FailArmy11,1,11.05,12.68,-1,-1,OOPS
falls/GuessitsTimetoLeave-ThrowbackThursdayOctober2017_FailArmy11,2,12.68,17.159,-1,-1,OOPS
falls/GuessitsTimetoLeave-ThrowbackThursdayOctober2017_FailArmy23,9,0.0,1.019,-1,-1,OOPS
falls/GuessitsTimetoLeave-ThrowbackThursdayOctober2017_FailArmy23,1,1.019,3.156,-1,-1,OOPS
falls/GuessitsTimetoLeave-ThrowbackThursdayOctober2017_FailArmy23,2,3.156,10.25,-1,-1,OOPS
falls/GuessitsTimetoLeave-ThrowbackThursdayOctober2017_FailArmy23,9,10.25,12.595,-1,-1,OOPS
falls/GuessitsTimetoLeave-ThrowbackThursdayOctober2017_FailArmy23,0,12.595,14.159,-1,-1,OOPS
falls/GuessitsTimetoLeave-ThrowbackThursdayOctober2017_FailArmy23,9,14.159,16.098,-1,-1,OOPS
falls/GuessitsTimetoLeave-ThrowbackThursdayOctober2017_FailArmy23,1,16.098,18.97,-1,-1,OOPS
falls/GuessitsTimetoLeave-ThrowbackThursdayOctober2017_FailArmy23,7,18.97,21.23801,-1,-1,OOPS
falls/GuessitsTimetoLeave-ThrowbackThursdayOctober2017_FailArmy29,9,0.0,0.12,-1,-1,OOPS
falls/GuessitsTimetoLeave-ThrowbackThursdayOctober2017_FailArmy29,2,0.12,5.979,-1,-1,OOPS
falls/GuessitsTimetoLeave-ThrowbackThursdayOctober2017_FailArmy29,0,5.979,7.48,-1,-1,OOPS
falls/GuessitsTimetoLeave-ThrowbackThursdayOctober2017_FailArmy29,1,7.48,9.176,-1,-1,OOPS
falls/GuessitsTimetoLeave-ThrowbackThursdayOctober2017_FailArmy29,7,9.176,12.366,-1,-1,OOPS
falls/GuessitsTimetoLeave-ThrowbackThursdayOctober2017_FailArmy29,0,12.366,13.639,-1,-1,OOPS
falls/GuessitsTimetoLeave-ThrowbackThursdayOctober2017_FailArmy29,1,13.639,14.36801,-1,-1,OOPS
falls/GuessitsTimetoLeave-ThrowbackThursdayOctober2017_FailArmy30,8,0.0,4.457,-1,-1,OOPS
falls/GuessitsTimetoLeave-ThrowbackThursdayOctober2017_FailArmy30,0,4.457,5.191,-1,-1,OOPS
falls/GuessitsTimetoLeave-ThrowbackThursdayOctober2017_FailArmy30,1,5.191,7.14047,-1,-1,OOPS
falls/GuessitsTimetoLeave-ThrowbackThursdayOctober2017_FailArmy39,9,0.0,5.614,-1,-1,OOPS
falls/GuessitsTimetoLeave-ThrowbackThursdayOctober2017_FailArmy39,8,5.614,8.114,-1,-1,OOPS
falls/GuessitsTimetoLeave-ThrowbackThursdayOctober2017_FailArmy39,9,8.114,12.651,-1,-1,OOPS
falls/GuessitsTimetoLeave-ThrowbackThursdayOctober2017_FailArmy39,1,12.651,16.066,-1,-1,OOPS
falls/GuessitsTimetoLeave-ThrowbackThursdayOctober2017_FailArmy39,8,16.066,17.25058,-1,-1,OOPS
falls/GuessitsTimetoLeave-ThrowbackThursdayOctober2017_FailArmy53,9,0.0,0.4,-1,-1,OOPS
falls/GuessitsTimetoLeave-ThrowbackThursdayOctober2017_FailArmy53,0,0.4,0.904,-1,-1,OOPS
falls/GuessitsTimetoLeave-ThrowbackThursdayOctober2017_FailArmy53,1,0.904,2.065,-1,-1,OOPS
falls/GuessitsTimetoLeave-ThrowbackThursdayOctober2017_FailArmy53,7,2.065,5.308,-1,-1,OOPS
falls/GuessitsTimetoLeave-ThrowbackThursdayOctober2017_FailArmy53,8,5.308,12.67935,-1,-1,OOPS
falls/GuessitsTimetoLeave-ThrowbackThursdayOctober2017_FailArmy56,9,0.0,2.904,-1,-1,OOPS
falls/GuessitsTimetoLeave-ThrowbackThursdayOctober2017_FailArmy56,1,2.904,6.276,-1,-1,OOPS
falls/GuessitsTimetoLeave-ThrowbackThursdayOctober2017_FailArmy56,2,6.276,7.07374,-1,-1,OOPS
falls/GuessitsTimetoLeave-ThrowbackThursdayOctober2017_FailArmy59,9,0.0,8.638,-1,-1,OOPS
falls/GuessitsTimetoLeave-ThrowbackThursdayOctober2017_FailArmy75,0,0.0,2.44,-1,-1,OOPS
falls/GuessitsTimetoLeave-ThrowbackThursdayOctober2017_FailArmy75,1,2.44,3.933,-1,-1,OOPS
falls/GuessitsTimetoLeave-ThrowbackThursdayOctober2017_FailArmy75,2,3.933,5.565,-1,-1,OOPS
falls/GuessitsTimetoLeave-ThrowbackThursdayOctober2017_FailArmy75,7,5.565,7.752,-1,-1,OOPS
falls/GuessitsTimetoLeave-ThrowbackThursdayOctober2017_FailArmy75,0,7.752,9.37604,-1,-1,OOPS
falls/GymandWorkoutFails-NewYear_NewMeJanuary2018_FailArmy0,9,0.0,2.517,-1,-1,OOPS
falls/GymandWorkoutFails-NewYear_NewMeJanuary2018_FailArmy0,1,2.517,3.067,-1,-1,OOPS
falls/GymandWorkoutFails-NewYear_NewMeJanuary2018_FailArmy0,9,3.067,5.666,-1,-1,OOPS
falls/GymandWorkoutFails-NewYear_NewMeJanuary2018_FailArmy0,7,5.666,8.302,-1,-1,OOPS
falls/GymandWorkoutFails-NewYear_NewMeJanuary2018_FailArmy0,8,8.302,12.33086,-1,-1,OOPS
falls/GymandWorkoutFails-NewYear_NewMeJanuary2018_FailArmy12,13,0.0,1.474,-1,-1,OOPS
falls/GymandWorkoutFails-NewYear_NewMeJanuary2018_FailArmy12,7,1.474,5.649,-1,-1,OOPS
falls/GymandWorkoutFails-NewYear_NewMeJanuary2018_FailArmy12,1,5.649,7.329,-1,-1,OOPS
falls/GymandWorkoutFails-NewYear_NewMeJanuary2018_FailArmy12,4,7.329,11.599,-1,-1,OOPS
falls/GymandWorkoutFails-NewYear_NewMeJanuary2018_FailArmy18,8,0.0,4.161,-1,-1,OOPS
falls/GymandWorkoutFails-NewYear_NewMeJanuary2018_FailArmy18,15,4.161,4.802,-1,-1,OOPS
falls/GymandWorkoutFails-NewYear_NewMeJanuary2018_FailArmy18,1,4.802,5.949,-1,-1,OOPS
falls/GymandWorkoutFails-NewYear_NewMeJanuary2018_FailArmy18,2,5.949,7.98701,-1,-1,OOPS
falls/GymandWorkoutFails-NewYear_NewMeJanuary2018_FailArmy30,7,0.0,0.838,-1,-1,OOPS
falls/GymandWorkoutFails-NewYear_NewMeJanuary2018_FailArmy30,8,0.838,1.755,-1,-1,OOPS
falls/GymandWorkoutFails-NewYear_NewMeJanuary2018_FailArmy30,12,1.755,2.518,-1,-1,OOPS
falls/GymandWorkoutFails-NewYear_NewMeJanuary2018_FailArmy30,1,2.518,4.171,-1,-1,OOPS
falls/GymandWorkoutFails-NewYear_NewMeJanuary2018_FailArmy30,2,4.171,6.043,-1,-1,OOPS
falls/GymandWorkoutFails-NewYear_NewMeJanuary2018_FailArmy30,7,6.043,10.64398,-1,-1,OOPS
falls/GymandWorkoutFails-NewYear_NewMeJanuary2018_FailArmy33,9,0.0,7.693,-1,-1,OOPS
falls/GymandWorkoutFails-NewYear_NewMeJanuary2018_FailArmy33,1,7.693,9.196,-1,-1,OOPS
falls/GymandWorkoutFails-NewYear_NewMeJanuary2018_FailArmy33,7,9.196,12.97996,-1,-1,OOPS
falls/Hardcore_Parkour-FanSubmissionsMay2018_FailArmy0,9,0.0,2.996,-1,-1,OOPS
falls/Hardcore_Parkour-FanSubmissionsMay2018_FailArmy0,15,2.996,3.395,-1,-1,OOPS
falls/Hardcore_Parkour-FanSubmissionsMay2018_FailArmy0,9,3.395,4.413,-1,-1,OOPS
falls/Hardcore_Parkour-FanSubmissionsMay2018_FailArmy0,1,4.413,6.02,-1,-1,OOPS
falls/Hardcore_Parkour-FanSubmissionsMay2018_FailArmy0,2,6.02,9.168,-1,-1,OOPS
falls/Hardcore_Parkour-FanSubmissionsMay2018_FailArmy0,7,9.168,10.367,-1,-1,OOPS
falls/Hardcore_Parkour-FanSubmissionsMay2018_FailArmy0,9,10.367,11.15501,-1,-1,OOPS
falls/Hardcore_Parkour-FanSubmissionsMay2018_FailArmy24,0,0.0,3.518,-1,-1,OOPS
falls/Hardcore_Parkour-FanSubmissionsMay2018_FailArmy24,1,3.518,4.41179,-1,-1,OOPS
falls/Hardcore_Parkour-FanSubmissionsMay2018_FailArmy28,8,0.0,2.717,-1,-1,OOPS
falls/Hardcore_Parkour-FanSubmissionsMay2018_FailArmy28,15,2.717,3.67,-1,-1,OOPS
falls/Hardcore_Parkour-FanSubmissionsMay2018_FailArmy28,0,3.67,4.303,-1,-1,OOPS
falls/Hardcore_Parkour-FanSubmissionsMay2018_FailArmy28,15,4.303,5.216,-1,-1,OOPS
falls/Hardcore_Parkour-FanSubmissionsMay2018_FailArmy28,0,5.216,5.456,-1,-1,OOPS
falls/Hardcore_Parkour-FanSubmissionsMay2018_FailArmy28,15,5.456,5.916,-1,-1,OOPS
falls/Hardcore_Parkour-FanSubmissionsMay2018_FailArmy28,1,5.916,7.292,-1,-1,OOPS
falls/Hardcore_Parkour-FanSubmissionsMay2018_FailArmy28,2,7.292,8.448,-1,-1,OOPS
falls/Hardcore_Parkour-FanSubmissionsMay2018_FailArmy28,7,8.448,10.573,-1,-1,OOPS
falls/Hardcore_Parkour-FanSubmissionsMay2018_FailArmy28,0,10.573,14.36801,-1,-1,OOPS
falls/Hardcore_Parkour-FanSubmissionsMay2018_FailArmy29,9,0.0,6.103,-1,-1,OOPS
falls/Hardcore_Parkour-FanSubmissionsMay2018_FailArmy29,1,6.103,7.488,-1,-1,OOPS
falls/Hardcore_Parkour-FanSubmissionsMay2018_FailArmy29,9,7.488,11.122,-1,-1,OOPS
falls/Hardcore_Parkour-FanSubmissionsMay2018_FailArmy31,0,0.0,10.25,-1,-1,OOPS
falls/Hardcore_Parkour-FanSubmissionsMay2018_FailArmy31,1,10.25,11.911,-1,-1,OOPS
falls/Hardcore_Parkour-FanSubmissionsMay2018_FailArmy31,2,11.911,12.256,-1,-1,OOPS
falls/Hardcore_Parkour-FanSubmissionsMay2018_FailArmy31,7,12.256,15.136,-1,-1,OOPS
falls/Hardcore_Parkour-FanSubmissionsMay2018_FailArmy31,0,15.136,15.998,-1,-1,OOPS
falls/Hardcore_Parkour-FanSubmissionsMay2018_FailArmy36,9,0.0,0.671,-1,-1,OOPS
falls/Hardcore_Parkour-FanSubmissionsMay2018_FailArmy36,9,0.671,2.349,-1,-1,OOPS
falls/Hardcore_Parkour-FanSubmissionsMay2018_FailArmy36,1,2.349,3.81494,-1,-1,OOPS
falls/Hardcore_Parkour-FanSubmissionsMay2018_FailArmy4,9,0.0,1.844,-1,-1,OOPS
falls/Hardcore_Parkour-FanSubmissionsMay2018_FailArmy4,1,1.844,3.401,-1,-1,OOPS
falls/Hardcore_Parkour-FanSubmissionsMay2018_FailArmy4,2,3.401,5.047,-1,-1,OOPS
falls/Hardcore_Parkour-FanSubmissionsMay2018_FailArmy4,7,5.047,6.61,-1,-1,OOPS
falls/Hardcore_Parkour-FanSubmissionsMay2018_FailArmy4,11,6.61,7.90791,-1,-1,OOPS
falls/HesGonnaSendIt-ThrowbackFailsNovember2017_FailArmy11,9,0.0,1.475,-1,-1,OOPS
falls/HesGonnaSendIt-ThrowbackFailsNovember2017_FailArmy11,1,1.475,3.79,-1,-1,OOPS
falls/HesGonnaSendIt-ThrowbackFailsNovember2017_FailArmy11,7,3.79,6.50651,-1,-1,OOPS
falls/HesGonnaSendIt-ThrowbackFailsNovember2017_FailArmy27,4,0.0,1.873,-1,-1,OOPS
falls/HesGonnaSendIt-ThrowbackFailsNovember2017_FailArmy27,9,1.873,3.572,-1,-1,OOPS
falls/HesGonnaSendIt-ThrowbackFailsNovember2017_FailArmy27,1,3.572,8.428,-1,-1,OOPS
falls/HesGonnaSendIt-ThrowbackFailsNovember2017_FailArmy27,2,8.428,8.75392,-1,-1,OOPS
falls/HesGonnaSendIt-ThrowbackFailsNovember2017_FailArmy34,9,0.0,3.121,-1,-1,OOPS
falls/HesGonnaSendIt-ThrowbackFailsNovember2017_FailArmy34,1,3.121,4.343,-1,-1,OOPS
falls/HesGonnaSendIt-ThrowbackFailsNovember2017_FailArmy34,7,4.343,7.234,-1,-1,OOPS
falls/HesGonnaSendIt-ThrowbackFailsNovember2017_FailArmy34,8,7.234,7.662,-1,-1,OOPS
falls/HesGonnaSendIt-ThrowbackFailsNovember2017_FailArmy43,9,0.0,3.409,-1,-1,OOPS
falls/HesGonnaSendIt-ThrowbackFailsNovember2017_FailArmy43,1,3.409,6.091,-1,-1,OOPS
falls/HesGonnaSendIt-ThrowbackFailsNovember2017_FailArmy43,2,6.091,7.43,-1,-1,OOPS
falls/HesGonnaSendIt-ThrowbackFailsNovember2017_FailArmy75,9,0.0,2.377,-1,-1,OOPS
falls/HesGonnaSendIt-ThrowbackFailsNovember2017_FailArmy75,1,2.377,4.483,-1,-1,OOPS
falls/HesGonnaSendIt-ThrowbackFailsNovember2017_FailArmy75,7,4.483,7.492,-1,-1,OOPS
falls/HesGonnaSendIt-ThrowbackFailsNovember2017_FailArmy75,0,7.492,8.40841,-1,-1,OOPS
falls/HesGonnaSendIt-ThrowbackFailsNovember2017_FailArmy76,8,0.0,0.52,-1,-1,OOPS
falls/HesGonnaSendIt-ThrowbackFailsNovember2017_FailArmy76,9,0.52,1.842,-1,-1,OOPS
falls/HesGonnaSendIt-ThrowbackFailsNovember2017_FailArmy76,8,1.842,2.722,-1,-1,OOPS
falls/HesGonnaSendIt-ThrowbackFailsNovember2017_FailArmy76,0,2.722,3.622,-1,-1,OOPS
falls/HesNotStopping-ThrowbackFailsNovember2017_FailArmy33,9,0.0,4.138,-1,-1,OOPS
falls/HesNotStopping-ThrowbackFailsNovember2017_FailArmy33,7,4.138,7.194,-1,-1,OOPS
falls/HesNotStopping-ThrowbackFailsNovember2017_FailArmy33,9,7.194,12.097,-1,-1,OOPS
falls/HesNotStopping-ThrowbackFailsNovember2017_FailArmy33,1,12.097,13.723,-1,-1,OOPS
falls/HesNotStopping-ThrowbackFailsNovember2017_FailArmy33,9,13.723,16.44978,-1,-1,OOPS
falls/HesNotStopping-ThrowbackFailsNovember2017_FailArmy53,9,0.0,0.963,-1,-1,OOPS
falls/HesNotStopping-ThrowbackFailsNovember2017_FailArmy53,1,0.963,2.961,-1,-1,OOPS
falls/HesNotStopping-ThrowbackFailsNovember2017_FailArmy53,2,2.961,8.32,-1,-1,OOPS
falls/HesNotStopping-ThrowbackFailsNovember2017_FailArmy53,9,8.32,23.01494,-1,-1,OOPS
falls/HilariousHolidayFailsDecember2017_FailArmy20,0,0.0,2.94,-1,-1,OOPS
falls/HilariousHolidayFailsDecember2017_FailArmy20,1,2.94,4.325,-1,-1,OOPS
falls/HilariousHolidayFailsDecember2017_FailArmy20,7,4.325,9.325,-1,-1,OOPS
falls/HilariousHolidayFailsDecember2017_FailArmy20,0,9.325,12.148,-1,-1,OOPS
falls/HilariousHolidayFailsDecember2017_FailArmy26,9,0.0,0.44,-1,-1,OOPS
falls/HilariousHolidayFailsDecember2017_FailArmy26,9,0.44,2.318,-1,-1,OOPS
falls/HilariousHolidayFailsDecember2017_FailArmy26,7,2.318,3.408,-1,-1,OOPS
falls/HilariousHolidayFailsDecember2017_FailArmy26,1,3.408,4.086,-1,-1,OOPS
falls/HilariousHolidayFailsDecember2017_FailArmy26,9,4.086,5.706,-1,-1,OOPS
falls/HilariousHolidayFailsDecember2017_FailArmy26,8,5.706,8.03399,-1,-1,OOPS
falls/HilariousHolidayFailsDecember2017_FailArmy27,0,0.0,2.879,-1,-1,OOPS
falls/HilariousHolidayFailsDecember2017_FailArmy27,1,2.879,4.529,-1,-1,OOPS
falls/HilariousHolidayFailsDecember2017_FailArmy27,7,4.529,6.585,-1,-1,OOPS
falls/HilariousHolidayFailsDecember2017_FailArmy27,11,6.585,7.771,-1,-1,OOPS
falls/HilariousHolidayFailsDecember2017_FailArmy27,7,7.771,8.308,-1,-1,OOPS
falls/HilariousRedneckFailsNovember2017_FailArmy14,8,0.0,0.25,-1,-1,OOPS
falls/HilariousRedneckFailsNovember2017_FailArmy14,1,1.786,2.036,-1,-1,OOPS
falls/HilariousRedneckFailsNovember2017_FailArmy14,9,2.543,2.793,-1,-1,OOPS
falls/HilariousRedneckFailsNovember2017_FailArmy14,8,5.626,5.876,-1,-1,OOPS
falls/HilariousScienceFailsJuly2017_FailArmy10,11,0.0,1.78,-1,-1,OOPS
falls/HilariousScienceFailsJuly2017_FailArmy10,7,1.78,2.342,-1,-1,OOPS
falls/HilariousScienceFailsJuly2017_FailArmy10,0,2.342,6.005,-1,-1,OOPS
falls/HilariousScienceFailsJuly2017_FailArmy10,8,6.005,12.74608,-1,-1,OOPS
falls/HopelessRomantic-FailsoftheWeekOctober2018_FailArmy10,0,0.0,8.938,-1,-1,OOPS
falls/HopelessRomantic-FailsoftheWeekOctober2018_FailArmy10,1,8.938,9.947,-1,-1,OOPS
falls/HopelessRomantic-FailsoftheWeekOctober2018_FailArmy10,9,9.947,11.145,-1,-1,OOPS
falls/HopelessRomantic-FailsoftheWeekOctober2018_FailArmy10,7,11.145,13.072,-1,-1,OOPS
falls/HopelessRomantic-FailsoftheWeekOctober2018_FailArmy10,8,13.072,14.02485,-1,-1,OOPS
falls/HopelessRomantic-FailsoftheWeekOctober2018_FailArmy11,8,0.0,2.067,-1,-1,OOPS
falls/HopelessRomantic-FailsoftheWeekOctober2018_FailArmy11,0,2.067,7.75501,-1,-1,OOPS
falls/HopelessRomantic-FailsoftheWeekOctober2018_FailArmy17,8,0.0,6.806,-1,-1,OOPS
falls/HopelessRomantic-FailsoftheWeekOctober2018_FailArmy17,0,6.806,10.848,-1,-1,OOPS
falls/HopelessRomantic-FailsoftheWeekOctober2018_FailArmy17,1,10.848,12.321,-1,-1,OOPS
falls/HopelessRomantic-FailsoftheWeekOctober2018_FailArmy17,9,12.321,14.34768,-1,-1,OOPS
falls/HopelessRomantic-FailsoftheWeekOctober2018_FailArmy27,9,0.0,1.762,-1,-1,OOPS
falls/HopelessRomantic-FailsoftheWeekOctober2018_FailArmy27,1,1.762,3.02,-1,-1,OOPS
falls/HopelessRomantic-FailsoftheWeekOctober2018_FailArmy27,2,3.02,4.47114,-1,-1,OOPS
falls/HopelessRomantic-FailsoftheWeekOctober2018_FailArmy29,0,0.0,1.291,-1,-1,OOPS
falls/HopelessRomantic-FailsoftheWeekOctober2018_FailArmy29,9,1.291,2.428,-1,-1,OOPS
falls/HopelessRomantic-FailsoftheWeekOctober2018_FailArmy29,0,2.428,3.39,-1,-1,OOPS
falls/HopelessRomantic-FailsoftheWeekOctober2018_FailArmy29,1,3.39,4.495,-1,-1,OOPS
falls/HopelessRomantic-FailsoftheWeekOctober2018_FailArmy29,2,4.495,7.33701,-1,-1,OOPS
falls/HopelessRomantic-FailsoftheWeekOctober2018_FailArmy32,9,0.0,0.58,-1,-1,OOPS
falls/HopelessRomantic-FailsoftheWeekOctober2018_FailArmy32,1,0.58,6.358,-1,-1,OOPS
falls/HopelessRomantic-FailsoftheWeekOctober2018_FailArmy32,8,6.358,7.255,-1,-1,OOPS
falls/HopelessRomantic-FailsoftheWeekOctober2018_FailArmy32,0,7.255,9.649,-1,-1,OOPS
falls/HopelessRomantic-FailsoftheWeekOctober2018_FailArmy32,9,9.649,12.86385,-1,-1,OOPS
falls/HopelessRomantic-FailsoftheWeekOctober2018_FailArmy4,8,0.0,2.617,-1,-1,OOPS
falls/HopelessRomantic-FailsoftheWeekOctober2018_FailArmy4,15,2.617,3.592,-1,-1,OOPS
falls/HopelessRomantic-FailsoftheWeekOctober2018_FailArmy4,1,3.592,4.425,-1,-1,OOPS
falls/HopelessRomantic-FailsoftheWeekOctober2018_FailArmy4,9,4.425,4.822,-1,-1,OOPS
falls/HopelessRomantic-FailsoftheWeekOctober2018_FailArmy4,9,4.822,6.612,-1,-1,OOPS
falls/HopelessRomantic-FailsoftheWeekOctober2018_FailArmy4,1,6.612,8.03399,-1,-1,OOPS
falls/HopelessRomantic-FailsoftheWeekOctober2018_FailArmy5,9,0.0,1.727,-1,-1,OOPS
falls/HopelessRomantic-FailsoftheWeekOctober2018_FailArmy5,1,1.727,3.37004,-1,-1,OOPS
falls/HopelessRomantic-FailsoftheWeekOctober2018_FailArmy5,9,3.355,3.37,-1,-1,OOPS
falls/HopelessRomantic-FailsoftheWeekOctober2018_FailArmy7,8,0.0,2.801,-1,-1,OOPS
falls/HopelessRomantic-FailsoftheWeekOctober2018_FailArmy7,3,2.801,3.967,-1,-1,OOPS
falls/HopelessRomantic-FailsoftheWeekOctober2018_FailArmy7,4,3.967,9.528,-1,-1,OOPS
falls/HopelessRomantic-FailsoftheWeekOctober2018_FailArmy7,1,9.528,9.93801,-1,-1,OOPS
falls/HowLowCanYouGo-FailsoftheWeekSeptember2017_FailArmy19,0,0.0,2.804,-1,-1,OOPS
falls/HowLowCanYouGo-FailsoftheWeekSeptember2017_FailArmy19,1,2.804,5.912,-1,-1,OOPS
falls/HowLowCanYouGo-FailsoftheWeekSeptember2017_FailArmy19,2,5.912,7.77801,-1,-1,OOPS
falls/HowLowCanYouGo-FailsoftheWeekSeptember2017_FailArmy35,9,0.0,0.856,-1,-1,OOPS
falls/HowLowCanYouGo-FailsoftheWeekSeptember2017_FailArmy35,15,0.856,1.557,-1,-1,OOPS
falls/HowLowCanYouGo-FailsoftheWeekSeptember2017_FailArmy35,1,1.557,4.045,-1,-1,OOPS
falls/HowLowCanYouGo-FailsoftheWeekSeptember2017_FailArmy35,2,4.045,8.677,-1,-1,OOPS
falls/HowLowCanYouGo-FailsoftheWeekSeptember2017_FailArmy35,0,8.677,9.954,-1,-1,OOPS
falls/HowLowCanYouGo-FailsoftheWeekSeptember2017_FailArmy35,15,9.954,10.549,-1,-1,OOPS
falls/HowLowCanYouGo-FailsoftheWeekSeptember2017_FailArmy35,1,10.549,11.589,-1,-1,OOPS
falls/HowLowCanYouGo-FailsoftheWeekSeptember2017_FailArmy35,2,11.589,13.78,-1,-1,OOPS
falls/HowLowCanYouGo-FailsoftheWeekSeptember2017_FailArmy46,9,0.0,1.534,-1,-1,OOPS
falls/HowLowCanYouGo-FailsoftheWeekSeptember2017_FailArmy46,15,1.534,1.848,-1,-1,OOPS
falls/HowLowCanYouGo-FailsoftheWeekSeptember2017_FailArmy46,1,1.848,3.609,-1,-1,OOPS
falls/HowLowCanYouGo-FailsoftheWeekSeptember2017_FailArmy46,2,3.609,5.189,-1,-1,OOPS
falls/HowLowCanYouGo-FailsoftheWeekSeptember2017_FailArmy46,7,5.189,6.84017,-1,-1,OOPS
falls/HowLowCanYouGo-FailsoftheWeekSeptember2017_FailArmy5,0,0.0,2.551,-1,-1,OOPS
falls/HowLowCanYouGo-FailsoftheWeekSeptember2017_FailArmy5,9,2.551,5.96701,-1,-1,OOPS
falls/HowLowCanYouGo-FailsoftheWeekSeptember2017_FailArmy51,0,0.0,1.694,-1,-1,OOPS
falls/HowLowCanYouGo-FailsoftheWeekSeptember2017_FailArmy51,1,1.694,3.857,-1,-1,OOPS
falls/HowLowCanYouGo-FailsoftheWeekSeptember2017_FailArmy51,9,3.857,10.47714,-1,-1,OOPS
falls/HowdYouGetUpsideDown-BestFailsoftheWeekAugust2018_FailArmy0,0,0.0,3.236,-1,-1,OOPS
falls/HowdYouGetUpsideDown-BestFailsoftheWeekAugust2018_FailArmy0,15,3.236,3.684,-1,-1,OOPS
falls/HowdYouGetUpsideDown-BestFailsoftheWeekAugust2018_FailArmy0,1,3.684,4.763,-1,-1,OOPS
falls/HowdYouGetUpsideDown-BestFailsoftheWeekAugust2018_FailArmy0,2,4.763,7.082,-1,-1,OOPS
falls/HowdYouGetUpsideDown-BestFailsoftheWeekAugust2018_FailArmy15,9,0.0,3.103,-1,-1,OOPS
falls/HowdYouGetUpsideDown-BestFailsoftheWeekAugust2018_FailArmy15,0,3.103,10.423,-1,-1,OOPS
falls/HowdYouGetUpsideDown-BestFailsoftheWeekAugust2018_FailArmy15,15,10.423,11.084,-1,-1,OOPS
falls/HowdYouGetUpsideDown-BestFailsoftheWeekAugust2018_FailArmy15,9,11.084,13.418,-1,-1,OOPS
falls/HowdYouGetUpsideDown-BestFailsoftheWeekAugust2018_FailArmy15,1,13.418,14.335,-1,-1,OOPS
falls/HowdYouGetUpsideDown-BestFailsoftheWeekAugust2018_FailArmy15,2,14.335,18.66884,-1,-1,OOPS
falls/IAmStuckInThisCar-FailsYouMissed16_FailArmy57,0,0.0,0.594,-1,-1,OOPS
falls/IAmStuckInThisCar-FailsYouMissed16_FailArmy57,15,0.594,1.128,-1,-1,OOPS
falls/IAmStuckInThisCar-FailsYouMissed16_FailArmy57,9,1.128,3.131,-1,-1,OOPS
falls/IAmStuckInThisCar-FailsYouMissed16_FailArmy57,2,3.131,4.1,-1,-1,OOPS
falls/IAmStuckInThisCar-FailsYouMissed16_FailArmy57,7,4.1,4.633,-1,-1,OOPS
falls/IAmStuckInThisCar-FailsYouMissed16_FailArmy57,0,4.633,6.344,-1,-1,OOPS
falls/IAmStuckInThisCar-FailsYouMissed16_FailArmy57,9,6.344,9.144,-1,-1,OOPS
falls/IAmStuckInThisCar-FailsYouMissed16_FailArmy57,0,9.144,10.147,-1,-1,OOPS
falls/IAmStuckInThisCar-FailsYouMissed16_FailArmy57,9,10.147,11.627,-1,-1,OOPS
falls/IAmStuckInThisCar-FailsYouMissed16_FailArmy57,0,11.627,12.584,-1,-1,OOPS
falls/IAmStuckInThisCar-FailsYouMissed16_FailArmy57,9,12.584,17.182,-1,-1,OOPS
falls/IAmStuckInThisCar-FailsYouMissed16_FailArmy70,9,0.0,3.894,-1,-1,OOPS
falls/IAmStuckInThisCar-FailsYouMissed16_FailArmy70,0,3.894,4.981,-1,-1,OOPS
falls/IAmStuckInThisCar-FailsYouMissed16_FailArmy70,1,4.981,6.1,-1,-1,OOPS
falls/IAmStuckInThisCar-FailsYouMissed16_FailArmy70,2,6.1,6.501,-1,-1,OOPS
falls/IAmStuckInThisCar-FailsYouMissed16_FailArmy79,9,0.0,0.329,-1,-1,OOPS
falls/IAmStuckInThisCar-FailsYouMissed16_FailArmy79,8,0.329,1.035,-1,-1,OOPS
falls/IAmStuckInThisCar-FailsYouMissed16_FailArmy79,0,1.035,2.365,-1,-1,OOPS
falls/IAmStuckInThisCar-FailsYouMissed16_FailArmy79,15,2.365,2.965,-1,-1,OOPS
falls/IAmStuckInThisCar-FailsYouMissed16_FailArmy79,1,2.965,4.02392,-1,-1,OOPS
falls/IAmStuckInThisCar-FailsYouMissed16_FailArmy93,9,0.0,3.088,-1,-1,OOPS
falls/IAmStuckInThisCar-FailsYouMissed16_FailArmy93,8,3.088,10.598,-1,-1,OOPS
falls/IAmStuckInThisCar-FailsYouMissed16_FailArmy93,9,10.598,11.627,-1,-1,OOPS
falls/IAmStuckInThisCar-FailsYouMissed16_FailArmy93,1,11.627,13.292,-1,-1,OOPS
falls/IAmStuckInThisCar-FailsYouMissed16_FailArmy93,2,13.292,13.55296,-1,-1,OOPS
falls/ICaughtABigCrab-ThrowbackFailsDecember2017_FailArmy65,9,0.0,1.43,-1,-1,OOPS
falls/ICaughtABigCrab-ThrowbackFailsDecember2017_FailArmy65,1,1.43,2.424,-1,-1,OOPS
falls/ICaughtABigCrab-ThrowbackFailsDecember2017_FailArmy65,7,2.424,3.25,-1,-1,OOPS
falls/ICaughtABigCrab-ThrowbackFailsDecember2017_FailArmy65,0,3.25,5.905,-1,-1,OOPS
falls/ICaughtABigCrab-ThrowbackFailsDecember2017_FailArmy65,8,5.905,7.367,-1,-1,OOPS
falls/ICaughtABigCrab-ThrowbackFailsDecember2017_FailArmy81,9,0.0,2.24,-1,-1,OOPS
falls/ICaughtABigCrab-ThrowbackFailsDecember2017_FailArmy81,0,2.24,5.193,-1,-1,OOPS
falls/ICaughtABigCrab-ThrowbackFailsDecember2017_FailArmy81,15,5.193,5.866,-1,-1,OOPS
falls/ICaughtABigCrab-ThrowbackFailsDecember2017_FailArmy81,1,5.866,7.191,-1,-1,OOPS
falls/ICaughtABigCrab-ThrowbackFailsDecember2017_FailArmy81,9,7.191,8.083,-1,-1,OOPS
falls/ICaughtABigCrab-ThrowbackFailsDecember2017_FailArmy81,2,8.083,9.79882,-1,-1,OOPS
falls/IMadeIt-FailsoftheWeekOctober2017_FailArmy10,0,0.0,2.743,-1,-1,OOPS
falls/IMadeIt-FailsoftheWeekOctober2017_FailArmy10,1,2.743,3.934,-1,-1,OOPS
falls/IMadeIt-FailsoftheWeekOctober2017_FailArmy10,2,3.934,6.9,-1,-1,OOPS
falls/IMadeIt-FailsoftheWeekOctober2017_FailArmy14,4,0.0,2.318,-1,-1,OOPS
falls/IMadeIt-FailsoftheWeekOctober2017_FailArmy14,5,2.318,3.029,-1,-1,OOPS
falls/IMadeIt-FailsoftheWeekOctober2017_FailArmy14,1,3.029,4.395,-1,-1,OOPS
falls/IMadeIt-FailsoftheWeekOctober2017_FailArmy14,7,4.395,6.301,-1,-1,OOPS
falls/IMadeIt-FailsoftheWeekOctober2017_FailArmy14,11,6.301,7.545,-1,-1,OOPS
falls/IMadeIt-FailsoftheWeekOctober2017_FailArmy14,7,7.545,9.01299,-1,-1,OOPS
falls/IMadeIt-FailsoftheWeekOctober2017_FailArmy30,9,0.0,3.839,-1,-1,OOPS
falls/IMadeIt-FailsoftheWeekOctober2017_FailArmy30,1,3.839,5.115,-1,-1,OOPS
falls/IMadeIt-FailsoftheWeekOctober2017_FailArmy30,2,5.115,7.8019,-1,-1,OOPS
falls/IMadeIt-FailsoftheWeekOctober2017_FailArmy34,9,0.0,1.32,-1,-1,OOPS
falls/IMadeIt-FailsoftheWeekOctober2017_FailArmy34,15,1.32,1.896,-1,-1,OOPS
falls/IMadeIt-FailsoftheWeekOctober2017_FailArmy34,9,1.896,2.43,-1,-1,OOPS
falls/IMadeIt-FailsoftheWeekOctober2017_FailArmy34,1,2.43,3.547,-1,-1,OOPS
falls/IMadeIt-FailsoftheWeekOctober2017_FailArmy34,2,3.547,6.7929,-1,-1,OOPS
falls/IMadeIt-FailsoftheWeekOctober2017_FailArmy39,7,0.0,2.816,-1,-1,OOPS
falls/IMadeIt-FailsoftheWeekOctober2017_FailArmy39,8,2.816,8.081,-1,-1,OOPS
falls/IMadeIt-FailsoftheWeekOctober2017_FailArmy39,9,8.081,9.518,-1,-1,OOPS
falls/IMadeIt-FailsoftheWeekOctober2017_FailArmy39,1,9.518,10.525,-1,-1,OOPS
falls/IMadeIt-FailsoftheWeekOctober2017_FailArmy39,2,10.525,16.13787,-1,-1,OOPS
falls/IMadeIt-FailsoftheWeekOctober2017_FailArmy9,8,0.0,3.426,-1,-1,OOPS
falls/IMadeIt-FailsoftheWeekOctober2017_FailArmy9,1,3.426,4.273,-1,-1,OOPS
falls/IMadeIt-FailsoftheWeekOctober2017_FailArmy9,2,4.273,5.748,-1,-1,OOPS
falls/IMadeIt-FailsoftheWeekOctober2017_FailArmy9,9,5.748,7.23333,-1,-1,OOPS
falls/ImSlipping_ImFalling_ICantGetUp-ThrowbackFailsJanuary2018_FailArmy21,0,0.0,1.252,-1,-1,OOPS
falls/ImSlipping_ImFalling_ICantGetUp-ThrowbackFailsJanuary2018_FailArmy21,8,1.252,2.251,-1,-1,OOPS
falls/ImSlipping_ImFalling_ICantGetUp-ThrowbackFailsJanuary2018_FailArmy21,0,2.251,4.081,-1,-1,OOPS
falls/ImSlipping_ImFalling_ICantGetUp-ThrowbackFailsJanuary2018_FailArmy21,9,4.081,5.504,-1,-1,OOPS
falls/ImSlipping_ImFalling_ICantGetUp-ThrowbackFailsJanuary2018_FailArmy21,1,5.504,8.658,-1,-1,OOPS
falls/ImSlipping_ImFalling_ICantGetUp-ThrowbackFailsJanuary2018_FailArmy21,2,8.658,9.682,-1,-1,OOPS
falls/ImSlipping_ImFalling_ICantGetUp-ThrowbackFailsJanuary2018_FailArmy25,9,0.0,2.485,-1,-1,OOPS
falls/ImSlipping_ImFalling_ICantGetUp-ThrowbackFailsJanuary2018_FailArmy25,15,2.485,3.538,-1,-1,OOPS
falls/ImSlipping_ImFalling_ICantGetUp-ThrowbackFailsJanuary2018_FailArmy25,1,3.538,7.124,-1,-1,OOPS
falls/ImSlipping_ImFalling_ICantGetUp-ThrowbackFailsJanuary2018_FailArmy25,2,7.124,8.88199,-1,-1,OOPS
falls/ImSlipping_ImFalling_ICantGetUp-ThrowbackFailsJanuary2018_FailArmy45,7,0.0,1.548,-1,-1,OOPS
falls/ImSlipping_ImFalling_ICantGetUp-ThrowbackFailsJanuary2018_FailArmy45,8,1.548,6.324,-1,-1,OOPS
falls/ImSlipping_ImFalling_ICantGetUp-ThrowbackFailsJanuary2018_FailArmy45,9,6.324,7.615,-1,-1,OOPS
falls/ImSlipping_ImFalling_ICantGetUp-ThrowbackFailsJanuary2018_FailArmy45,1,7.615,9.049,-1,-1,OOPS
falls/ImSlipping_ImFalling_ICantGetUp-ThrowbackFailsJanuary2018_FailArmy45,9,9.049,10.17,-1,-1,OOPS
falls/ImSlipping_ImFalling_ICantGetUp-ThrowbackFailsJanuary2018_FailArmy79,9,0.0,2.253,-1,-1,OOPS
falls/ImSlipping_ImFalling_ICantGetUp-ThrowbackFailsJanuary2018_FailArmy79,1,2.253,3.459,-1,-1,OOPS
falls/InstantKarmaFails-BestoftheYear2017_FailArmy42,9,0.0,2.241,-1,-1,OOPS
falls/InstantKarmaFails-BestoftheYear2017_FailArmy42,0,2.241,4.95,-1,-1,OOPS
falls/InstantKarmaFails-BestoftheYear2017_FailArmy42,9,4.95,6.946,-1,-1,OOPS
falls/InstantKarmaFails-BestoftheYear2017_FailArmy42,9,6.946,8.988,-1,-1,OOPS
falls/InstantKarmaFails-BestoftheYear2017_FailArmy42,1,8.988,9.505,-1,-1,OOPS
falls/InstantKarmaFails-BestoftheYear2017_FailArmy42,11,9.505,16.11612,-1,-1,OOPS
falls/InstantKarmaFails-ItsPaybackTimeDecember2016_FailArmy25,9,0.0,2.643,-1,-1,OOPS
falls/InstantKarmaFails-ItsPaybackTimeDecember2016_FailArmy25,1,2.643,4.124,-1,-1,OOPS
falls/InstantKarmaFails-ItsPaybackTimeDecember2016_FailArmy25,2,4.124,5.54,-1,-1,OOPS
falls/InstantKarmaFails-ItsPaybackTimeDecember2016_FailArmy25,9,5.54,6.009,-1,-1,OOPS
falls/InstantKarmaFails-ItsPaybackTimeDecember2016_FailArmy42,9,0.0,2.582,-1,-1,OOPS
falls/InstantKarmaFails-ItsPaybackTimeDecember2016_FailArmy42,0,2.582,10.684,-1,-1,OOPS
falls/InstantKarmaFails-ItsPaybackTimeDecember2016_FailArmy42,1,10.684,11.283,-1,-1,OOPS
falls/InstantKarmaFails-ItsPaybackTimeDecember2016_FailArmy42,7,11.283,11.822,-1,-1,OOPS
falls/InstantKarmaFails-ItsPaybackTimeDecember2016_FailArmy42,0,11.822,14.128,-1,-1,OOPS
falls/InstantKarmaFails-ItsPaybackTimeDecember2016_FailArmy42,1,14.128,15.692,-1,-1,OOPS
falls/InstantKarmaFails-ItsPaybackTimeDecember2016_FailArmy42,9,15.692,20.619,-1,-1,OOPS
falls/InternationalFailsFromAroundTheWorldJanuary2018_FailArmy35,9,0.0,4.721,-1,-1,OOPS
falls/InternationalFailsFromAroundTheWorldJanuary2018_FailArmy35,1,4.721,6.839,-1,-1,OOPS
falls/InternationalFailsFromAroundTheWorldJanuary2018_FailArmy35,2,6.839,9.17584,-1,-1,OOPS
falls/InternationalFailsFromAroundTheWorldJanuary2018_FailArmy42,9,0.0,7.699,-1,-1,OOPS
falls/InternationalFailsFromAroundTheWorldJanuary2018_FailArmy42,1,7.699,8.468,-1,-1,OOPS
falls/InternationalFailsFromAroundTheWorldJanuary2018_FailArmy42,9,8.468,10.93601,-1,-1,OOPS
falls/InternationalFailsFromAroundTheWorldJanuary2018_FailArmy51,0,0.0,1.946,-1,-1,OOPS
falls/InternationalFailsFromAroundTheWorldJanuary2018_FailArmy51,15,1.946,2.635,-1,-1,OOPS
falls/InternationalFailsFromAroundTheWorldJanuary2018_FailArmy51,1,2.635,5.546,-1,-1,OOPS
falls/InternationalFailsFromAroundTheWorldJanuary2018_FailArmy51,2,5.546,9.07574,-1,-1,OOPS
falls/ItsAllDownHillFromHere-ThrowbackFailsAugust2017100,9,0.0,0.84,-1,-1,OOPS
falls/ItsAllDownHillFromHere-ThrowbackFailsAugust2017100,9,0.84,7.756,-1,-1,OOPS
falls/ItsAllDownHillFromHere-ThrowbackFailsAugust2017100,1,7.756,8.475,-1,-1,OOPS
falls/ItsAllDownHillFromHere-ThrowbackFailsAugust2017100,2,8.475,10.518,-1,-1,OOPS
falls/ItsAllDownHillFromHere-ThrowbackFailsAugust2017100,9,10.518,13.159,-1,-1,OOPS
falls/ItsAllDownHillFromHere-ThrowbackFailsAugust2017100,1,13.159,14.976,-1,-1,OOPS
falls/ItsAllDownHillFromHere-ThrowbackFailsAugust2017100,2,14.976,15.69601,-1,-1,OOPS
falls/ItsAllDownHillFromHere-ThrowbackFailsAugust201714,4,0.0,4.701,-1,-1,OOPS
falls/ItsAllDownHillFromHere-ThrowbackFailsAugust201714,1,4.701,7.379,-1,-1,OOPS
falls/ItsAllDownHillFromHere-ThrowbackFailsAugust201714,2,7.379,8.40501,-1,-1,OOPS
falls/ItsAllDownHillFromHere-ThrowbackFailsAugust201717,9,0.0,5.998,-1,-1,OOPS
falls/ItsAllDownHillFromHere-ThrowbackFailsAugust201717,1,5.998,7.358,-1,-1,OOPS
falls/ItsAllDownHillFromHere-ThrowbackFailsAugust201717,2,7.358,8.085,-1,-1,OOPS
falls/ItsAllDownHillFromHere-ThrowbackFailsAugust201717,9,8.085,8.108,-1,-1,OOPS
falls/ItsAllDownHillFromHere-ThrowbackFailsAugust201722,9,0.0,2.348,-1,-1,OOPS
falls/ItsAllDownHillFromHere-ThrowbackFailsAugust201722,1,2.348,4.101,-1,-1,OOPS
falls/ItsAllDownHillFromHere-ThrowbackFailsAugust201722,4,4.101,4.99,-1,-1,OOPS
falls/ItsAllDownHillFromHere-ThrowbackFailsAugust201723,9,0.0,1.84,-1,-1,OOPS
falls/ItsAllDownHillFromHere-ThrowbackFailsAugust201723,15,1.84,2.389,-1,-1,OOPS
falls/ItsAllDownHillFromHere-ThrowbackFailsAugust201723,1,2.389,3.902,-1,-1,OOPS
falls/ItsAllDownHillFromHere-ThrowbackFailsAugust201723,2,3.902,7.14,-1,-1,OOPS
falls/ItsAllDownHillFromHere-ThrowbackFailsAugust201728,1,0.0,1.087,-1,-1,OOPS
falls/ItsAllDownHillFromHere-ThrowbackFailsAugust201728,2,1.087,1.914,-1,-1,OOPS
falls/ItsAllDownHillFromHere-ThrowbackFailsAugust201728,7,1.914,2.718,-1,-1,OOPS
falls/ItsAllDownHillFromHere-ThrowbackFailsAugust201728,4,2.718,3.27,-1,-1,OOPS
falls/ItsAllDownHillFromHere-ThrowbackFailsAugust201730,0,0.0,1.442,-1,-1,OOPS
falls/ItsAllDownHillFromHere-ThrowbackFailsAugust201730,8,1.442,1.768,-1,-1,OOPS
falls/ItsAllDownHillFromHere-ThrowbackFailsAugust201730,0,1.768,2.299,-1,-1,OOPS
falls/ItsAllDownHillFromHere-ThrowbackFailsAugust201730,9,2.299,3.371,-1,-1,OOPS
falls/ItsAllDownHillFromHere-ThrowbackFailsAugust201730,8,3.371,3.68399,-1,-1,OOPS
falls/ItsAllDownHillFromHere-ThrowbackFailsAugust201735,8,0.0,1.765,-1,-1,OOPS
falls/ItsAllDownHillFromHere-ThrowbackFailsAugust201735,9,1.765,2.708,-1,-1,OOPS
falls/ItsAllDownHillFromHere-ThrowbackFailsAugust201735,8,2.708,2.892,-1,-1,OOPS
falls/ItsAllDownHillFromHere-ThrowbackFailsAugust201735,9,2.892,3.224,-1,-1,OOPS
falls/ItsAllDownHillFromHere-ThrowbackFailsAugust201735,0,3.224,5.588,-1,-1,OOPS
falls/ItsAllDownHillFromHere-ThrowbackFailsAugust201735,9,5.588,6.87354,-1,-1,OOPS
falls/ItsAllDownHillFromHere-ThrowbackFailsAugust201738,9,0.0,0.454,-1,-1,OOPS
falls/ItsAllDownHillFromHere-ThrowbackFailsAugust201738,8,0.454,2.323,-1,-1,OOPS
falls/ItsAllDownHillFromHere-ThrowbackFailsAugust201738,9,2.323,3.138,-1,-1,OOPS
falls/ItsAllDownHillFromHere-ThrowbackFailsAugust201738,1,3.138,5.204,-1,-1,OOPS
falls/ItsAllDownHillFromHere-ThrowbackFailsAugust201738,9,5.204,8.681,-1,-1,OOPS
falls/ItsAllDownHillFromHere-ThrowbackFailsAugust201738,9,8.681,13.249,-1,-1,OOPS
falls/ItsAllDownHillFromHere-ThrowbackFailsAugust201738,1,13.249,14.07,-1,-1,OOPS
falls/ItsAllDownHillFromHere-ThrowbackFailsAugust201738,9,14.07,15.81582,-1,-1,OOPS
falls/ItsAllDownHillFromHere-ThrowbackFailsAugust201745,15,0.0,2.448,-1,-1,OOPS
falls/ItsAllDownHillFromHere-ThrowbackFailsAugust201745,1,2.448,5.258,-1,-1,OOPS
falls/ItsAllDownHillFromHere-ThrowbackFailsAugust201745,9,5.258,6.126,-1,-1,OOPS
falls/ItsAllDownHillFromHere-ThrowbackFailsAugust201745,15,6.126,6.586,-1,-1,OOPS
falls/ItsAllDownHillFromHere-ThrowbackFailsAugust201745,1,6.586,7.878,-1,-1,OOPS
falls/ItsAllDownHillFromHere-ThrowbackFailsAugust201745,7,7.878,9.355,-1,-1,OOPS
falls/ItsAllDownHillFromHere-ThrowbackFailsAugust201745,0,9.355,10.74408,-1,-1,OOPS
falls/ItsAllDownHillFromHere-ThrowbackFailsAugust201746,9,0.0,6.182,-1,-1,OOPS
falls/ItsAllDownHillFromHere-ThrowbackFailsAugust201746,1,6.182,8.015,-1,-1,OOPS
falls/ItsAllDownHillFromHere-ThrowbackFailsAugust201746,2,8.015,9.606,-1,-1,OOPS
falls/ItsAllDownHillFromHere-ThrowbackFailsAugust201746,7,9.606,10.86801,-1,-1,OOPS
falls/ItsAllDownHillFromHere-ThrowbackFailsAugust201750,9,0.0,3.414,-1,-1,OOPS
falls/ItsAllDownHillFromHere-ThrowbackFailsAugust201750,1,3.414,4.5,-1,-1,OOPS
falls/ItsAllDownHillFromHere-ThrowbackFailsAugust201750,7,4.5,6.349,-1,-1,OOPS
falls/ItsAllDownHillFromHere-ThrowbackFailsAugust201750,9,6.349,8.57524,-1,-1,OOPS
falls/ItsAllDownHillFromHere-ThrowbackFailsAugust201758,9,0.0,2.245,-1,-1,OOPS
falls/ItsAllDownHillFromHere-ThrowbackFailsAugust201758,15,2.245,2.675,-1,-1,OOPS
falls/ItsAllDownHillFromHere-ThrowbackFailsAugust201758,1,2.675,4.57,-1,-1,OOPS
falls/ItsAllDownHillFromHere-ThrowbackFailsAugust201758,2,4.57,4.969,-1,-1,OOPS
falls/ItsAllDownHillFromHere-ThrowbackFailsAugust201762,2,0.0,3.713,-1,-1,OOPS
falls/ItsAllDownHillFromHere-ThrowbackFailsAugust201762,9,3.713,4.99,-1,-1,OOPS
falls/ItsAllDownHillFromHere-ThrowbackFailsAugust201762,1,4.99,9.00901,-1,-1,OOPS
falls/ItsAllDownHillFromHere-ThrowbackFailsAugust201780,9,0.0,2.169,-1,-1,OOPS
falls/ItsAllDownHillFromHere-ThrowbackFailsAugust201780,1,2.169,4.066,-1,-1,OOPS
falls/ItsAllDownHillFromHere-ThrowbackFailsAugust201780,2,4.066,6.66399,-1,-1,OOPS
falls/ItsAllDownHillFromHere-ThrowbackFailsAugust201782,9,0.0,1.854,-1,-1,OOPS
falls/ItsAllDownHillFromHere-ThrowbackFailsAugust201782,15,1.854,3.124,-1,-1,OOPS
falls/ItsAllDownHillFromHere-ThrowbackFailsAugust201782,1,3.124,4.412,-1,-1,OOPS
falls/ItsAllDownHillFromHere-ThrowbackFailsAugust201782,7,4.412,5.884,-1,-1,OOPS
falls/ItsAllDownHillFromHere-ThrowbackFailsAugust201782,0,5.884,6.974,-1,-1,OOPS
falls/ItsAllDownHillFromHere-ThrowbackFailsAugust201782,9,6.974,7.73299,-1,-1,OOPS
falls/ItsAllDownHillFromHere-ThrowbackFailsAugust201792,9,0.0,3.203,-1,-1,OOPS
falls/ItsAllDownHillFromHere-ThrowbackFailsAugust201792,1,3.203,4.636,-1,-1,OOPS
falls/ItsAllDownHillFromHere-ThrowbackFailsAugust201792,9,4.636,6.614,-1,-1,OOPS
falls/ItsAllDownHillFromHere-ThrowbackFailsAugust201792,8,6.614,6.64,-1,-1,OOPS
falls/ItsAllDownHillFromHere-ThrowbackFailsAugust201796,8,0.0,4.117,-1,-1,OOPS
falls/ItsAllDownHillFromHere-ThrowbackFailsAugust201796,1,4.117,6.177,-1,-1,OOPS
falls/ItsAllDownHillFromHere-ThrowbackFailsAugust201796,2,6.177,9.54299,-1,-1,OOPS
falls/ItsDangerousOutside-StayInsideApril2018_FailArmy27,9,0.0,1.921,-1,-1,OOPS
falls/ItsDangerousOutside-StayInsideApril2018_FailArmy27,15,1.921,2.871,-1,-1,OOPS
falls/ItsDangerousOutside-StayInsideApril2018_FailArmy27,9,2.871,3.071,-1,-1,OOPS
falls/ItsDangerousOutside-StayInsideApril2018_FailArmy27,1,3.071,7.589,-1,-1,OOPS
falls/ItsDangerousOutside-StayInsideApril2018_FailArmy27,4,7.589,8.75392,-1,-1,OOPS
falls/ItsDangerousOutside-StayInsideApril2018_FailArmy54,9,0.0,2.357,-1,-1,OOPS
falls/ItsDangerousOutside-StayInsideApril2018_FailArmy54,1,2.357,3.584,-1,-1,OOPS
falls/ItsDangerousOutside-StayInsideApril2018_FailArmy54,2,3.584,4.092,-1,-1,OOPS
falls/ItsDangerousOutside-StayInsideApril2018_FailArmy54,7,4.092,4.92199,-1,-1,OOPS
falls/JustGrowUp-ActYourAgeFailsJuly2017_FailArmy29,9,0.0,2.433,-1,-1,OOPS
falls/JustGrowUp-ActYourAgeFailsJuly2017_FailArmy29,3,2.433,4.178,-1,-1,OOPS
falls/JustGrowUp-ActYourAgeFailsJuly2017_FailArmy29,1,4.178,5.896,-1,-1,OOPS
falls/JustGrowUp-ActYourAgeFailsJuly2017_FailArmy29,2,5.896,8.27494,-1,-1,OOPS
falls/KayakChaos-FailsoftheWeekAugust2018_FailArmy12,9,0.0,0.458,-1,-1,OOPS
falls/KayakChaos-FailsoftheWeekAugust2018_FailArmy12,8,0.458,2.685,-1,-1,OOPS
falls/KayakChaos-FailsoftheWeekAugust2018_FailArmy12,0,2.685,4.22,-1,-1,OOPS
falls/KayakChaos-FailsoftheWeekAugust2018_FailArmy12,9,4.22,4.973,-1,-1,OOPS
falls/KayakChaos-FailsoftheWeekAugust2018_FailArmy12,8,4.973,6.821,-1,-1,OOPS
falls/KayakChaos-FailsoftheWeekAugust2018_FailArmy12,0,6.821,9.79882,-1,-1,OOPS
falls/KayakChaos-FailsoftheWeekAugust2018_FailArmy15,9,0.0,8.287,-1,-1,OOPS
falls/KayakChaos-FailsoftheWeekAugust2018_FailArmy15,8,8.287,15.025,-1,-1,OOPS
falls/KayakChaos-FailsoftheWeekAugust2018_FailArmy15,9,15.025,21.383,-1,-1,OOPS
falls/KayakChaos-FailsoftheWeekAugust2018_FailArmy15,8,21.383,22.72701,-1,-1,OOPS
falls/KayakChaos-FailsoftheWeekAugust2018_FailArmy16,8,0.0,0.747,-1,-1,OOPS
falls/KayakChaos-FailsoftheWeekAugust2018_FailArmy16,12,0.747,2.102,-1,-1,OOPS
falls/KayakChaos-FailsoftheWeekAugust2018_FailArmy16,7,2.102,3.116,-1,-1,OOPS
falls/KayakChaos-FailsoftheWeekAugust2018_FailArmy16,8,3.116,6.548,-1,-1,OOPS
falls/KeepItGoing_KeepItGoing-BestFailsoftheMonthSeptember2017_FailArmy5,3,0.0,2.062,-1,-1,OOPS
falls/KeepItGoing_KeepItGoing-BestFailsoftheMonthSeptember2017_FailArmy5,4,2.062,3.189,-1,-1,OOPS
falls/KeepItGoing_KeepItGoing-BestFailsoftheMonthSeptember2017_FailArmy5,1,3.189,4.649,-1,-1,OOPS
falls/KeepItGoing_KeepItGoing-BestFailsoftheMonthSeptember2017_FailArmy5,2,4.649,5.537,-1,-1,OOPS
falls/KeepItGoing_KeepItGoing-BestFailsoftheMonthSeptember2017_FailArmy5,9,5.537,12.77097,-1,-1,OOPS
falls/LakeFails-TimeForAShowerApril2017_FailArmy0,8,0.0,2.016,-1,-1,OOPS
falls/LakeFails-TimeForAShowerApril2017_FailArmy0,1,2.016,3.409,-1,-1,OOPS
falls/LakeFails-TimeForAShowerApril2017_FailArmy0,9,3.409,5.878,-1,-1,OOPS
falls/LakeFails-TimeForAShowerApril2017_FailArmy0,1,5.878,7.08,-1,-1,OOPS
falls/LakeFails-TimeForAShowerApril2017_FailArmy0,2,7.08,7.853,-1,-1,OOPS
falls/LakeFails-TimeForAShowerApril2017_FailArmy0,9,7.853,14.89086,-1,-1,OOPS
falls/LakeFails-TimeForAShowerApril2017_FailArmy15,9,0.0,4.026,-1,-1,OOPS
falls/LakeFails-TimeForAShowerApril2017_FailArmy15,1,4.026,5.487,-1,-1,OOPS
falls/LakeFails-TimeForAShowerApril2017_FailArmy15,9,5.487,6.08701,-1,-1,OOPS
falls/LaughingCameraman-BestLaughsEverJanuary2017_FailArmy10,9,0.0,2.059,-1,-1,OOPS
falls/LaughingCameraman-BestLaughsEverJanuary2017_FailArmy10,15,2.059,2.626,-1,-1,OOPS
falls/LaughingCameraman-BestLaughsEverJanuary2017_FailArmy10,1,2.626,5.589,-1,-1,OOPS
falls/LaughingCameraman-BestLaughsEverJanuary2017_FailArmy10,2,5.589,7.77444,-1,-1,OOPS
falls/LaughingCameraman-BestLaughsEverJanuary2017_FailArmy28,9,0.0,3.513,-1,-1,OOPS
falls/LaughingCameraman-BestLaughsEverJanuary2017_FailArmy28,1,3.513,4.218,-1,-1,OOPS
falls/LaughingCameraman-BestLaughsEverJanuary2017_FailArmy28,2,4.218,12.30399,-1,-1,OOPS
falls/LaughingCameraman-BestLaughsEverJanuary2017_FailArmy4,9,0.0,0.12,-1,-1,OOPS
falls/LaughingCameraman-BestLaughsEverJanuary2017_FailArmy4,15,0.12,0.72,-1,-1,OOPS
falls/LaughingCameraman-BestLaughsEverJanuary2017_FailArmy4,15,0.72,1.337,-1,-1,OOPS
falls/LaughingCameraman-BestLaughsEverJanuary2017_FailArmy4,1,1.337,2.483,-1,-1,OOPS
falls/LaughingCameraman-BestLaughsEverJanuary2017_FailArmy4,2,2.483,5.227,-1,-1,OOPS
falls/LaughingCameraman-BestLaughsEverJanuary2017_FailArmy4,7,5.227,5.828,-1,-1,OOPS
falls/LaughingCameraman-BestLaughsEverJanuary2017_FailArmy7,9,0.0,3.077,-1,-1,OOPS
falls/LaughingCameraman-BestLaughsEverJanuary2017_FailArmy7,1,3.077,5.048,-1,-1,OOPS
falls/LaughingCameraman-BestLaughsEverJanuary2017_FailArmy7,11,5.048,6.808,-1,-1,OOPS
falls/LaughingCameraman-BestLaughsEverJanuary2017_FailArmy7,9,6.808,8.377,-1,-1,OOPS
falls/LaughingCameraman-BestLaughsEverJanuary2017_FailArmy7,8,8.377,11.416,-1,-1,OOPS
falls/LaughingCameraman-BestLaughsEverJanuary2017_FailArmy7,0,11.416,13.025,-1,-1,OOPS
falls/LaughingCameraman-BestLaughsEverJanuary2017_FailArmy7,9,13.025,13.558,-1,-1,OOPS
falls/LetsGetCheesy-FailsoftheWeek9,8,0.0,0.32,-1,-1,OOPS
falls/LetsGetCheesy-FailsoftheWeek9,15,0.32,0.941,-1,-1,OOPS
falls/LetsGetCheesy-FailsoftheWeek9,8,0.941,1.321,-1,-1,OOPS
falls/LetsGetCheesy-FailsoftheWeek9,15,1.321,1.943,-1,-1,OOPS
falls/LetsGetCheesy-FailsoftheWeek9,8,1.943,2.349,-1,-1,OOPS
falls/LetsGetCheesy-FailsoftheWeek9,15,2.349,2.987,-1,-1,OOPS
falls/LetsGetCheesy-FailsoftheWeek9,8,2.987,3.286,-1,-1,OOPS
falls/LetsGetCheesy-FailsoftheWeek9,15,3.286,3.892,-1,-1,OOPS
falls/LetsGetCheesy-FailsoftheWeek9,8,3.892,4.168,-1,-1,OOPS
falls/LetsGetCheesy-FailsoftheWeek9,15,4.168,4.783,-1,-1,OOPS
falls/LetsGetCheesy-FailsoftheWeek9,8,4.783,5.037,-1,-1,OOPS
falls/LetsGetCheesy-FailsoftheWeek9,15,5.037,5.721,-1,-1,OOPS
falls/LetsGetCheesy-FailsoftheWeek9,8,5.721,5.961,-1,-1,OOPS
falls/LetsGetCheesy-FailsoftheWeek9,15,5.961,6.114,-1,-1,OOPS
falls/LetsGetCheesy-FailsoftheWeek9,1,6.114,7.308,-1,-1,OOPS
falls/LetsGetCheesy-FailsoftheWeek9,7,7.308,10.193,-1,-1,OOPS
falls/LetsGetIt-FailArmyAfterDarkep213,9,0.0,0.956,-1,-1,OOPS
falls/LetsGetIt-FailArmyAfterDarkep213,1,0.956,4.37865,-1,-1,OOPS
falls/LetsGetIt-FailArmyAfterDarkep2170,9,0.0,1.8,-1,-1,OOPS
falls/LetsGetIt-FailArmyAfterDarkep2170,0,1.8,2.379,-1,-1,OOPS
falls/LetsGetIt-FailArmyAfterDarkep2170,1,2.379,3.861,-1,-1,OOPS
falls/LetsGetIt-FailArmyAfterDarkep2170,2,3.861,4.214,-1,-1,OOPS
falls/LetsGetIt-FailArmyAfterDarkep2170,9,4.214,4.379,-1,-1,OOPS
falls/LetsGetIt-FailArmyAfterDarkep220,9,0.0,0.964,-1,-1,OOPS
falls/LetsGetIt-FailArmyAfterDarkep220,9,0.964,3.429,-1,-1,OOPS
falls/LetsGetIt-FailArmyAfterDarkep220,1,3.429,8.393,-1,-1,OOPS
falls/LetsGetIt-FailArmyAfterDarkep220,7,8.393,9.82299,-1,-1,OOPS
falls/LetsGetIt-FailArmyAfterDarkep2215,0,0.0,0.6,-1,-1,OOPS
falls/LetsGetIt-FailArmyAfterDarkep2215,1,0.6,2.219,-1,-1,OOPS
falls/LetsGetIt-FailArmyAfterDarkep2215,2,2.219,3.244,-1,-1,OOPS
falls/LetsGetIt-FailArmyAfterDarkep2215,9,3.244,6.79733,-1,-1,OOPS
falls/LetsGetIt-FailArmyAfterDarkep234,8,0.0,1.854,-1,-1,OOPS
falls/LetsGetIt-FailArmyAfterDarkep234,1,1.854,3.218,-1,-1,OOPS
falls/LetsGetIt-FailArmyAfterDarkep234,9,3.218,4.57399,-1,-1,OOPS
falls/LetsGetIt-FailArmyAfterDarkep241,0,0.0,0.699,-1,-1,OOPS
falls/LetsGetIt-FailArmyAfterDarkep241,8,0.699,1.561,-1,-1,OOPS
falls/LetsGetIt-FailArmyAfterDarkep241,1,1.561,2.746,-1,-1,OOPS
falls/LetsGetIt-FailArmyAfterDarkep241,9,2.746,3.529,-1,-1,OOPS
falls/LetsGetIt-FailArmyAfterDarkep245,9,0.0,1.614,-1,-1,OOPS
falls/LetsGetIt-FailArmyAfterDarkep245,1,1.614,3.725,-1,-1,OOPS
falls/LetsGetIt-FailArmyAfterDarkep245,4,3.725,5.71199,-1,-1,OOPS
falls/LetsGetIt-FailArmyAfterDarkep248,0,0.0,1.719,-1,-1,OOPS
falls/LetsGetIt-FailArmyAfterDarkep248,1,1.719,3.191,-1,-1,OOPS
falls/LetsGetIt-FailArmyAfterDarkep248,2,3.191,4.50375,-1,-1,OOPS
falls/LetsGetIt-FailArmyAfterDarkep251,0,0.0,1.441,-1,-1,OOPS
falls/LetsGetIt-FailArmyAfterDarkep251,9,1.441,2.774,-1,-1,OOPS
falls/LetsGetIt-FailArmyAfterDarkep251,7,2.774,3.62802,-1,-1,OOPS
falls/LetsGetIt-FailArmyAfterDarkep270,0,0.0,0.425,-1,-1,OOPS
falls/LetsGetIt-FailArmyAfterDarkep270,15,0.425,0.965,-1,-1,OOPS
falls/LetsGetIt-FailArmyAfterDarkep270,1,0.965,2.7,-1,-1,OOPS
falls/LetsGetIt-FailArmyAfterDarkep270,2,2.7,3.63199,-1,-1,OOPS
falls/LetsGetIt-FailArmyAfterDarkep283,0,0.0,1.462,-1,-1,OOPS
falls/LetsGetIt-FailArmyAfterDarkep283,1,1.462,2.718,-1,-1,OOPS
falls/LetsGetIt-FailArmyAfterDarkep283,2,2.718,4.99,-1,-1,OOPS
falls/LetsGetIt-FailArmyAfterDarkep288,9,0.0,0.64,-1,-1,OOPS
falls/LetsGetIt-FailArmyAfterDarkep288,8,0.64,1.683,-1,-1,OOPS
falls/LetsGetIt-FailArmyAfterDarkep288,1,1.683,2.801,-1,-1,OOPS
falls/LetsGetIt-FailArmyAfterDarkep288,9,2.801,4.23,-1,-1,OOPS
falls/LetsGetIt-FailArmyAfterDarkep288,7,4.23,4.794,-1,-1,OOPS
falls/LetsGetIt-FailArmyAfterDarkep288,8,4.794,5.865,-1,-1,OOPS
falls/LetsGetIt-FailArmyAfterDarkep288,1,5.865,7.897,-1,-1,OOPS
falls/LetsGetIt-FailArmyAfterDarkep288,4,7.897,9.38282,-1,-1,OOPS
falls/LetsGetIt-FailArmyAfterDarkep289,3,0.0,0.781,-1,-1,OOPS
falls/LetsGetIt-FailArmyAfterDarkep289,4,0.781,1.65,-1,-1,OOPS
falls/LetsGetIt-FailArmyAfterDarkep289,1,1.65,3.227,-1,-1,OOPS
falls/LetsGetIt-FailArmyAfterDarkep289,2,3.227,3.71143,-1,-1,OOPS
falls/LetsGetStoned-RockFails0,9,0.0,3.075,-1,-1,OOPS
falls/LetsGetStoned-RockFails0,1,3.075,5.878,-1,-1,OOPS
falls/LetsGetStoned-RockFails11,0,0.0,1.778,-1,-1,OOPS
falls/LetsGetStoned-RockFails11,8,1.778,2.125,-1,-1,OOPS
falls/LetsGetStoned-RockFails11,1,2.125,3.586,-1,-1,OOPS
falls/LetsGetStoned-RockFails11,2,3.586,4.96399,-1,-1,OOPS
falls/LetsGetStoned-RockFails13,9,0.0,10.059,-1,-1,OOPS
falls/LetsGetStoned-RockFails13,1,10.059,12.427,-1,-1,OOPS
falls/LetsGetStoned-RockFails13,7,12.427,13.518,-1,-1,OOPS
falls/LetsGetStoned-RockFails13,11,13.518,15.81582,-1,-1,OOPS
falls/LetsGetStoned-RockFails14,8,0.0,7.752,-1,-1,OOPS
falls/LetsGetStoned-RockFails14,1,7.752,9.102,-1,-1,OOPS
falls/LetsGetStoned-RockFails14,9,9.102,12.323,-1,-1,OOPS
falls/LetsGetStoned-RockFails14,8,12.323,15.03,-1,-1,OOPS
falls/LetsGetStoned-RockFails14,1,15.03,15.821,-1,-1,OOPS
falls/LetsGetStoned-RockFails14,7,15.821,17.551,-1,-1,OOPS
falls/LetsGetStoned-RockFails14,0,17.551,19.012,-1,-1,OOPS
falls/LetsGetStoned-RockFails14,8,19.012,22.012,-1,-1,OOPS
falls/LetsGetStoned-RockFails14,1,22.012,23.757,-1,-1,OOPS
falls/LetsGetStoned-RockFails14,7,23.757,29.682,-1,-1,OOPS
falls/LetsGetStoned-RockFails14,0,29.682,31.035,-1,-1,OOPS
falls/LetsGetStoned-RockFails14,15,31.035,31.881,-1,-1,OOPS
falls/LetsGetStoned-RockFails14,1,31.881,33.504,-1,-1,OOPS
falls/LetsGetStoned-RockFails14,2,33.504,34.797,-1,-1,OOPS
falls/LetsGetStoned-RockFails14,7,34.797,40.707,-1,-1,OOPS
falls/LetsGetStoned-RockFails14,13,40.707,41.819,-1,-1,OOPS
falls/LetsGetStoned-RockFails19,9,0.0,1.557,-1,-1,OOPS
falls/LetsGetStoned-RockFails19,15,1.557,6.869,-1,-1,OOPS
falls/LetsGetStoned-RockFails19,1,6.869,14.651,-1,-1,OOPS
falls/LetsGetStoned-RockFails19,9,14.651,21.176,-1,-1,OOPS
falls/LetsGetStoned-RockFails19,1,21.176,24.071,-1,-1,OOPS
falls/LetsGetStoned-RockFails19,9,24.071,28.675,-1,-1,OOPS
falls/LetsGetStoned-RockFails19,0,28.675,33.875,-1,-1,OOPS
falls/LetsGetStoned-RockFails19,0,33.875,37.215,-1,-1,OOPS
falls/LetsGetStoned-RockFails19,1,37.215,40.05399,-1,-1,OOPS
falls/LetsGetStoned-RockFails20,9,0.0,8.678,-1,-1,OOPS
falls/LetsGetStoned-RockFails20,1,8.678,14.908,-1,-1,OOPS
falls/LetsGetStoned-RockFails20,2,14.908,18.15601,-1,-1,OOPS
falls/LetsGetStoned-RockFails21,9,0.0,7.823,-1,-1,OOPS
falls/LetsGetStoned-RockFails21,15,7.823,8.276,-1,-1,OOPS
falls/LetsGetStoned-RockFails21,1,8.276,9.692,-1,-1,OOPS
falls/LetsGetStoned-RockFails23,9,0.0,5.599,-1,-1,OOPS
falls/LetsGetStoned-RockFails23,1,5.599,6.929,-1,-1,OOPS
falls/LetsGetStoned-RockFails23,4,6.929,8.34168,-1,-1,OOPS
falls/LetsGetStoned-RockFails25,0,0.0,2.113,-1,-1,OOPS
falls/LetsGetStoned-RockFails25,1,2.113,3.434,-1,-1,OOPS
falls/LetsGetStoned-RockFails25,7,3.434,4.244,-1,-1,OOPS
falls/LetsGetStoned-RockFails25,6,4.244,6.494,-1,-1,OOPS
falls/LetsGetStoned-RockFails25,9,6.494,9.443,-1,-1,OOPS
falls/LetsGetStoned-RockFails27,7,0.0,4.3,-1,-1,OOPS
falls/LetsGetStoned-RockFails27,8,4.3,7.796,-1,-1,OOPS
falls/LetsGetStoned-RockFails27,15,7.796,8.545,-1,-1,OOPS
falls/LetsGetStoned-RockFails27,1,8.545,10.332,-1,-1,OOPS
falls/LetsGetStoned-RockFails27,7,10.332,10.685,-1,-1,OOPS
falls/LetsGetStoned-RockFails27,0,10.685,19.05239,-1,-1,OOPS
falls/LetsGetTropical-BeachFails13,8,0.0,2.847,-1,-1,OOPS
falls/LetsGetTropical-BeachFails13,15,2.847,4.19,-1,-1,OOPS
falls/LetsGetTropical-BeachFails13,9,4.19,8.895,-1,-1,OOPS
falls/LetsGetTropical-BeachFails13,1,8.895,10.268,-1,-1,OOPS
falls/LetsGetTropical-BeachFails13,9,10.268,12.692,-1,-1,OOPS
falls/LetsGetTropical-BeachFails13,8,12.692,13.421,-1,-1,OOPS
falls/LetsGetTropical-BeachFails13,0,13.421,15.287,-1,-1,OOPS
falls/LetsGetTropical-BeachFails13,1,15.287,16.077,-1,-1,OOPS
falls/LetsGetTropical-BeachFails13,7,16.077,18.207,-1,-1,OOPS
falls/LetsGetTropical-BeachFails13,11,18.207,19.95329,-1,-1,OOPS
falls/LetsGetTropical-BeachFails19,9,0.0,14.661,-1,-1,OOPS
falls/LetsGetTropical-BeachFails19,1,14.661,16.978,-1,-1,OOPS
falls/LetsGetTropical-BeachFails19,2,16.978,18.492,-1,-1,OOPS
falls/LetsGetTropical-BeachFails19,7,18.492,20.92501,-1,-1,OOPS
falls/LetsGetTropical-BeachFails23,9,0.0,0.938,-1,-1,OOPS
falls/LetsGetTropical-BeachFails23,1,0.938,2.712,-1,-1,OOPS
falls/LetsGetTropical-BeachFails23,2,2.712,6.44,-1,-1,OOPS
falls/LetsGetTropical-BeachFails23,0,6.44,9.312,-1,-1,OOPS
falls/LetsGetTropical-BeachFails23,1,9.312,12.562,-1,-1,OOPS
falls/LetsGetTropical-BeachFails23,7,12.562,15.896,-1,-1,OOPS
falls/LetsGetTropical-BeachFails23,11,15.896,16.89,-1,-1,OOPS
falls/LetsGetTropical-BeachFails23,0,16.89,18.349,-1,-1,OOPS
falls/LetsGetTropical-BeachFails23,9,18.349,19.808,-1,-1,OOPS
falls/LetsGetTropical-BeachFails23,1,19.808,21.15,-1,-1,OOPS
falls/LetsGetTropical-BeachFails23,2,21.15,22.82501,-1,-1,OOPS
falls/LetsGetTropical-BeachFails24,8,0.0,2.822,-1,-1,OOPS
falls/LetsGetTropical-BeachFails24,9,2.822,4.385,-1,-1,OOPS
falls/LetsGetTropical-BeachFails24,0,4.385,5.364,-1,-1,OOPS
falls/LetsGetTropical-BeachFails24,9,5.364,6.118,-1,-1,OOPS
falls/LetsGetTropical-BeachFails24,1,6.118,8.64701,-1,-1,OOPS
falls/LetsGetTropical-BeachFails32,9,0.0,0.931,-1,-1,OOPS
falls/LetsGetTropical-BeachFails32,1,0.931,3.00501,-1,-1,OOPS
falls/LookAtMeLikeABoss-FailsYouMissed14_FailArmy56,9,0.0,2.604,-1,-1,OOPS
falls/LookAtMeLikeABoss-FailsYouMissed14_FailArmy56,15,2.604,3.564,-1,-1,OOPS
falls/LookAtMeLikeABoss-FailsYouMissed14_FailArmy56,15,3.564,4.54,-1,-1,OOPS
falls/LookAtMeLikeABoss-FailsYouMissed14_FailArmy56,15,4.54,5.42,-1,-1,OOPS
falls/LookAtMeLikeABoss-FailsYouMissed14_FailArmy56,15,5.42,6.302,-1,-1,OOPS
falls/LookAtMeLikeABoss-FailsYouMissed14_FailArmy56,1,6.302,7.42285,-1,-1,OOPS
falls/LookOutBelow-ThrowbackThursdayOctober2017_FailArmy19,0,0.0,2.001,-1,-1,OOPS
falls/LookOutBelow-ThrowbackThursdayOctober2017_FailArmy19,1,2.001,3.23,-1,-1,OOPS
falls/LookOutBelow-ThrowbackThursdayOctober2017_FailArmy19,7,3.23,3.60596,-1,-1,OOPS
falls/LookOutBelow-ThrowbackThursdayOctober2017_FailArmy45,9,0.0,2.177,-1,-1,OOPS
falls/LookOutBelow-ThrowbackThursdayOctober2017_FailArmy45,1,2.177,3.354,-1,-1,OOPS
falls/LookOutBelow-ThrowbackThursdayOctober2017_FailArmy45,2,3.354,7.26785,-1,-1,OOPS
falls/LookOutBelow-ThrowbackThursdayOctober2017_FailArmy56,9,0.0,0.851,-1,-1,OOPS
falls/LookOutBelow-ThrowbackThursdayOctober2017_FailArmy56,1,0.851,3.074,-1,-1,OOPS
falls/LookOutBelow-ThrowbackThursdayOctober2017_FailArmy56,4,3.074,6.76,-1,-1,OOPS
falls/LookOutBelow-ThrowbackThursdayOctober2017_FailArmy56,7,6.76,8.708,-1,-1,OOPS
falls/LookOutBelow-ThrowbackThursdayOctober2017_FailArmy56,11,8.708,9.95299,-1,-1,OOPS
falls/LookOutBelow-ThrowbackThursdayOctober2017_FailArmy63,0,0.0,3.684,-1,-1,OOPS
falls/LookOutBelow-ThrowbackThursdayOctober2017_FailArmy63,1,3.684,5.065,-1,-1,OOPS
falls/LookOutBelow-ThrowbackThursdayOctober2017_FailArmy63,2,5.065,7.82501,-1,-1,OOPS
falls/LookOutBelow-ThrowbackThursdayOctober2017_FailArmy69,0,0.0,2.039,-1,-1,OOPS
falls/LookOutBelow-ThrowbackThursdayOctober2017_FailArmy69,15,2.039,2.583,-1,-1,OOPS
falls/LookOutBelow-ThrowbackThursdayOctober2017_FailArmy69,15,2.583,3.31,-1,-1,OOPS
falls/LookOutBelow-ThrowbackThursdayOctober2017_FailArmy69,1,3.31,4.855,-1,-1,OOPS
falls/LookOutBelow-ThrowbackThursdayOctober2017_FailArmy69,7,4.855,6.093,-1,-1,OOPS
falls/LookOutBelow-ThrowbackThursdayOctober2017_FailArmy69,4,6.093,7.98,-1,-1,OOPS
falls/LookOutBelow-ThrowbackThursdayOctober2017_FailArmy69,7,7.98,10.193,-1,-1,OOPS
falls/LookOutBelow-ThrowbackThursdayOctober2017_FailArmy69,8,10.193,11.772,-1,-1,OOPS
falls/LookOutBelow-ThrowbackThursdayOctober2017_FailArmy70,0,0.0,1.31,-1,-1,OOPS
falls/LookOutBelow-ThrowbackThursdayOctober2017_FailArmy70,1,1.31,2.426,-1,-1,OOPS
falls/LookOutBelow-ThrowbackThursdayOctober2017_FailArmy70,2,2.426,3.6,-1,-1,OOPS
falls/LookOutBelow-ThrowbackThursdayOctober2017_FailArmy70,1,3.6,5.108,-1,-1,OOPS
falls/LookOutBelow-ThrowbackThursdayOctober2017_FailArmy70,9,5.108,5.40541,-1,-1,OOPS
falls/LookOutBelow-ThrowbackThursdayOctober2017_FailArmy8,9,0.0,8.689,-1,-1,OOPS
falls/LookOutBelow-ThrowbackThursdayOctober2017_FailArmy8,9,8.689,24.296,-1,-1,OOPS
falls/LookOutBelow-ThrowbackThursdayOctober2017_FailArmy8,1,24.296,24.894,-1,-1,OOPS
falls/LookOutBelow-ThrowbackThursdayOctober2017_FailArmy8,1,24.894,25.433,-1,-1,OOPS
falls/LookOutBelow-ThrowbackThursdayOctober2017_FailArmy8,1,25.433,26.733,-1,-1,OOPS
falls/LookOutBelow-ThrowbackThursdayOctober2017_FailArmy8,9,26.733,27.616,-1,-1,OOPS
falls/LookOutBelow-ThrowbackThursdayOctober2017_FailArmy8,1,27.616,28.997,-1,-1,OOPS
falls/LookOutBelow-ThrowbackThursdayOctober2017_FailArmy8,9,28.997,32.837,-1,-1,OOPS
falls/LookOutForThatBush-FailsoftheWeekJune2017_FailArmy38,9,0.0,3.251,-1,-1,OOPS
falls/LookOutForThatBush-FailsoftheWeekJune2017_FailArmy38,1,3.251,4.519,-1,-1,OOPS
falls/LookOutForThatBush-FailsoftheWeekJune2017_FailArmy38,7,4.519,7.269,-1,-1,OOPS
falls/LookOutForThatBush-FailsoftheWeekJune2017_FailArmy38,11,7.269,11.41141,-1,-1,OOPS
falls/LookOutForThatBush-FailsoftheWeekJune2017_FailArmy48,0,0.0,2.535,-1,-1,OOPS
falls/LookOutForThatBush-FailsoftheWeekJune2017_FailArmy48,15,2.535,3.037,-1,-1,OOPS
falls/LookOutForThatBush-FailsoftheWeekJune2017_FailArmy48,1,3.037,4.168,-1,-1,OOPS
falls/LookOutForThatBush-FailsoftheWeekJune2017_FailArmy48,2,4.168,5.827,-1,-1,OOPS
falls/LookOutForThatBush-FailsoftheWeekJune2017_FailArmy48,4,5.827,7.662,-1,-1,OOPS
falls/MMAMishap-FailsoftheWeekSeptember2018_FailArmy8,9,0.0,4.531,-1,-1,OOPS
falls/MMAMishap-FailsoftheWeekSeptember2018_FailArmy8,15,4.531,5.233,-1,-1,OOPS
falls/MMAMishap-FailsoftheWeekSeptember2018_FailArmy8,9,5.233,5.418,-1,-1,OOPS
falls/MMAMishap-FailsoftheWeekSeptember2018_FailArmy8,1,5.418,7.672,-1,-1,OOPS
falls/MMAMishap-FailsoftheWeekSeptember2018_FailArmy8,4,7.672,10.77744,-1,-1,OOPS
falls/MenvsWomen-FailArmyVersusAugust201713,9,0.0,3.362,-1,-1,OOPS
falls/MenvsWomen-FailArmyVersusAugust201713,1,3.362,4.812,-1,-1,OOPS
falls/MenvsWomen-FailArmyVersusAugust201713,9,4.812,5.14701,-1,-1,OOPS
falls/MenvsWomen-FailArmyVersusAugust201717,9,0.0,3.76,-1,-1,OOPS
falls/MenvsWomen-FailArmyVersusAugust201717,1,3.76,4.73687,-1,-1,OOPS
falls/MenvsWomen-FailArmyVersusAugust201732,9,0.0,3.962,-1,-1,OOPS
falls/MenvsWomen-FailArmyVersusAugust201732,1,3.962,5.296,-1,-1,OOPS
falls/MenvsWomen-FailArmyVersusAugust201732,9,5.296,8.445,-1,-1,OOPS
falls/MenvsWomen-FailArmyVersusAugust201732,8,8.445,9.333,-1,-1,OOPS
falls/MenvsWomen-FailArmyVersusAugust201732,0,9.333,10.858,-1,-1,OOPS
falls/MenvsWomen-FailArmyVersusAugust201732,1,10.858,12.666,-1,-1,OOPS
falls/MenvsWomen-FailArmyVersusAugust201732,2,12.666,14.249,-1,-1,OOPS
falls/MenvsWomen-FailArmyVersusAugust201732,7,14.249,15.349,-1,-1,OOPS
falls/MenvsWomen-FailArmyVersusAugust201741,9,0.0,1.047,-1,-1,OOPS
falls/MenvsWomen-FailArmyVersusAugust201741,9,1.047,1.541,-1,-1,OOPS
falls/MenvsWomen-FailArmyVersusAugust201741,0,1.541,1.833,-1,-1,OOPS
falls/MenvsWomen-FailArmyVersusAugust201741,15,1.833,2.804,-1,-1,OOPS
falls/MenvsWomen-FailArmyVersusAugust201741,1,2.804,4.122,-1,-1,OOPS
falls/MenvsWomen-FailArmyVersusAugust201741,2,4.122,5.498,-1,-1,OOPS
falls/MenvsWomen-FailArmyVersusAugust201741,7,5.498,6.24601,-1,-1,OOPS
falls/MirrorFightBack-FailsoftheWeekNovember2017_FailArmy12,9,0.0,1.45,-1,-1,OOPS
falls/MirrorFightBack-FailsoftheWeekNovember2017_FailArmy12,1,1.45,2.072,-1,-1,OOPS
falls/MirrorFightBack-FailsoftheWeekNovember2017_FailArmy12,2,2.072,4.348,-1,-1,OOPS
falls/MirrorFightBack-FailsoftheWeekNovember2017_FailArmy12,9,4.348,9.98,-1,-1,OOPS
falls/MirrorFightBack-FailsoftheWeekNovember2017_FailArmy12,1,9.98,10.803,-1,-1,OOPS
falls/MirrorFightBack-FailsoftheWeekNovember2017_FailArmy12,2,10.803,11.41601,-1,-1,OOPS
falls/MirrorFightBack-FailsoftheWeekNovember2017_FailArmy15,8,0.0,0.8,-1,-1,OOPS
falls/MirrorFightBack-FailsoftheWeekNovember2017_FailArmy15,3,0.8,1.528,-1,-1,OOPS
falls/MirrorFightBack-FailsoftheWeekNovember2017_FailArmy15,4,1.528,2.726,-1,-1,OOPS
falls/MirrorFightBack-FailsoftheWeekNovember2017_FailArmy15,1,2.726,3.898,-1,-1,OOPS
falls/MirrorFightBack-FailsoftheWeekNovember2017_FailArmy15,4,3.898,8.521,-1,-1,OOPS
falls/MirrorFightBack-FailsoftheWeekNovember2017_FailArmy17,8,0.0,0.585,-1,-1,OOPS
falls/MirrorFightBack-FailsoftheWeekNovember2017_FailArmy17,12,0.585,1.187,-1,-1,OOPS
falls/MirrorFightBack-FailsoftheWeekNovember2017_FailArmy17,9,1.187,1.917,-1,-1,OOPS
falls/MirrorFightBack-FailsoftheWeekNovember2017_FailArmy17,1,1.917,4.007,-1,-1,OOPS
falls/MirrorFightBack-FailsoftheWeekNovember2017_FailArmy17,9,4.007,7.60199,-1,-1,OOPS
falls/MirrorFightBack-FailsoftheWeekNovember2017_FailArmy25,0,0.0,3.357,-1,-1,OOPS
falls/MirrorFightBack-FailsoftheWeekNovember2017_FailArmy25,1,3.357,4.754,-1,-1,OOPS
falls/MirrorFightBack-FailsoftheWeekNovember2017_FailArmy25,2,4.754,5.931,-1,-1,OOPS
falls/MirrorFightBack-FailsoftheWeekNovember2017_FailArmy25,7,5.931,9.669,-1,-1,OOPS
falls/MirrorFightBack-FailsoftheWeekNovember2017_FailArmy25,9,9.669,10.49,-1,-1,OOPS
falls/MirrorFightBack-FailsoftheWeekNovember2017_FailArmy25,0,10.49,11.312,-1,-1,OOPS
falls/MirrorFightBack-FailsoftheWeekNovember2017_FailArmy28,9,0.0,17.09,-1,-1,OOPS
falls/MirrorFightBack-FailsoftheWeekNovember2017_FailArmy4,9,0.0,0.04,-1,-1,OOPS
falls/MirrorFightBack-FailsoftheWeekNovember2017_FailArmy4,8,0.04,1.116,-1,-1,OOPS
falls/MirrorFightBack-FailsoftheWeekNovember2017_FailArmy4,15,1.116,1.958,-1,-1,OOPS
falls/MirrorFightBack-FailsoftheWeekNovember2017_FailArmy4,1,1.958,2.601,-1,-1,OOPS
falls/MirrorFightBack-FailsoftheWeekNovember2017_FailArmy4,0,2.601,6.277,-1,-1,OOPS
falls/MirrorFightBack-FailsoftheWeekNovember2017_FailArmy4,5,6.277,6.7929,-1,-1,OOPS
falls/MomsGoingToBeMad-ThrowbackFailsJune2017_FailArmy18,0,0.0,4.097,-1,-1,OOPS
falls/MomsGoingToBeMad-ThrowbackFailsJune2017_FailArmy18,1,4.097,5.151,-1,-1,OOPS
falls/MomsGoingToBeMad-ThrowbackFailsJune2017_FailArmy18,4,5.151,10.79701,-1,-1,OOPS
falls/MomsGoingToBeMad-ThrowbackFailsJune2017_FailArmy87,9,0.0,8.053,-1,-1,OOPS
falls/MomsGoingToBeMad-ThrowbackFailsJune2017_FailArmy87,1,8.053,9.411,-1,-1,OOPS
falls/MomsGoingToBeMad-ThrowbackFailsJune2017_FailArmy87,2,9.411,17.28395,-1,-1,OOPS
falls/MomsGoingToBeMad-ThrowbackFailsJune2017_FailArmy91,9,0.0,3.729,-1,-1,OOPS
falls/MomsGoingToBeMad-ThrowbackFailsJune2017_FailArmy91,1,3.729,5.173,-1,-1,OOPS
falls/MomsGoingToBeMad-ThrowbackFailsJune2017_FailArmy91,9,5.173,6.382,-1,-1,OOPS
falls/MomsGoingToBeMad-ThrowbackFailsJune2017_FailArmy91,11,6.382,10.48,-1,-1,OOPS
falls/MomsGoingToBeMad-ThrowbackFailsJune2017_FailArmy91,7,10.48,11.238,-1,-1,OOPS
falls/MomsGoingToBeMad-ThrowbackFailsJune2017_FailArmy91,0,11.238,12.09701,-1,-1,OOPS
falls/NobodyBelievedMe-FailsYouMissed15_FailArmy77,9,0.0,1.965,-1,-1,OOPS
falls/NobodyBelievedMe-FailsYouMissed15_FailArmy77,1,1.965,4.959,-1,-1,OOPS
falls/NobodyBelievedMe-FailsYouMissed15_FailArmy77,2,4.959,6.982,-1,-1,OOPS
falls/NobodyBelievedMe-FailsYouMissed15_FailArmy77,9,6.982,11.205,-1,-1,OOPS
falls/NobodyBelievedMe-FailsYouMissed15_FailArmy77,0,11.205,12.609,-1,-1,OOPS
falls/NobodyBelievedMe-FailsYouMissed15_FailArmy77,9,12.609,15.718,-1,-1,OOPS
falls/NobodyBelievedMe-FailsYouMissed15_FailArmy77,1,15.718,16.754,-1,-1,OOPS
falls/NobodyBelievedMe-FailsYouMissed15_FailArmy77,2,16.754,18.05671,-1,-1,OOPS
falls/NotintheHouseFailsYouMissed13_FailArmy61,9,0.0,1.972,-1,-1,OOPS
falls/NotintheHouseFailsYouMissed13_FailArmy61,1,1.972,3.026,-1,-1,OOPS
falls/NotintheHouseFailsYouMissed13_FailArmy61,0,3.026,3.317,-1,-1,OOPS
falls/NotintheHouseFailsYouMissed13_FailArmy61,5,3.317,4.759,-1,-1,OOPS
falls/NotintheHouseFailsYouMissed13_FailArmy61,6,4.759,6.54712,-1,-1,OOPS
falls/OnTheJobFails-INeedANewJobOctober2017_FailArmy18,9,0.0,2.829,-1,-1,OOPS
falls/OnTheJobFails-INeedANewJobOctober2017_FailArmy18,1,2.829,5.096,-1,-1,OOPS
falls/OnTheJobFails-INeedANewJobOctober2017_FailArmy18,2,5.096,6.337,-1,-1,OOPS
falls/OnTheJobFails-INeedANewJobOctober2017_FailArmy18,7,6.337,7.04037,-1,-1,OOPS
falls/OnTheJobFails-INeedANewJobOctober2017_FailArmy20,9,0.0,3.8,-1,-1,OOPS
falls/OnTheJobFails-INeedANewJobOctober2017_FailArmy20,1,3.8,5.477,-1,-1,OOPS
falls/OnTheJobFails-INeedANewJobOctober2017_FailArmy20,7,5.477,7.981,-1,-1,OOPS
falls/OnTheJobFails-INeedANewJobOctober2017_FailArmy20,9,7.981,17.08501,-1,-1,OOPS
falls/Ouchie-DangThatHurtMay2018_FailArmy17,9,0.0,12.059,-1,-1,OOPS
falls/Ouchie-DangThatHurtMay2018_FailArmy17,7,12.059,12.751,-1,-1,OOPS
falls/Ouchie-DangThatHurtMay2018_FailArmy17,1,12.751,15.21522,-1,-1,OOPS
falls/Ouchie-DangThatHurtMay2018_FailArmy26,0,0.0,0.485,-1,-1,OOPS
falls/Ouchie-DangThatHurtMay2018_FailArmy26,9,0.485,4.232,-1,-1,OOPS
falls/Ouchie-DangThatHurtMay2018_FailArmy26,15,4.232,4.873,-1,-1,OOPS
falls/Ouchie-DangThatHurtMay2018_FailArmy26,1,4.873,6.972,-1,-1,OOPS
falls/Ouchie-DangThatHurtMay2018_FailArmy26,11,6.972,17.89494,-1,-1,OOPS
falls/Ouchie-DangThatHurtMay2018_FailArmy39,0,0.0,0.591,-1,-1,OOPS
falls/Ouchie-DangThatHurtMay2018_FailArmy39,1,0.591,3.251,-1,-1,OOPS
falls/Ouchie-DangThatHurtMay2018_FailArmy39,0,3.251,3.591,-1,-1,OOPS
falls/Ouchie-DangThatHurtMay2018_FailArmy39,1,3.591,5.099,-1,-1,OOPS
falls/Ouchie-DangThatHurtMay2018_FailArmy39,7,5.099,8.17484,-1,-1,OOPS
falls/Ouchie-DangThatHurtMay2018_FailArmy8,9,0.0,16.124,-1,-1,OOPS
falls/Ouchie-DangThatHurtMay2018_FailArmy8,1,16.124,17.476,-1,-1,OOPS
falls/Ouchie-DangThatHurtMay2018_FailArmy8,9,17.476,22.80596,-1,-1,OOPS
falls/OutdoorFails-FloatonFebruary2017_FailArmy10,0,0.0,2.658,-1,-1,OOPS
falls/OutdoorFails-FloatonFebruary2017_FailArmy10,1,2.658,4.063,-1,-1,OOPS
falls/OutdoorFails-FloatonFebruary2017_FailArmy10,2,4.063,8.814,-1,-1,OOPS
falls/OutdoorFails-FloatonFebruary2017_FailArmy10,8,8.814,11.32,-1,-1,OOPS
falls/OutdoorFails-FloatonFebruary2017_FailArmy10,1,11.32,12.762,-1,-1,OOPS
falls/OutdoorFails-FloatonFebruary2017_FailArmy10,9,12.762,15.459,-1,-1,OOPS
falls/OutdoorFails-FloatonFebruary2017_FailArmy10,7,15.459,17.43801,-1,-1,OOPS
falls/OutdoorFails-FloatonFebruary2017_FailArmy28,9,0.0,1.377,-1,-1,OOPS
falls/OutdoorFails-FloatonFebruary2017_FailArmy28,15,1.377,2.004,-1,-1,OOPS
falls/OutdoorFails-FloatonFebruary2017_FailArmy28,1,2.004,3.923,-1,-1,OOPS
falls/OutdoorFails-FloatonFebruary2017_FailArmy28,2,3.923,4.178,-1,-1,OOPS
falls/OutdoorFails-FloatonFebruary2017_FailArmy28,9,4.178,5.2,-1,-1,OOPS
falls/OutdoorFails-FloatonFebruary2017_FailArmy28,1,5.2,8.044,-1,-1,OOPS
falls/OutdoorFails-FloatonFebruary2017_FailArmy28,2,8.044,10.017,-1,-1,OOPS
falls/OutdoorFails-FloatonFebruary2017_FailArmy28,7,10.017,13.199,-1,-1,OOPS
falls/OutdoorFails-FloatonFebruary2017_FailArmy28,0,13.199,15.331,-1,-1,OOPS
falls/OutdoorFails-FloatonFebruary2017_FailArmy28,8,15.331,17.439,-1,-1,OOPS
falls/OutdoorFails-FloatonFebruary2017_FailArmy28,15,17.439,18.413,-1,-1,OOPS
falls/OutdoorFails-FloatonFebruary2017_FailArmy28,1,18.413,19.634,-1,-1,OOPS
falls/OutdoorFails-FloatonFebruary2017_FailArmy28,7,19.634,23.842,-1,-1,OOPS
falls/OutdoorFails-FloatonFebruary2017_FailArmy28,0,23.842,25.21,-1,-1,OOPS
falls/OutdoorFails-FloatonFebruary2017_FailArmy28,8,25.21,25.724,-1,-1,OOPS
falls/OutdoorFails-FloatonFebruary2017_FailArmy28,9,25.724,29.026,-1,-1,OOPS
falls/OutdoorFails-FloatonFebruary2017_FailArmy28,10,29.026,30.5,-1,-1,OOPS
falls/OutdoorFails-FloatonFebruary2017_FailArmy28,11,30.5,32.13213,-1,-1,OOPS
falls/ParagliderProblems-FailsoftheWeekJuly201814,9,0.0,1.874,-1,-1,OOPS
falls/ParagliderProblems-FailsoftheWeekJuly201814,7,1.874,2.678,-1,-1,OOPS
falls/ParagliderProblems-FailsoftheWeekJuly201814,1,2.678,3.88,-1,-1,OOPS
falls/ParagliderProblems-FailsoftheWeekJuly201814,9,3.88,8.147,-1,-1,OOPS
falls/ParagliderProblems-FailsoftheWeekJuly201814,9,8.147,9.507,-1,-1,OOPS
falls/ParagliderProblems-FailsoftheWeekJuly201814,15,9.507,9.931,-1,-1,OOPS
falls/ParagliderProblems-FailsoftheWeekJuly201814,9,9.931,10.601,-1,-1,OOPS
falls/ParagliderProblems-FailsoftheWeekJuly201814,15,10.601,11.305,-1,-1,OOPS
falls/ParagliderProblems-FailsoftheWeekJuly201814,9,11.305,15.859,-1,-1,OOPS
falls/ParagliderProblems-FailsoftheWeekJuly201814,1,15.859,17.5,-1,-1,OOPS
falls/ParagliderProblems-FailsoftheWeekJuly201817,9,0.0,13.429,-1,-1,OOPS
falls/ParagliderProblems-FailsoftheWeekJuly201817,1,13.429,14.743,-1,-1,OOPS
falls/ParagliderProblems-FailsoftheWeekJuly201817,9,14.743,23.3,-1,-1,OOPS
falls/ParkingSpotBattle-FailsoftheWeekApril2019_FailArmy8,9,0.0,6.602,-1,-1,OOPS
falls/ParkingSpotBattle-FailsoftheWeekApril2019_FailArmy8,15,6.602,7.319,-1,-1,OOPS
falls/ParkingSpotBattle-FailsoftheWeekApril2019_FailArmy8,1,7.319,7.978,-1,-1,OOPS
falls/ParkingSpotBattle-FailsoftheWeekApril2019_FailArmy8,9,7.978,14.495,-1,-1,OOPS
falls/ParkingSpotBattle-FailsoftheWeekApril2019_FailArmy8,4,14.495,19.481,-1,-1,OOPS
falls/PeopleVsNatureFails-ItsGoingToBlowYouAwayMay201725,9,0.0,2.902,-1,-1,OOPS
falls/PeopleVsNatureFails-ItsGoingToBlowYouAwayMay201725,1,2.902,3.818,-1,-1,OOPS
falls/PeopleVsNatureFails-ItsGoingToBlowYouAwayMay201725,2,3.818,7.751,-1,-1,OOPS
falls/PeopleVsNatureFails-ItsGoingToBlowYouAwayMay201725,7,7.751,8.77801,-1,-1,OOPS
falls/PeopleVsNatureFails-ItsGoingToBlowYouAwayMay201755,9,0.0,2.104,-1,-1,OOPS
falls/PeopleVsNatureFails-ItsGoingToBlowYouAwayMay201755,1,2.104,3.883,-1,-1,OOPS
falls/PeopleVsNatureFails-ItsGoingToBlowYouAwayMay201755,4,3.883,6.176,-1,-1,OOPS
falls/PeopleVsNatureFails-ItsGoingToBlowYouAwayMay201755,9,6.176,8.734,-1,-1,OOPS
falls/PeopleVsNatureFails-ItsGoingToBlowYouAwayMay201755,4,8.734,11.34468,-1,-1,OOPS
falls/PolarVortexProblems10,0,0.0,1.55,-1,-1,OOPS
falls/PolarVortexProblems10,1,1.55,7.562,-1,-1,OOPS
falls/PolarVortexProblems10,4,7.562,9.267,-1,-1,OOPS
falls/PolarVortexProblems10,7,9.267,12.301,-1,-1,OOPS
falls/PolarVortexProblems10,8,12.301,13.097,-1,-1,OOPS
falls/PolarVortexProblems10,9,13.097,18.013,-1,-1,OOPS
falls/PolarVortexProblems10,1,18.013,20.018,-1,-1,OOPS
falls/PolarVortexProblems10,2,20.018,22.931,-1,-1,OOPS
falls/PolarVortexProblems10,9,22.931,39.309,-1,-1,OOPS
falls/PolarVortexProblems10,9,39.309,41.963,-1,-1,OOPS
falls/PolarVortexProblems10,1,41.963,45.263,-1,-1,OOPS
falls/PolarVortexProblems10,7,45.263,46.95,-1,-1,OOPS
falls/PolarVortexProblems10,8,46.95,52.802,-1,-1,OOPS
falls/PolePosition-FailsoftheWeekSeptember2018_FailArmy17,0,0.0,1.37,-1,-1,OOPS
falls/PolePosition-FailsoftheWeekSeptember2018_FailArmy17,8,1.37,6.495,-1,-1,OOPS
falls/PolePosition-FailsoftheWeekSeptember2018_FailArmy17,0,6.495,7.841,-1,-1,OOPS
falls/PolePosition-FailsoftheWeekSeptember2018_FailArmy17,8,7.841,10.139,-1,-1,OOPS
falls/PolePosition-FailsoftheWeekSeptember2018_FailArmy17,9,10.139,15.379,-1,-1,OOPS
falls/PolePosition-FailsoftheWeekSeptember2018_FailArmy17,9,15.379,16.738,-1,-1,OOPS
falls/PolePosition-FailsoftheWeekSeptember2018_FailArmy17,8,16.738,17.421,-1,-1,OOPS
falls/PolePosition-FailsoftheWeekSeptember2018_FailArmy17,9,17.421,18.801,-1,-1,OOPS
falls/PolePosition-FailsoftheWeekSeptember2018_FailArmy17,8,18.801,18.819,-1,-1,OOPS
falls/RapperSlipsofftheStage-FailsoftheWeekJuly201722,1,0.0,1.086,-1,-1,OOPS
falls/RapperSlipsofftheStage-FailsoftheWeekJuly201722,7,1.086,2.573,-1,-1,OOPS
falls/RapperSlipsofftheStage-FailsoftheWeekJuly201722,0,2.573,3.261,-1,-1,OOPS
falls/RapperSlipsofftheStage-FailsoftheWeekJuly201722,9,3.261,4.143,-1,-1,OOPS
falls/RapperSlipsofftheStage-FailsoftheWeekJuly201722,0,4.143,5.109,-1,-1,OOPS
falls/RapperSlipsofftheStage-FailsoftheWeekJuly201722,8,5.109,5.65,-1,-1,OOPS
falls/RapperSlipsofftheStage-FailsoftheWeekJuly201722,0,5.65,8.49086,-1,-1,OOPS
falls/RapperSlipsofftheStage-FailsoftheWeekJuly201727,9,0.0,2.938,-1,-1,OOPS
falls/RapperSlipsofftheStage-FailsoftheWeekJuly201727,1,2.938,6.527,-1,-1,OOPS
falls/RapperSlipsofftheStage-FailsoftheWeekJuly201727,2,6.527,12.399,-1,-1,OOPS
falls/Ready_Set_FailFailsoftheWeekSeptember2018_FailArmy25,8,0.0,3.324,-1,-1,OOPS
falls/Ready_Set_FailFailsoftheWeekSeptember2018_FailArmy25,0,3.324,8.219,-1,-1,OOPS
falls/Ready_Set_FailFailsoftheWeekSeptember2018_FailArmy25,1,8.219,9.415,-1,-1,OOPS
falls/Ready_Set_FailFailsoftheWeekSeptember2018_FailArmy25,2,9.415,12.09501,-1,-1,OOPS
falls/RuralvsUrbanFailsAugust2018_FailArmy16,8,0.0,5.101,-1,-1,OOPS
falls/RuralvsUrbanFailsAugust2018_FailArmy16,1,5.101,6.513,-1,-1,OOPS
falls/RuralvsUrbanFailsAugust2018_FailArmy16,2,6.513,9.54288,-1,-1,OOPS
falls/RussiansvsRednecks-FailArmyVersus14,1,0.0,2.329,-1,-1,OOPS
falls/RussiansvsRednecks-FailArmyVersus14,7,2.329,3.146,-1,-1,OOPS
falls/RussiansvsRednecks-FailArmyVersus14,0,3.146,5.609,-1,-1,OOPS
falls/RussiansvsRednecks-FailArmyVersus14,9,5.609,9.04,-1,-1,OOPS
falls/RussiansvsRednecks-FailArmyVersus14,1,9.04,10.869,-1,-1,OOPS
falls/RussiansvsRednecks-FailArmyVersus14,2,10.869,11.794,-1,-1,OOPS
falls/RussiansvsRednecks-FailArmyVersus14,7,11.794,12.681,-1,-1,OOPS
falls/RussiansvsRednecks-FailArmyVersus14,4,12.681,12.945,-1,-1,OOPS
falls/RussiansvsRednecks-FailArmyVersus14,5,12.945,13.982,-1,-1,OOPS
falls/RussiansvsRednecks-FailArmyVersus14,6,13.982,15.14848,-1,-1,OOPS
falls/SendItToFailArmy-FailsoftheWeekOctober201733,9,0.0,2.907,-1,-1,OOPS
falls/SendItToFailArmy-FailsoftheWeekOctober201733,8,2.907,3.453,-1,-1,OOPS
falls/SendItToFailArmy-FailsoftheWeekOctober201733,1,3.453,4.091,-1,-1,OOPS
falls/SendItToFailArmy-FailsoftheWeekOctober201733,2,4.091,5.835,-1,-1,OOPS
falls/SendItToFailArmy-FailsoftheWeekOctober201733,9,5.835,7.8019,-1,-1,OOPS
falls/SisterFails_FunnySistersFailCompilationByFailArmy201652,8,0.0,1.592,-1,-1,OOPS
falls/SisterFails_FunnySistersFailCompilationByFailArmy201652,0,1.592,2.926,-1,-1,OOPS
falls/SisterFails_FunnySistersFailCompilationByFailArmy201652,15,2.926,3.232,-1,-1,OOPS
falls/SisterFails_FunnySistersFailCompilationByFailArmy201652,1,3.232,4.642,-1,-1,OOPS
falls/SisterFails_FunnySistersFailCompilationByFailArmy201652,4,4.642,8.36,-1,-1,OOPS
falls/SisterFails_FunnySistersFailCompilationByFailArmy201652,7,8.36,10.607,-1,-1,OOPS
falls/SisterFails_FunnySistersFailCompilationByFailArmy201652,0,10.607,10.998,-1,-1,OOPS
falls/SledDeadRedemption-FailsoftheWeek_FailArmy23,9,0.0,7.221,-1,-1,OOPS
falls/SledDeadRedemption-FailsoftheWeek_FailArmy23,1,7.221,9.718,-1,-1,OOPS
falls/SnowDayFails-ItsColdOutThereJanuary2018_FailArmy0,8,0.0,2.669,-1,-1,OOPS
falls/SnowDayFails-ItsColdOutThereJanuary2018_FailArmy0,9,2.669,4.633,-1,-1,OOPS
falls/SnowDayFails-ItsColdOutThereJanuary2018_FailArmy0,1,4.633,13.532,-1,-1,OOPS
falls/SnowDayFails-ItsColdOutThereJanuary2018_FailArmy21,8,0.0,2.686,-1,-1,OOPS
falls/SnowDayFails-ItsColdOutThereJanuary2018_FailArmy21,1,2.686,3.688,-1,-1,OOPS
falls/SnowDayFails-ItsColdOutThereJanuary2018_FailArmy21,7,3.688,6.902,-1,-1,OOPS
falls/SnowDayFails-ItsColdOutThereJanuary2018_FailArmy21,0,6.902,11.178,-1,-1,OOPS
falls/SnowDayFails-ItsColdOutThereJanuary2018_FailArmy21,9,11.178,31.62501,-1,-1,OOPS
falls/SnowDayFails-ItsColdOutThereJanuary2018_FailArmy44,8,0.0,1.271,-1,-1,OOPS
falls/SnowDayFails-ItsColdOutThereJanuary2018_FailArmy44,0,1.271,6.939,-1,-1,OOPS
falls/SnowDayFails-ItsColdOutThereJanuary2018_FailArmy44,1,6.939,7.893,-1,-1,OOPS
falls/SnowDayFails-ItsColdOutThereJanuary2018_FailArmy44,7,7.893,9.339,-1,-1,OOPS
falls/SnowDayFails-ItsColdOutThereJanuary2018_FailArmy44,11,9.339,13.253,-1,-1,OOPS
falls/SnowDayFails-ItsColdOutThereJanuary2018_FailArmy44,7,13.253,14.68,-1,-1,OOPS
falls/SnowDayFails-ItsColdOutThereJanuary2018_FailArmy44,8,14.68,17.78601,-1,-1,OOPS
falls/SnowDayFails-ItsColdOutThereJanuary2018_FailArmy46,9,0.0,2.804,-1,-1,OOPS
falls/SnowDayFails-ItsColdOutThereJanuary2018_FailArmy46,1,2.804,3.64,-1,-1,OOPS
falls/SnowDayFails-ItsColdOutThereJanuary2018_FailArmy46,2,3.64,7.89,-1,-1,OOPS
falls/SomeoneMovethatdog-FailsoftheWeekAugust2017_FailArmy6,9,0.0,0.08,-1,-1,OOPS
falls/SomeoneMovethatdog-FailsoftheWeekAugust2017_FailArmy6,0,0.08,0.552,-1,-1,OOPS
falls/SomeoneMovethatdog-FailsoftheWeekAugust2017_FailArmy6,15,0.552,1.181,-1,-1,OOPS
falls/SomeoneMovethatdog-FailsoftheWeekAugust2017_FailArmy6,1,1.181,1.973,-1,-1,OOPS
falls/SomeoneMovethatdog-FailsoftheWeekAugust2017_FailArmy6,9,1.973,4.11,-1,-1,OOPS
falls/SomeoneMovethatdog-FailsoftheWeekAugust2017_FailArmy6,8,4.11,7.357,-1,-1,OOPS
falls/SomeoneMovethatdog-FailsoftheWeekAugust2017_FailArmy6,15,7.357,7.897,-1,-1,OOPS
falls/SomeoneMovethatdog-FailsoftheWeekAugust2017_FailArmy6,1,7.897,8.908,-1,-1,OOPS
falls/SomeoneMovethatdog-FailsoftheWeekAugust2017_FailArmy6,2,8.908,12.22601,-1,-1,OOPS
falls/SpeedingIntoTheWeekend-ThrowbackFailsJanuary2018_FailArmy53,4,0.0,2.543,-1,-1,OOPS
falls/SpeedingIntoTheWeekend-ThrowbackFailsJanuary2018_FailArmy53,1,2.543,4.182,-1,-1,OOPS
falls/SpeedingIntoTheWeekend-ThrowbackFailsJanuary2018_FailArmy53,4,4.182,6.627,-1,-1,OOPS
falls/SpeedingIntoTheWeekend-ThrowbackFailsJanuary2018_FailArmy53,7,6.627,8.559,-1,-1,OOPS
falls/SpeedingIntoTheWeekend-ThrowbackFailsJanuary2018_FailArmy53,0,8.559,9.193,-1,-1,OOPS
falls/SpeedingIntoTheWeekend-ThrowbackFailsJanuary2018_FailArmy53,9,9.193,11.545,-1,-1,OOPS
falls/SpeedingIntoTheWeekend-ThrowbackFailsJanuary2018_FailArmy53,9,11.545,12.424,-1,-1,OOPS
falls/SpeedingIntoTheWeekend-ThrowbackFailsJanuary2018_FailArmy53,9,12.424,13.088,-1,-1,OOPS
falls/SpeedingIntoTheWeekend-ThrowbackFailsJanuary2018_FailArmy53,9,13.088,14.772,-1,-1,OOPS
falls/SpeedingIntoTheWeekend-ThrowbackFailsJanuary2018_FailArmy53,0,14.772,16.631,-1,-1,OOPS
falls/SpeedingIntoTheWeekend-ThrowbackFailsJanuary2018_FailArmy53,9,16.631,18.173,-1,-1,OOPS
falls/SpeedingIntoTheWeekend-ThrowbackFailsJanuary2018_FailArmy53,8,18.173,19.422,-1,-1,OOPS
falls/SpeedingIntoTheWeekend-ThrowbackFailsJanuary2018_FailArmy53,9,19.422,20.798,-1,-1,OOPS
falls/SpeedingIntoTheWeekend-ThrowbackFailsJanuary2018_FailArmy53,9,20.798,21.57,-1,-1,OOPS
falls/SpeedingIntoTheWeekend-ThrowbackFailsJanuary2018_FailArmy53,9,21.57,22.539,-1,-1,OOPS
falls/SpeedingIntoTheWeekend-ThrowbackFailsJanuary2018_FailArmy53,0,22.539,23.606,-1,-1,OOPS
falls/SpeedingIntoTheWeekend-ThrowbackFailsJanuary2018_FailArmy53,9,23.606,25.136,-1,-1,OOPS
falls/SpeedingIntoTheWeekend-ThrowbackFailsJanuary2018_FailArmy53,0,25.136,25.263,-1,-1,OOPS
falls/SpeedingIntoTheWeekend-ThrowbackFailsJanuary2018_FailArmy53,8,25.263,26.433,-1,-1,OOPS
falls/SpeedingIntoTheWeekend-ThrowbackFailsJanuary2018_FailArmy53,12,26.433,27.035,-1,-1,OOPS
falls/SpeedingIntoTheWeekend-ThrowbackFailsJanuary2018_FailArmy53,15,27.035,27.914,-1,-1,OOPS
falls/SpeedingIntoTheWeekend-ThrowbackFailsJanuary2018_FailArmy53,1,27.914,31.45,-1,-1,OOPS
falls/SpeedingIntoTheWeekend-ThrowbackFailsJanuary2018_FailArmy53,2,31.45,33.506,-1,-1,OOPS
falls/SpringisHereMarch2019_FailArmy25,8,0.0,1.825,-1,-1,OOPS
falls/SpringisHereMarch2019_FailArmy25,0,1.825,3.335,-1,-1,OOPS
falls/SpringisHereMarch2019_FailArmy25,8,3.335,5.266,-1,-1,OOPS
falls/SpringisHereMarch2019_FailArmy25,9,5.266,7.445,-1,-1,OOPS
falls/SpringisHereMarch2019_FailArmy25,8,7.445,9.549,-1,-1,OOPS
falls/SpringisHereMarch2019_FailArmy25,9,9.549,12.764,-1,-1,OOPS
falls/SpringisHereMarch2019_FailArmy25,1,12.764,13.94728,-1,-1,OOPS
falls/SpringisHereMarch2019_FailArmy31,9,0.0,13.503,-1,-1,OOPS
falls/SpringisHereMarch2019_FailArmy31,0,13.503,15.1,-1,-1,OOPS
falls/SpringisHereMarch2019_FailArmy31,9,15.1,19.04,-1,-1,OOPS
falls/SpringisHereMarch2019_FailArmy31,8,19.04,23.494,-1,-1,OOPS
falls/SpringisHereMarch2019_FailArmy31,0,23.494,26.029,-1,-1,OOPS
falls/SticksandStonesJuly2018_FailArmy8,8,0.0,1.507,-1,-1,OOPS
falls/SticksandStonesJuly2018_FailArmy8,0,1.507,3.173,-1,-1,OOPS
falls/SticksandStonesJuly2018_FailArmy8,1,3.173,5.011,-1,-1,OOPS
falls/SticksandStonesJuly2018_FailArmy8,2,5.011,7.89478,-1,-1,OOPS
falls/SticksvsStones-FailArmyVersusSeptember2017_FailArmy16,6,0.0,2.308,-1,-1,OOPS
falls/SticksvsStones-FailArmyVersusSeptember2017_FailArmy16,9,2.308,5.182,-1,-1,OOPS
falls/SticksvsStones-FailArmyVersusSeptember2017_FailArmy16,8,5.182,5.878,-1,-1,OOPS
falls/SticksvsStones-FailArmyVersusSeptember2017_FailArmy16,15,5.878,6.634,-1,-1,OOPS
falls/SticksvsStones-FailArmyVersusSeptember2017_FailArmy16,1,6.634,7.504,-1,-1,OOPS
falls/SticksvsStones-FailArmyVersusSeptember2017_FailArmy16,9,7.504,10.627,-1,-1,OOPS
falls/SticksvsStones-FailArmyVersusSeptember2017_FailArmy16,8,10.627,13.266,-1,-1,OOPS
falls/SticksvsStones-FailArmyVersusSeptember2017_FailArmy16,1,13.266,14.14,-1,-1,OOPS
falls/SticksvsStones-FailArmyVersusSeptember2017_FailArmy16,7,14.14,18.823,-1,-1,OOPS
falls/SticksvsStones-FailArmyVersusSeptember2017_FailArmy16,8,18.823,21.024,-1,-1,OOPS
falls/SticksvsStones-FailArmyVersusSeptember2017_FailArmy16,1,21.024,22.527,-1,-1,OOPS
falls/SticksvsStones-FailArmyVersusSeptember2017_FailArmy16,2,22.527,23.82382,-1,-1,OOPS
falls/SwingsetStupidity-FailsoftheWeekMay2019_FailArmy14,9,0.0,4.374,-1,-1,OOPS
falls/SwingsetStupidity-FailsoftheWeekMay2019_FailArmy14,1,4.374,5.33,-1,-1,OOPS
falls/TakeaSeat-ThrowbackThursdayOctober2017_FailArmy6,8,0.0,2.912,-1,-1,OOPS
falls/TakeaSeat-ThrowbackThursdayOctober2017_FailArmy6,15,2.912,3.671,-1,-1,OOPS
falls/TakeaSeat-ThrowbackThursdayOctober2017_FailArmy6,1,3.671,5.007,-1,-1,OOPS
falls/TakeaSeat-ThrowbackThursdayOctober2017_FailArmy6,2,5.007,5.816,-1,-1,OOPS
falls/TakeaSeat-ThrowbackThursdayOctober2017_FailArmy6,7,5.816,10.26,-1,-1,OOPS
falls/TakeaSeat-ThrowbackThursdayOctober2017_FailArmy6,1,10.26,11.544,-1,-1,OOPS
falls/TakeaSeat-ThrowbackThursdayOctober2017_FailArmy6,8,11.544,14.317,-1,-1,OOPS
falls/TakeaSeat-ThrowbackThursdayOctober2017_FailArmy6,0,14.317,15.853,-1,-1,OOPS
falls/TakeaSeat-ThrowbackThursdayOctober2017_FailArmy6,1,15.853,17.759,-1,-1,OOPS
falls/TakeaSeat-ThrowbackThursdayOctober2017_FailArmy6,7,17.759,19.13299,-1,-1,OOPS
falls/TeeterTotterTurmoil-FailsoftheMonthJune2018_FailArmy12,9,0.0,9.055,-1,-1,OOPS
falls/TeeterTotterTurmoil-FailsoftheMonthJune2018_FailArmy12,0,9.055,10.386,-1,-1,OOPS
falls/TeeterTotterTurmoil-FailsoftheMonthJune2018_FailArmy12,8,10.386,13.224,-1,-1,OOPS
falls/TeeterTotterTurmoil-FailsoftheMonthJune2018_FailArmy12,0,13.224,16.152,-1,-1,OOPS
falls/TeeterTotterTurmoil-FailsoftheMonthJune2018_FailArmy12,8,16.152,22.099,-1,-1,OOPS
falls/TeeterTotterTurmoil-FailsoftheMonthJune2018_FailArmy12,0,22.099,23.042,-1,-1,OOPS
falls/TeeterTotterTurmoil-FailsoftheMonthJune2018_FailArmy12,1,23.042,24.396,-1,-1,OOPS
falls/TeeterTotterTurmoil-FailsoftheMonthJune2018_FailArmy12,7,24.396,26.097,-1,-1,OOPS
falls/TeeterTotterTurmoil-FailsoftheMonthJune2018_FailArmy12,0,26.097,33.87791,-1,-1,OOPS
falls/TetherballtotheFace-FailsoftheWeekMarch2019_FailArmy25,9,0.0,10.251,-1,-1,OOPS
falls/TetherballtotheFace-FailsoftheWeekMarch2019_FailArmy25,1,10.251,12.385,-1,-1,OOPS
falls/TetherballtotheFace-FailsoftheWeekMarch2019_FailArmy25,2,12.385,14.215,-1,-1,OOPS
falls/TetherballtotheFace-FailsoftheWeekMarch2019_FailArmy25,9,14.215,32.369,-1,-1,OOPS
falls/TetherballtotheFace-FailsoftheWeekMarch2019_FailArmy25,1,32.369,33.495,-1,-1,OOPS
falls/TetherballtotheFace-FailsoftheWeekMarch2019_FailArmy25,2,33.495,34.368,-1,-1,OOPS
falls/ThatCantBeGood-FailsoftheWeekNovember2016_FailArmy37,9,0.0,0.687,-1,-1,OOPS
falls/ThatCantBeGood-FailsoftheWeekNovember2016_FailArmy37,9,0.687,5.078,-1,-1,OOPS
falls/ThatCantBeGood-FailsoftheWeekNovember2016_FailArmy37,1,5.078,6.438,-1,-1,OOPS
falls/ThatCantBeGood-FailsoftheWeekNovember2016_FailArmy37,2,6.438,8.38199,-1,-1,OOPS
falls/ThatsASidewaysWheelie-ThrowbackThursdayAugust2017_FailArmy0,9,0.0,4.247,-1,-1,OOPS
falls/ThatsASidewaysWheelie-ThrowbackThursdayAugust2017_FailArmy0,1,4.247,6.118,-1,-1,OOPS
falls/ThatsASidewaysWheelie-ThrowbackThursdayAugust2017_FailArmy0,9,6.118,6.76601,-1,-1,OOPS
falls/ThatsASidewaysWheelie-ThrowbackThursdayAugust2017_FailArmy4,9,0.0,2.818,-1,-1,OOPS
falls/ThatsASidewaysWheelie-ThrowbackThursdayAugust2017_FailArmy4,1,2.818,4.923,-1,-1,OOPS
falls/ThatsASidewaysWheelie-ThrowbackThursdayAugust2017_FailArmy4,7,4.923,7.968,-1,-1,OOPS
falls/ThatsGoingtoLeaveaMark-ThrowbackThursdayAugust2017107,8,0.0,5.015,-1,-1,OOPS
falls/ThatsGoingtoLeaveaMark-ThrowbackThursdayAugust2017107,1,5.015,5.657,-1,-1,OOPS
falls/ThatsGoingtoLeaveaMark-ThrowbackThursdayAugust2017107,9,5.657,7.94128,-1,-1,OOPS
falls/ThatsGoingtoLeaveaMark-ThrowbackThursdayAugust2017113,8,0.0,5.402,-1,-1,OOPS
falls/ThatsGoingtoLeaveaMark-ThrowbackThursdayAugust2017113,0,5.402,7.12,-1,-1,OOPS
falls/ThatsGoingtoLeaveaMark-ThrowbackThursdayAugust2017113,1,7.12,7.875,-1,-1,OOPS
falls/ThatsGoingtoLeaveaMark-ThrowbackThursdayAugust2017113,9,7.875,8.994,-1,-1,OOPS
falls/ThatsGoingtoLeaveaMark-ThrowbackThursdayAugust2017113,8,8.994,10.08,-1,-1,OOPS
falls/ThatsGoingtoLeaveaMark-ThrowbackThursdayAugust2017113,9,10.08,13.627,-1,-1,OOPS
falls/ThatsGoingtoLeaveaMark-ThrowbackThursdayAugust2017113,1,13.627,14.257,-1,-1,OOPS
falls/TheBestFailReactions-NowThatsFunnySeptember2017_FailArmy27,9,0.0,9.692,-1,-1,OOPS
falls/TheBestFailsofAllTimeSoFar_byFailArmy8,0,0.0,3.282,-1,-1,OOPS
falls/TheBestFailsofAllTimeSoFar_byFailArmy8,1,3.282,5.836,-1,-1,OOPS
falls/TheBestFailsofAllTimeSoFar_byFailArmy8,7,5.836,7.06,-1,-1,OOPS
falls/TheBestFailsofAllTimeSoFar_byFailArmy8,0,7.06,8.942,-1,-1,OOPS
falls/TheDroneofDoom-ThrowbackThursdayOctober2017_FailArmy42,4,0.0,1.364,-1,-1,OOPS
falls/TheDroneofDoom-ThrowbackThursdayOctober2017_FailArmy42,7,1.364,2.519,-1,-1,OOPS
falls/TheDroneofDoom-ThrowbackThursdayOctober2017_FailArmy42,1,2.519,3.484,-1,-1,OOPS
falls/TheDroneofDoom-ThrowbackThursdayOctober2017_FailArmy42,9,3.484,4.53787,-1,-1,OOPS
falls/TheNutcracker-FailArmyEdition32,9,0.0,2.228,-1,-1,OOPS
falls/TheNutcracker-FailArmyEdition32,1,2.228,4.414,-1,-1,OOPS
falls/TheNutcracker-FailArmyEdition32,2,4.414,6.184,-1,-1,OOPS
falls/TheNutcracker-FailArmyEdition32,9,6.184,11.898,-1,-1,OOPS
falls/TheNutcracker-FailArmyEdition32,1,11.898,17.918,-1,-1,OOPS
falls/TheReturnoftheFailNinja-ThrowbackThursdaySeptember2017_FailArmy23,9,0.0,5.443,-1,-1,OOPS
falls/TheReturnoftheFailNinja-ThrowbackThursdaySeptember2017_FailArmy23,1,5.443,6.461,-1,-1,OOPS
falls/TheReturnoftheFailNinja-ThrowbackThursdaySeptember2017_FailArmy23,2,6.461,8.379,-1,-1,OOPS
falls/TheReturnoftheFailNinja-ThrowbackThursdaySeptember2017_FailArmy23,8,8.379,20.501,-1,-1,OOPS
falls/TheReturnoftheFailNinja-ThrowbackThursdaySeptember2017_FailArmy23,1,20.501,21.352,-1,-1,OOPS
falls/TheReturnoftheFailNinja-ThrowbackThursdaySeptember2017_FailArmy23,9,21.352,28.62863,-1,-1,OOPS
falls/TheSlideofDoom-FailsoftheWeek_FailArmy39,9,0.0,4.337,-1,-1,OOPS
falls/TheSlideofDoom-FailsoftheWeek_FailArmy39,1,4.337,5.011,-1,-1,OOPS
falls/TheSlideofDoom-FailsoftheWeek_FailArmy39,8,5.011,5.82,-1,-1,OOPS
falls/TheSlideofDoom-FailsoftheWeek_FailArmy39,9,5.82,10.24358,-1,-1,OOPS
falls/TheWheelsAreComingOff-ThrowbackFailsDecember2017_FailArmy44,9,0.0,4.376,-1,-1,OOPS
falls/TheWheelsAreComingOff-ThrowbackFailsDecember2017_FailArmy44,0,4.376,9.013,-1,-1,OOPS
falls/TheWheelsAreComingOff-ThrowbackFailsDecember2017_FailArmy44,1,9.013,10.006,-1,-1,OOPS
falls/TheWheelsAreComingOff-ThrowbackFailsDecember2017_FailArmy44,2,10.006,12.87955,-1,-1,OOPS
falls/ThereWasAnAttempt_ThenAFailMarch2018_FailArmy11,0,0.0,9.87,-1,-1,OOPS
falls/ThereWasAnAttempt_ThenAFailMarch2018_FailArmy11,15,9.87,10.37,-1,-1,OOPS
falls/ThereWasAnAttempt_ThenAFailMarch2018_FailArmy11,1,10.37,10.77744,-1,-1,OOPS
falls/ThereWasAnAttempt_ThenAFailMarch2018_FailArmy23,9,0.0,0.44,-1,-1,OOPS
falls/ThereWasAnAttempt_ThenAFailMarch2018_FailArmy23,0,0.44,4.543,-1,-1,OOPS
falls/ThereWasAnAttempt_ThenAFailMarch2018_FailArmy23,9,4.543,10.497,-1,-1,OOPS
falls/ThereWasAnAttempt_ThenAFailMarch2018_FailArmy23,0,10.497,17.876,-1,-1,OOPS
falls/ThereWasAnAttempt_ThenAFailMarch2018_FailArmy23,9,17.876,21.42142,-1,-1,OOPS
falls/TheresATruckInTheLake-FailsoftheWeekJuly201754,0,0.0,0.622,-1,-1,OOPS
falls/TheresATruckInTheLake-FailsoftheWeekJuly201754,3,0.622,1.283,-1,-1,OOPS
falls/TheresATruckInTheLake-FailsoftheWeekJuly201754,1,1.283,2.541,-1,-1,OOPS
falls/TheresATruckInTheLake-FailsoftheWeekJuly201754,7,2.541,5.481,-1,-1,OOPS
falls/TheresATruckInTheLake-FailsoftheWeekJuly201754,8,5.481,6.231,-1,-1,OOPS
falls/TheresATruckInTheLake-FailsoftheWeekJuly201754,9,6.231,12.48701,-1,-1,OOPS
falls/ThrowbackFails-BackflipBellyFlopsOptionalDecember2017_FailArmy69,9,0.0,3.97,-1,-1,OOPS
falls/ThrowbackFails-BackflipBellyFlopsOptionalDecember2017_FailArmy69,15,3.97,5.986,-1,-1,OOPS
falls/ThrowbackFails-BackflipBellyFlopsOptionalDecember2017_FailArmy69,9,5.986,6.801,-1,-1,OOPS
falls/ThrowbackFails-BackflipBellyFlopsOptionalDecember2017_FailArmy69,1,6.801,8.342,-1,-1,OOPS
falls/ThrowbackFails-BackflipBellyFlopsOptionalDecember2017_FailArmy69,9,8.342,8.612,-1,-1,OOPS
falls/ThrowbackFails-BackflipBellyFlopsOptionalDecember2017_FailArmy69,9,8.612,9.57624,-1,-1,OOPS
falls/ThrowbackFails-CarriageCarnageApril2018_FailArmy39,9,0.0,13.92399,-1,-1,OOPS
falls/ThrowbackFails-CarriageCarnageApril2018_FailArmy50,9,0.0,1.992,-1,-1,OOPS
falls/ThrowbackFails-CarriageCarnageApril2018_FailArmy50,1,1.992,3.066,-1,-1,OOPS
falls/ThrowbackFails-CarriageCarnageApril2018_FailArmy50,2,3.066,9.027,-1,-1,OOPS
falls/ThrowbackFails-CarriageCarnageApril2018_FailArmy50,7,9.027,10.26701,-1,-1,OOPS
falls/ThrowbackFails-CarriageCarnageApril2018_FailArmy71,9,0.0,3.771,-1,-1,OOPS
falls/ThrowbackFails-CarriageCarnageApril2018_FailArmy71,1,3.771,6.692,-1,-1,OOPS
falls/ThrowbackFails-CarriageCarnageApril2018_FailArmy71,9,6.692,11.531,-1,-1,OOPS
falls/ThrowbackFails-CarriageCarnageApril2018_FailArmy71,1,11.531,12.577,-1,-1,OOPS
falls/ThrowbackFails-CarriageCarnageApril2018_FailArmy71,2,12.577,16.754,-1,-1,OOPS
falls/ThrowbackFails-CarriageCarnageApril2018_FailArmy71,7,16.754,20.783,-1,-1,OOPS
falls/ThrowbackFails-CarriageCarnageApril2018_FailArmy71,11,20.783,21.117,-1,-1,OOPS
falls/ThrowbackFails-CarriageCarnageApril2018_FailArmy71,7,21.117,22.6,-1,-1,OOPS
falls/ThrowbackFails-CarriageCarnageApril2018_FailArmy71,8,22.6,26.961,-1,-1,OOPS
falls/ThrowbackFails-CarriageCarnageApril2018_FailArmy71,1,26.961,27.918,-1,-1,OOPS
falls/ThrowbackFails-CarriageCarnageApril2018_FailArmy71,2,27.918,28.536,-1,-1,OOPS
falls/ThrowbackFails-CarriageCarnageApril2018_FailArmy71,9,28.536,36.19991,-1,-1,OOPS
falls/ThrowbackFails-FacePaintRequiredMarch2018_FailArmy31,9,0.0,3.212,-1,-1,OOPS
falls/ThrowbackFails-FacePaintRequiredMarch2018_FailArmy31,1,3.212,4.177,-1,-1,OOPS
falls/ThrowbackFails-FacePaintRequiredMarch2018_FailArmy31,2,4.177,7.221,-1,-1,OOPS
falls/ThrowbackFails-JumpAroundMarch2018_FailArmy14,9,0.0,6.778,-1,-1,OOPS
falls/ThrowbackFails-JumpAroundMarch2018_FailArmy14,7,6.778,7.661,-1,-1,OOPS
falls/ThrowbackFails-JumpAroundMarch2018_FailArmy14,8,7.661,10.986,-1,-1,OOPS
falls/ThrowbackFails-JumpAroundMarch2018_FailArmy14,1,10.986,12.925,-1,-1,OOPS
falls/ThrowbackFails-JumpAroundMarch2018_FailArmy14,2,12.925,16.76,-1,-1,OOPS
falls/ThrowbackFails-JumpAroundMarch2018_FailArmy14,7,16.76,18.678,-1,-1,OOPS
falls/ThrowbackFails-JumpAroundMarch2018_FailArmy14,0,18.678,20.43299,-1,-1,OOPS
falls/ThrowbackFails-JumpAroundMarch2018_FailArmy47,9,0.0,7.224,-1,-1,OOPS
falls/ThrowbackFails-JumpAroundMarch2018_FailArmy47,10,7.224,8.171,-1,-1,OOPS
falls/ThrowbackFails-JumpAroundMarch2018_FailArmy47,11,8.171,8.97564,-1,-1,OOPS
falls/ThrowbackFails-JumpAroundMarch2018_FailArmy60,9,0.0,4.035,-1,-1,OOPS
falls/ThrowbackFails-JumpAroundMarch2018_FailArmy60,7,4.035,4.944,-1,-1,OOPS
falls/ThrowbackFails-JumpAroundMarch2018_FailArmy60,9,4.944,8.114,-1,-1,OOPS
falls/ThrowbackFails-JumpAroundMarch2018_FailArmy60,3,8.114,9.819,-1,-1,OOPS
falls/ThrowbackFails-JumpAroundMarch2018_FailArmy60,4,9.819,14.4729,-1,-1,OOPS
falls/ThrowbackFails-JumpAroundMarch2018_FailArmy65,8,0.0,2.408,-1,-1,OOPS
falls/ThrowbackFails-JumpAroundMarch2018_FailArmy65,1,2.408,4.27,-1,-1,OOPS
falls/ThrowbackFails-JumpAroundMarch2018_FailArmy65,2,4.27,8.08,-1,-1,OOPS
falls/ThrowbackFails-JumpAroundMarch2018_FailArmy65,1,8.08,9.42,-1,-1,OOPS
falls/ThrowbackFails-JumpAroundMarch2018_FailArmy65,2,9.42,11.502,-1,-1,OOPS
falls/ThrowbackFails-JumpAroundMarch2018_FailArmy65,7,11.502,13.415,-1,-1,OOPS
falls/ThrowbackFails-JumpAroundMarch2018_FailArmy65,1,13.415,14.025,-1,-1,OOPS
falls/ThrowbackFails-JumpAroundMarch2018_FailArmy65,4,14.025,16.139,-1,-1,OOPS
falls/ThrowbackFails-JumpAroundMarch2018_FailArmy65,7,16.139,17.744,-1,-1,OOPS
falls/ThrowbackFails-JumpAroundMarch2018_FailArmy65,9,17.744,24.562,-1,-1,OOPS
falls/ThrowbackFails-JumpAroundMarch2018_FailArmy65,0,24.562,25.155,-1,-1,OOPS
falls/ThrowbackFails-JumpAroundMarch2018_FailArmy65,9,25.155,26.818,-1,-1,OOPS
falls/ThrowbackFails-JumpAroundMarch2018_FailArmy65,4,26.818,27.183,-1,-1,OOPS
falls/ThrowbackFails-JumpAroundMarch2018_FailArmy65,9,27.183,27.504,-1,-1,OOPS
falls/ThrowbackFails-JumpAroundMarch2018_FailArmy65,0,27.504,28.579,-1,-1,OOPS
falls/ThrowbackFails-JumpAroundMarch2018_FailArmy65,1,28.579,29.41,-1,-1,OOPS
falls/ThrowbackFails-JumpAroundMarch2018_FailArmy65,2,29.41,31.064,-1,-1,OOPS
falls/ThrowbackFails-JumpAroundMarch2018_FailArmy65,0,31.064,31.841,-1,-1,OOPS
falls/ThrowbackFails-JumpAroundMarch2018_FailArmy65,1,31.841,33.074,-1,-1,OOPS
falls/ThrowbackFails-JumpAroundMarch2018_FailArmy65,2,33.074,34.548,-1,-1,OOPS
falls/ThrowbackFails-JumpAroundMarch2018_FailArmy65,1,34.548,48.482,-1,-1,OOPS
falls/ThrowbackFails-JumpAroundMarch2018_FailArmy73,8,0.0,7.888,-1,-1,OOPS
falls/ThrowbackFails-JumpAroundMarch2018_FailArmy73,1,7.888,10.838,-1,-1,OOPS
falls/ThrowbackFails-JumpAroundMarch2018_FailArmy73,2,10.838,11.254,-1,-1,OOPS
falls/ThrowbackFails-JumpAroundMarch2018_FailArmy73,7,11.254,14.374,-1,-1,OOPS
falls/ThrowbackFails-JumpAroundMarch2018_FailArmy73,8,14.374,17.882,-1,-1,OOPS
falls/ThrowbackFails-JumpAroundMarch2018_FailArmy73,0,17.882,18.886,-1,-1,OOPS
falls/ThrowbackFails-Ready_Set_FailMarch2018_FailArmy10,2,0.0,0.882,-1,-1,OOPS
falls/ThrowbackFails-Ready_Set_FailMarch2018_FailArmy10,8,0.882,3.485,-1,-1,OOPS
falls/ThrowbackFails-Ready_Set_FailMarch2018_FailArmy10,0,3.485,12.759,-1,-1,OOPS
falls/ThrowbackFails-Ready_Set_FailMarch2018_FailArmy10,1,12.759,13.931,-1,-1,OOPS
falls/ThrowbackFails-Ready_Set_FailMarch2018_FailArmy10,2,13.931,16.602,-1,-1,OOPS
falls/ThrowbackFails-Ready_Set_FailMarch2018_FailArmy10,7,16.602,18.822,-1,-1,OOPS
falls/ThrowbackFails-Ready_Set_FailMarch2018_FailArmy10,0,18.822,19.488,-1,-1,OOPS
falls/ThrowbackFails-Ready_Set_FailMarch2018_FailArmy58,9,0.0,3.497,-1,-1,OOPS
falls/ThrowbackFails-Ready_Set_FailMarch2018_FailArmy58,1,3.497,4.52,-1,-1,OOPS
falls/ThrowbackFails-Ready_Set_FailMarch2018_FailArmy58,9,4.52,9.58801,-1,-1,OOPS
falls/ThrowbackFails-SavedItJanuary2018_FailArmy13,9,0.0,2.145,-1,-1,OOPS
falls/ThrowbackFails-SavedItJanuary2018_FailArmy13,1,2.145,3.729,-1,-1,OOPS
falls/ThrowbackFails-SavedItJanuary2018_FailArmy13,9,3.729,11.858,-1,-1,OOPS
falls/ThrowbackFails-SavedItJanuary2018_FailArmy13,9,11.858,13.033,-1,-1,OOPS
falls/ThrowbackFails-SavedItJanuary2018_FailArmy13,1,13.033,14.774,-1,-1,OOPS
falls/ThrowbackFails-SavedItJanuary2018_FailArmy13,7,14.774,15.516,-1,-1,OOPS
falls/ThrowbackFails-SavedItJanuary2018_FailArmy13,15,15.516,17.557,-1,-1,OOPS
falls/ThrowbackFails-SavedItJanuary2018_FailArmy13,8,17.557,19.159,-1,-1,OOPS
falls/ThrowbackFails-SavedItJanuary2018_FailArmy13,15,19.159,19.706,-1,-1,OOPS
falls/ThrowbackFails-SavedItJanuary2018_FailArmy13,15,19.706,20.245,-1,-1,OOPS
falls/ThrowbackFails-SavedItJanuary2018_FailArmy13,1,20.245,22.031,-1,-1,OOPS
falls/ThrowbackFails-SavedItJanuary2018_FailArmy13,2,22.031,24.05587,-1,-1,OOPS
falls/ThrowbackFails-SavedItJanuary2018_FailArmy54,9,0.0,3.452,-1,-1,OOPS
falls/ThrowbackFails-SavedItJanuary2018_FailArmy54,1,3.452,6.064,-1,-1,OOPS
falls/ThrowbackFails-SavedItJanuary2018_FailArmy54,9,6.064,7.511,-1,-1,OOPS
falls/ThrowbackFails-SavedItJanuary2018_FailArmy54,0,7.511,8.888,-1,-1,OOPS
falls/ThrowbackFails-SavedItJanuary2018_FailArmy54,8,8.888,9.885,-1,-1,OOPS
falls/ThrowbackFails-SavedItJanuary2018_FailArmy54,1,9.885,11.053,-1,-1,OOPS
falls/ThrowbackFails-SavedItJanuary2018_FailArmy54,2,11.053,13.497,-1,-1,OOPS
falls/ThrowbackFails-SavedItJanuary2018_FailArmy54,7,13.497,14.65179,-1,-1,OOPS
falls/ThrowbackFails-Thatsonegreedycat111,9,0.0,6.93,-1,-1,OOPS
falls/ThrowbackFails-Thatsonegreedycat111,1,6.93,7.725,-1,-1,OOPS
falls/ThrowbackFails-Thatsonegreedycat111,9,7.725,8.302,-1,-1,OOPS
falls/ThrowbackFails-Thatsonegreedycat111,7,8.302,9.415,-1,-1,OOPS
falls/ThrowbackFails-Thatsonegreedycat111,9,9.415,12.816,-1,-1,OOPS
falls/ThrowbackFails-Thatsonegreedycat111,4,12.816,29.071,-1,-1,OOPS
falls/ThrowbackFails-Thatsonegreedycat32,0,0.0,1.346,-1,-1,OOPS
falls/ThrowbackFails-Thatsonegreedycat32,9,1.346,5.151,-1,-1,OOPS
falls/ThrowbackFails-Thatsonegreedycat32,0,5.151,7.84,-1,-1,OOPS
falls/ThrowbackFails-Thatsonegreedycat32,1,7.84,9.179,-1,-1,OOPS
falls/ThrowbackFails-Thatsonegreedycat32,7,9.179,11.086,-1,-1,OOPS
falls/ThrowbackFails-Thatsonegreedycat32,0,11.086,15.988,-1,-1,OOPS
falls/ThrowbackFails-Thatsonegreedycat33,0,0.0,1.47,-1,-1,OOPS
falls/ThrowbackFails-Thatsonegreedycat33,1,1.47,3.046,-1,-1,OOPS
falls/ThrowbackFails-Thatsonegreedycat33,7,3.046,7.677,-1,-1,OOPS
falls/ThrowbackFails-Thatsonegreedycat33,0,7.677,10.27694,-1,-1,OOPS
falls/ThrowbackFails-WhenEnoughIsEnoughFebruary2018_FailArmy11,0,0.0,3.409,-1,-1,OOPS
falls/ThrowbackFails-WhenEnoughIsEnoughFebruary2018_FailArmy11,9,3.409,5.039,-1,-1,OOPS
falls/ThrowbackFails-WhenEnoughIsEnoughFebruary2018_FailArmy11,1,5.039,7.246,-1,-1,OOPS
falls/ThrowbackFails-WhenEnoughIsEnoughFebruary2018_FailArmy11,2,7.246,7.588,-1,-1,OOPS
falls/ThrowbackFails-WhenEnoughIsEnoughFebruary2018_FailArmy11,0,7.588,10.363,-1,-1,OOPS
falls/ThrowbackFails-WhenEnoughIsEnoughFebruary2018_FailArmy11,1,10.363,12.801,-1,-1,OOPS
falls/ThrowbackFails-WhenEnoughIsEnoughFebruary2018_FailArmy16,0,0.0,1.123,-1,-1,OOPS
falls/ThrowbackFails-WhenEnoughIsEnoughFebruary2018_FailArmy16,9,1.123,1.558,-1,-1,OOPS
falls/ThrowbackFails-WhenEnoughIsEnoughFebruary2018_FailArmy16,1,1.558,2.458,-1,-1,OOPS
falls/ThrowbackFails-WhenEnoughIsEnoughFebruary2018_FailArmy16,7,2.458,6.24,-1,-1,OOPS
falls/ThrowbackThursday-AreMyTeethOKMay20175,8,0.0,0.185,-1,-1,OOPS
falls/ThrowbackThursday-AreMyTeethOKMay20175,15,0.185,0.953,-1,-1,OOPS
falls/ThrowbackThursday-AreMyTeethOKMay20175,1,0.953,1.903,-1,-1,OOPS
falls/ThrowbackThursday-AreMyTeethOKMay20175,4,1.903,9.553,-1,-1,OOPS
falls/ThrowbackThursday-AreMyTeethOKMay20175,9,9.553,10.183,-1,-1,OOPS
falls/ThrowbackThursday-AreMyTeethOKMay20175,15,10.183,10.642,-1,-1,OOPS
falls/ThrowbackThursday-AreMyTeethOKMay20175,1,10.642,13.454,-1,-1,OOPS
falls/ThrowbackThursday-AreMyTeethOKMay20175,2,13.454,14.603,-1,-1,OOPS
falls/ThrowbackThursday-AreMyTeethOKMay201767,9,0.0,2.619,-1,-1,OOPS
falls/ThrowbackThursday-AreMyTeethOKMay201767,15,2.619,3.636,-1,-1,OOPS
falls/ThrowbackThursday-AreMyTeethOKMay201767,9,3.636,4.14,-1,-1,OOPS
falls/ThrowbackThursday-AreMyTeethOKMay201767,1,4.14,5.738,-1,-1,OOPS
falls/ThrowbackThursday-AreMyTeethOKMay201767,7,5.738,6.763,-1,-1,OOPS
falls/ThrowbackThursday-AreMyTeethOKMay201767,0,6.763,6.948,-1,-1,OOPS
falls/ThrowbackThursday-AreMyTeethOKMay201767,9,6.948,8.64198,-1,-1,OOPS
falls/ThrowbackThursday-ThatwasamazingMay2017123,9,0.0,4.624,-1,-1,OOPS
falls/ThrowbackThursday-ThatwasamazingMay2017123,5,4.624,5.869,-1,-1,OOPS
falls/ThrowbackThursday-ThatwasamazingMay2017123,6,5.869,7.93,-1,-1,OOPS
falls/ThrowbackThursday-ThatwasamazingMay2017123,9,7.93,13.414,-1,-1,OOPS
falls/ThrowbackThursday-ThatwasamazingMay2017123,1,13.414,14.18,-1,-1,OOPS
falls/ThrowbackThursday-ThatwasamazingMay2017123,9,14.18,22.98882,-1,-1,OOPS
falls/ThrowbackThursday-TryandstaybalancedApril201750,9,0.0,0.766,-1,-1,OOPS
falls/ThrowbackThursday-TryandstaybalancedApril201750,0,0.766,4.606,-1,-1,OOPS
falls/ThrowbackThursday-TryandstaybalancedApril201750,9,4.606,8.014,-1,-1,OOPS
falls/ThrowbackThursday-TryandstaybalancedApril201750,15,8.014,8.763,-1,-1,OOPS
falls/ThrowbackThursday-TryandstaybalancedApril201750,1,8.763,11.534,-1,-1,OOPS
falls/ThrowbackThursday-TryandstaybalancedApril201750,4,11.534,12.42702,-1,-1,OOPS
falls/ThrowbackThursdayFails-HereGoesNothingApril2017_FailArmy40,9,0.0,8.118,-1,-1,OOPS
falls/ThrowbackThursdayFails-HereGoesNothingApril2017_FailArmy40,1,8.118,8.827,-1,-1,OOPS
falls/ThrowbackThursdayFails-HereGoesNothingApril2017_FailArmy40,9,8.827,13.355,-1,-1,OOPS
falls/ThrowbackThursdayFails-HereGoesNothingApril2017_FailArmy40,9,13.355,28.351,-1,-1,OOPS
falls/ThrowbackThursdayFails-ItsHardNotToLaughApril201795,8,0.0,2.094,-1,-1,OOPS
falls/ThrowbackThursdayFails-ItsHardNotToLaughApril201795,9,2.094,2.771,-1,-1,OOPS
falls/ThrowbackThursdayFails-ItsHardNotToLaughApril201795,1,2.771,4.03,-1,-1,OOPS
falls/ThrowbackThursdayFails-ItsHardNotToLaughApril201795,2,4.03,11.129,-1,-1,OOPS
falls/ThrowbackThursdayFails-ThisWatersGross_FailArmy58,8,0.0,11.93501,-1,-1,OOPS
falls/TreadmillTerror-FailsoftheWeekNovember2018_FailArmy28,0,0.0,1.178,-1,-1,OOPS
falls/TreadmillTerror-FailsoftheWeekNovember2018_FailArmy28,1,1.178,2.272,-1,-1,OOPS
falls/TreadmillTerror-FailsoftheWeekNovember2018_FailArmy28,7,2.272,3.82,-1,-1,OOPS
falls/TreadmillTerror-FailsoftheWeekNovember2018_FailArmy28,8,3.82,4.812,-1,-1,OOPS
falls/TreadmillTerror-FailsoftheWeekNovember2018_FailArmy28,0,4.812,6.16596,-1,-1,OOPS
falls/TreadmillTerror-FailsoftheWeekNovember2018_FailArmy32,9,0.0,28.634,-1,-1,OOPS
falls/TreadmillTerror-FailsoftheWeekNovember2018_FailArmy32,1,28.634,30.82,-1,-1,OOPS
falls/TreadmillTerror-FailsoftheWeekNovember2018_FailArmy32,2,30.82,34.945,-1,-1,OOPS
falls/TreadmillTerror-FailsoftheWeekNovember2018_FailArmy32,4,34.945,42.241,-1,-1,OOPS
falls/TreadmillTerror-FailsoftheWeekNovember2018_FailArmy32,7,42.241,43.38,-1,-1,OOPS
falls/TreadmillTerror-FailsoftheWeekNovember2018_FailArmy32,0,43.38,46.573,-1,-1,OOPS
falls/TreadmillTerror-FailsoftheWeekNovember2018_FailArmy32,8,46.573,54.381,-1,-1,OOPS
falls/TreadmillTerror-FailsoftheWeekNovember2018_FailArmy32,9,54.381,55.45,-1,-1,OOPS
falls/TreadmillTerror-FailsoftheWeekNovember2018_FailArmy32,1,55.45,56.6,-1,-1,OOPS
falls/TreadmillTerror-FailsoftheWeekNovember2018_FailArmy32,2,56.6,64.899,-1,-1,OOPS
falls/TricycleTrouble-FailsoftheWeekSeptember2018_FailArmy16,9,0.0,0.2,-1,-1,OOPS
falls/TricycleTrouble-FailsoftheWeekSeptember2018_FailArmy16,9,0.2,8.88,-1,-1,OOPS
falls/TricycleTrouble-FailsoftheWeekSeptember2018_FailArmy16,1,8.88,9.715,-1,-1,OOPS
falls/TricycleTrouble-FailsoftheWeekSeptember2018_FailArmy16,8,9.715,10.457,-1,-1,OOPS
falls/TricycleTrouble-FailsoftheWeekSeptember2018_FailArmy16,15,10.457,11.008,-1,-1,OOPS
falls/TricycleTrouble-FailsoftheWeekSeptember2018_FailArmy16,1,11.008,12.521,-1,-1,OOPS
falls/TricycleTrouble-FailsoftheWeekSeptember2018_FailArmy16,9,12.521,14.512,-1,-1,OOPS
falls/UltimateParkourFailsCompilationPart2byFailArmy_YouAreTheKingOfBails_Man22,0,0.0,0.716,-1,-1,OOPS
falls/UltimateParkourFailsCompilationPart2byFailArmy_YouAreTheKingOfBails_Man22,15,0.716,1.625,-1,-1,OOPS
falls/UltimateParkourFailsCompilationPart2byFailArmy_YouAreTheKingOfBails_Man22,0,1.625,2.445,-1,-1,OOPS
falls/UltimateParkourFailsCompilationPart2byFailArmy_YouAreTheKingOfBails_Man22,15,2.445,3.528,-1,-1,OOPS
falls/UltimateParkourFailsCompilationPart2byFailArmy_YouAreTheKingOfBails_Man22,0,3.528,3.889,-1,-1,OOPS
falls/UltimateParkourFailsCompilationPart2byFailArmy_YouAreTheKingOfBails_Man22,15,3.889,5.116,-1,-1,OOPS
falls/UltimateParkourFailsCompilationPart2byFailArmy_YouAreTheKingOfBails_Man22,0,5.116,6.096,-1,-1,OOPS
falls/UltimateParkourFailsCompilationPart2byFailArmy_YouAreTheKingOfBails_Man22,9,6.096,7.434,-1,-1,OOPS
falls/UltimateParkourFailsCompilationPart2byFailArmy_YouAreTheKingOfBails_Man22,1,7.434,8.526,-1,-1,OOPS
falls/UltimateParkourFailsCompilationPart2byFailArmy_YouAreTheKingOfBails_Man22,2,8.526,10.751,-1,-1,OOPS
falls/UltimateParkourFailsCompilationPart2byFailArmy_YouAreTheKingOfBails_Man31,9,0.0,0.11,-1,-1,OOPS
falls/UltimateParkourFailsCompilationPart2byFailArmy_YouAreTheKingOfBails_Man31,0,0.11,0.986,-1,-1,OOPS
falls/UltimateParkourFailsCompilationPart2byFailArmy_YouAreTheKingOfBails_Man31,15,0.986,1.545,-1,-1,OOPS
falls/UltimateParkourFailsCompilationPart2byFailArmy_YouAreTheKingOfBails_Man31,9,1.545,3.196,-1,-1,OOPS
falls/UltimateParkourFailsCompilationPart2byFailArmy_YouAreTheKingOfBails_Man31,8,3.196,3.96,-1,-1,OOPS
falls/UltimateParkourFailsCompilationPart2byFailArmy_YouAreTheKingOfBails_Man31,15,3.96,4.62,-1,-1,OOPS
falls/UltimateParkourFailsCompilationPart2byFailArmy_YouAreTheKingOfBails_Man31,9,4.62,10.825,-1,-1,OOPS
falls/UltimateParkourFailsCompilationPart2byFailArmy_YouAreTheKingOfBails_Man31,7,10.825,11.509,-1,-1,OOPS
falls/UltimateParkourFailsCompilationPart2byFailArmy_YouAreTheKingOfBails_Man31,0,11.509,14.846,-1,-1,OOPS
falls/UltimateParkourFailsCompilationPart2byFailArmy_YouAreTheKingOfBails_Man31,15,14.846,15.721,-1,-1,OOPS
falls/UltimateParkourFailsCompilationPart2byFailArmy_YouAreTheKingOfBails_Man31,1,15.721,18.02501,-1,-1,OOPS
falls/UltimateParkourFailsCompilationPart2byFailArmy_YouAreTheKingOfBails_Man59,0,0.0,0.119,-1,-1,OOPS
falls/UltimateParkourFailsCompilationPart2byFailArmy_YouAreTheKingOfBails_Man59,15,0.119,0.796,-1,-1,OOPS
falls/UltimateParkourFailsCompilationPart2byFailArmy_YouAreTheKingOfBails_Man59,1,0.796,2.334,-1,-1,OOPS
falls/UltimateParkourFailsCompilationPart2byFailArmy_YouAreTheKingOfBails_Man59,7,2.334,5.065,-1,-1,OOPS
falls/UltimateParkourFailsCompilationPart2byFailArmy_YouAreTheKingOfBails_Man59,0,5.065,11.24458,-1,-1,OOPS
falls/UltimateParkourFailsCompilationPart2byFailArmy_YouAreTheKingOfBails_Man60,9,0.0,0.14,-1,-1,OOPS
falls/UltimateParkourFailsCompilationPart2byFailArmy_YouAreTheKingOfBails_Man60,0,0.14,0.37,-1,-1,OOPS
falls/UltimateParkourFailsCompilationPart2byFailArmy_YouAreTheKingOfBails_Man60,15,0.37,1.306,-1,-1,OOPS
falls/UltimateParkourFailsCompilationPart2byFailArmy_YouAreTheKingOfBails_Man60,15,1.306,1.971,-1,-1,OOPS
falls/UltimateParkourFailsCompilationPart2byFailArmy_YouAreTheKingOfBails_Man60,15,1.971,2.898,-1,-1,OOPS
falls/UltimateParkourFailsCompilationPart2byFailArmy_YouAreTheKingOfBails_Man60,1,2.898,4.572,-1,-1,OOPS
falls/UltimateParkourFailsCompilationPart2byFailArmy_YouAreTheKingOfBails_Man60,2,4.572,13.617,-1,-1,OOPS
falls/UltimateParkourFailsCompilationPart2byFailArmy_YouAreTheKingOfBails_Man60,14,13.617,15.878,-1,-1,OOPS
falls/UltimateParkourFailsCompilationPart2byFailArmy_YouAreTheKingOfBails_Man60,7,15.878,17.053,-1,-1,OOPS
falls/UltimateParkourFailsCompilationPart2byFailArmy_YouAreTheKingOfBails_Man60,0,17.053,20.507,-1,-1,OOPS
falls/UltimateWinterFailsCompilation_Boards_Skis_andSnowfromFailArmy17,8,0.0,2.343,-1,-1,OOPS
falls/UltimateWinterFailsCompilation_Boards_Skis_andSnowfromFailArmy17,9,2.343,7.517,-1,-1,OOPS
falls/UltimateWinterFailsCompilation_Boards_Skis_andSnowfromFailArmy17,1,7.517,9.221,-1,-1,OOPS
falls/UltimateWinterFailsCompilation_Boards_Skis_andSnowfromFailArmy17,2,9.221,13.18,-1,-1,OOPS
falls/UltimateWinterFailsCompilation_Boards_Skis_andSnowfromFailArmy2,0,0.0,1.713,-1,-1,OOPS
falls/UltimateWinterFailsCompilation_Boards_Skis_andSnowfromFailArmy2,1,1.713,2.711,-1,-1,OOPS
falls/UltimateWinterFailsCompilation_Boards_Skis_andSnowfromFailArmy2,2,2.711,6.84501,-1,-1,OOPS
falls/UltimateWinterFailsCompilation_Boards_Skis_andSnowfromFailArmy6,9,0.0,5.14,-1,-1,OOPS
falls/UltimateWinterFailsCompilation_Boards_Skis_andSnowfromFailArmy6,1,5.14,6.801,-1,-1,OOPS
falls/UltimateWinterFailsCompilation_Boards_Skis_andSnowfromFailArmy6,2,6.801,8.419,-1,-1,OOPS
falls/UltimateWinterFailsCompilation_Boards_Skis_andSnowfromFailArmy6,7,8.419,10.043,-1,-1,OOPS
falls/UltimateWinterFailsCompilation_Boards_Skis_andSnowfromFailArmy9,9,0.0,2.071,-1,-1,OOPS
falls/UltimateWinterFailsCompilation_Boards_Skis_andSnowfromFailArmy9,1,2.071,3.174,-1,-1,OOPS
falls/UltimateWinterFailsCompilation_Boards_Skis_andSnowfromFailArmy9,7,3.174,4.348,-1,-1,OOPS
falls/UltimateWinterFailsCompilation_Boards_Skis_andSnowfromFailArmy9,0,4.348,5.646,-1,-1,OOPS
falls/UltimateWinterFailsCompilation_Boards_Skis_andSnowfromFailArmy9,9,5.646,8.552,-1,-1,OOPS
falls/UltimateWinterFailsCompilation_Boards_Skis_andSnowfromFailArmy9,9,8.552,11.144,-1,-1,OOPS
falls/ValentinesDayFailsCompilation_SalutetoForeverAlonebyFailArmy4,0,0.0,6.336,-1,-1,OOPS
falls/ValentinesDayFailsCompilation_SalutetoForeverAlonebyFailArmy4,8,6.336,13.818,-1,-1,OOPS
falls/ValentinesDayFailsCompilation_SalutetoForeverAlonebyFailArmy4,0,13.818,18.922,-1,-1,OOPS
falls/ValentinesDayFailsCompilation_SalutetoForeverAlonebyFailArmy4,9,18.922,20.303,-1,-1,OOPS
falls/ValentinesDayFailsCompilation_SalutetoForeverAlonebyFailArmy4,8,20.303,21.125,-1,-1,OOPS
falls/ValentinesDayFailsCompilation_SalutetoForeverAlonebyFailArmy4,0,21.125,22.125,-1,-1,OOPS
falls/ValentinesDayFailsCompilation_SalutetoForeverAlonebyFailArmy4,8,22.125,26.302,-1,-1,OOPS
falls/ValentinesDayFailsCompilation_SalutetoForeverAlonebyFailArmy4,0,26.302,27.463,-1,-1,OOPS
falls/ValentinesDayFailsCompilation_SalutetoForeverAlonebyFailArmy4,1,27.463,29.033,-1,-1,OOPS
falls/ValentinesDayFailsCompilation_SalutetoForeverAlonebyFailArmy4,2,29.033,34.60127,-1,-1,OOPS
falls/VirtualRealityFreakout-FailsoftheWeekNovember2018_FailArmy29,0,0.0,2.48,-1,-1,OOPS
falls/VirtualRealityFreakout-FailsoftheWeekNovember2018_FailArmy29,1,2.48,2.994,-1,-1,OOPS
falls/VirtualRealityFreakout-FailsoftheWeekNovember2018_FailArmy29,2,2.994,5.322,-1,-1,OOPS
falls/VirtualRealityFreakout-FailsoftheWeekNovember2018_FailArmy29,9,5.322,6.796,-1,-1,OOPS
falls/VirtualRealityFreakout-FailsoftheWeekNovember2018_FailArmy29,8,6.796,12.16701,-1,-1,OOPS
falls/WakeboardWipeout-FailsoftheWeekApril2019_FailArmy17,9,0.0,8.127,-1,-1,OOPS
falls/WakeboardWipeout-FailsoftheWeekApril2019_FailArmy17,1,8.127,9.853,-1,-1,OOPS
falls/WakeboardWipeout-FailsoftheWeekApril2019_FailArmy17,7,9.853,10.386,-1,-1,OOPS
falls/WakeboardWipeout-FailsoftheWeekApril2019_FailArmy17,0,10.386,19.92199,-1,-1,OOPS
falls/WakeboardWipeout-FailsoftheWeekApril2019_FailArmy7,0,0.0,1.083,-1,-1,OOPS
falls/WakeboardWipeout-FailsoftheWeekApril2019_FailArmy7,1,1.083,2.207,-1,-1,OOPS
falls/WakeboardWipeout-FailsoftheWeekApril2019_FailArmy7,0,2.207,2.255,-1,-1,OOPS
falls/WakeboardWipeout-FailsoftheWeekApril2019_FailArmy7,1,2.255,3.41,-1,-1,OOPS
falls/WakeboardWipeout-FailsoftheWeekApril2019_FailArmy7,0,3.41,3.55,-1,-1,OOPS
falls/WakeboardWipeout-FailsoftheWeekApril2019_FailArmy7,1,3.55,6.486,-1,-1,OOPS
falls/WakeboardWipeout-FailsoftheWeekApril2019_FailArmy7,7,6.486,7.305,-1,-1,OOPS
falls/WakeboardWipeout-FailsoftheWeekApril2019_FailArmy7,11,7.305,8.275,-1,-1,OOPS
falls/WatchOutForThatTreeFailsoftheWeekFebruary2019_FailArmy10,9,0.0,4.4,-1,-1,OOPS
falls/WatchOutForThatTreeFailsoftheWeekFebruary2019_FailArmy10,1,4.4,6.911,-1,-1,OOPS
falls/WatchOutForThatTreeFailsoftheWeekFebruary2019_FailArmy10,2,6.911,10.89399,-1,-1,OOPS
falls/Wedidit-FailsYouMissed22December2017_FailArmy104,9,0.0,13.274,-1,-1,OOPS
falls/Wedidit-FailsYouMissed22December2017_FailArmy104,9,13.274,14.203,-1,-1,OOPS
falls/Wedidit-FailsYouMissed22December2017_FailArmy104,8,14.203,15.451,-1,-1,OOPS
falls/Wedidit-FailsYouMissed22December2017_FailArmy104,0,15.451,18.251,-1,-1,OOPS
falls/Wedidit-FailsYouMissed22December2017_FailArmy104,9,18.251,23.06701,-1,-1,OOPS
falls/WereBackFailsoftheWeekMay2019_FailArmy11,9,0.0,2.18,-1,-1,OOPS
falls/WereBackFailsoftheWeekMay2019_FailArmy11,0,2.18,4.603,-1,-1,OOPS
falls/WereBackFailsoftheWeekMay2019_FailArmy11,9,4.603,5.725,-1,-1,OOPS
falls/WereBackFailsoftheWeekMay2019_FailArmy11,0,5.725,7.38,-1,-1,OOPS
falls/WereBackFailsoftheWeekMay2019_FailArmy11,9,7.38,8.5,-1,-1,OOPS
falls/WereBackFailsoftheWeekMay2019_FailArmy11,0,8.5,10.991,-1,-1,OOPS
falls/WereBackFailsoftheWeekMay2019_FailArmy11,9,10.991,11.288,-1,-1,OOPS
falls/WereBackFailsoftheWeekMay2019_FailArmy11,0,11.288,12.052,-1,-1,OOPS
falls/WereBackFailsoftheWeekMay2019_FailArmy11,1,12.052,14.389,-1,-1,OOPS
falls/WereBackFailsoftheWeekMay2019_FailArmy11,9,14.389,28.49516,-1,-1,OOPS
falls/WereBackFailsoftheWeekMay2019_FailArmy20,9,0.0,5.699,-1,-1,OOPS
falls/WereBackFailsoftheWeekMay2019_FailArmy20,1,5.699,8.382,-1,-1,OOPS
falls/WereBackFailsoftheWeekMay2019_FailArmy20,8,8.382,9.398,-1,-1,OOPS
falls/WereBackFailsoftheWeekMay2019_FailArmy20,9,9.398,10.036,-1,-1,OOPS
falls/WereBackFailsoftheWeekMay2019_FailArmy20,1,10.036,11.48,-1,-1,OOPS
falls/WereBackFailsoftheWeekMay2019_FailArmy20,7,11.48,12.212,-1,-1,OOPS
falls/WereBackFailsoftheWeekMay2019_FailArmy20,4,12.212,13.199,-1,-1,OOPS
falls/WereBackFailsoftheWeekMay2019_FailArmy20,7,13.199,14.581,-1,-1,OOPS
falls/WereBackFailsoftheWeekMay2019_FailArmy20,8,14.581,15.226,-1,-1,OOPS
falls/WereBackFailsoftheWeekMay2019_FailArmy20,0,15.226,17.066,-1,-1,OOPS
falls/WheelieGoneWrong-FailsoftheWeekMay2018_FailArmy3,9,0.0,0.04,-1,-1,OOPS
falls/WheelieGoneWrong-FailsoftheWeekMay2018_FailArmy3,0,0.04,5.264,-1,-1,OOPS
falls/WheelieGoneWrong-FailsoftheWeekMay2018_FailArmy3,9,5.264,6.61,-1,-1,OOPS
falls/WheelieGoneWrong-FailsoftheWeekMay2018_FailArmy3,1,6.61,8.583,-1,-1,OOPS
falls/WheelieGoneWrong-FailsoftheWeekMay2018_FailArmy3,7,8.583,11.187,-1,-1,OOPS
falls/WheelieGoneWrong-FailsoftheWeekMay2018_FailArmy3,8,11.187,11.957,-1,-1,OOPS
falls/WheelieGoneWrong-FailsoftheWeekMay2018_FailArmy3,0,11.957,15.869,-1,-1,OOPS
falls/WheelieGoneWrong-FailsoftheWeekMay2018_FailArmy3,0,15.869,17.582,-1,-1,OOPS
falls/WheelieGoneWrong-FailsoftheWeekMay2018_FailArmy3,1,17.582,19.25,-1,-1,OOPS
falls/WheelieGoneWrong-FailsoftheWeekMay2018_FailArmy3,7,19.25,20.873,-1,-1,OOPS
falls/WheelieGoneWrong-FailsoftheWeekMay2018_FailArmy3,0,20.873,21.81385,-1,-1,OOPS
falls/WheelieGoneWrong-FailsoftheWeekMay2018_FailArmy3,1,21.81385,22.494,-1,-1,OOPS
falls/WheelieGoneWrong-FailsoftheWeekMay2018_FailArmy3,7,22.494,23.877,-1,-1,OOPS
falls/WhenNothingGoesRight-ThrowbackFailsJune2017_FailArmy41,9,0.0,4.347,-1,-1,OOPS
falls/WhenNothingGoesRight-ThrowbackFailsJune2017_FailArmy41,1,4.347,6.97501,-1,-1,OOPS
falls/Wheredyougo-FailsoftheWeekAugust2017_FailArmy19,9,0.0,2.778,-1,-1,OOPS
falls/Wheredyougo-FailsoftheWeekAugust2017_FailArmy19,1,2.778,4.395,-1,-1,OOPS
falls/Wheredyougo-FailsoftheWeekAugust2017_FailArmy19,2,4.395,5.702,-1,-1,OOPS
falls/Wheredyougo-FailsoftheWeekAugust2017_FailArmy19,7,5.702,8.346,-1,-1,OOPS
falls/Wheredyougo-FailsoftheWeekAugust2017_FailArmy19,1,8.346,9.993,-1,-1,OOPS
falls/Wheredyougo-FailsoftheWeekAugust2017_FailArmy19,2,9.993,11.192,-1,-1,OOPS
falls/WhipIt_WhipItRealGood-FailsoftheMonthNovember2017_FailArmy44,9,0.0,1.616,-1,-1,OOPS
falls/WhipIt_WhipItRealGood-FailsoftheMonthNovember2017_FailArmy44,15,1.616,2.712,-1,-1,OOPS
falls/WhipIt_WhipItRealGood-FailsoftheMonthNovember2017_FailArmy44,9,2.712,3.932,-1,-1,OOPS
falls/WhipIt_WhipItRealGood-FailsoftheMonthNovember2017_FailArmy44,15,3.932,4.607,-1,-1,OOPS
falls/WhipIt_WhipItRealGood-FailsoftheMonthNovember2017_FailArmy44,1,4.607,7.014,-1,-1,OOPS
falls/WhipIt_WhipItRealGood-FailsoftheMonthNovember2017_FailArmy44,4,7.014,8.141,-1,-1,OOPS
falls/WhipIt_WhipItRealGood-FailsoftheMonthNovember2017_FailArmy44,8,8.141,10.569,-1,-1,OOPS
falls/WhipIt_WhipItRealGood-FailsoftheMonthNovember2017_FailArmy44,12,10.569,11.937,-1,-1,OOPS
falls/WhipIt_WhipItRealGood-FailsoftheMonthNovember2017_FailArmy44,1,11.937,13.48,-1,-1,OOPS
falls/WhipIt_WhipItRealGood-FailsoftheMonthNovember2017_FailArmy44,2,13.48,15.4,-1,-1,OOPS
falls/WinterFailsJanuary2017_FailArmy0,9,0.0,3.866,-1,-1,OOPS
falls/WinterFailsJanuary2017_FailArmy0,1,3.866,4.64,-1,-1,OOPS
falls/WinterFailsJanuary2017_FailArmy0,9,4.64,5.951,-1,-1,OOPS
falls/WinterFailsJanuary2017_FailArmy0,7,5.951,9.174,-1,-1,OOPS
falls/WinterFailsJanuary2017_FailArmy0,0,9.174,12.592,-1,-1,OOPS
falls/WinterFailsJanuary2017_FailArmy32,0,0.0,1.391,-1,-1,OOPS
falls/WinterFailsJanuary2017_FailArmy32,1,1.391,2.498,-1,-1,OOPS
falls/WinterFailsJanuary2017_FailArmy32,2,2.498,7.426,-1,-1,OOPS
falls/WinterFailsJanuary2017_FailArmy32,9,7.426,10.132,-1,-1,OOPS
falls/WinterFailsJanuary2017_FailArmy32,1,10.132,12.58,-1,-1,OOPS
falls/WinterFailsJanuary2017_FailArmy32,2,12.58,14.314,-1,-1,OOPS
falls/WinterFailsJanuary2017_FailArmy45,9,0.0,3.579,-1,-1,OOPS
falls/WinterFailsJanuary2017_FailArmy45,1,3.579,8.273,-1,-1,OOPS
falls/WinterFailsJanuary2017_FailArmy45,7,8.273,9.253,-1,-1,OOPS
falls/WinterFailsJanuary2017_FailArmy45,8,9.253,18.44299,-1,-1,OOPS
falls/WinterisComing-SnowFailsOctober2018_FailArmy21,9,0.0,6.615,-1,-1,OOPS
falls/WinterisComing-SnowFailsOctober2018_FailArmy21,1,6.615,8.53,-1,-1,OOPS
falls/WinterisComing-SnowFailsOctober2018_FailArmy21,4,8.53,8.911,-1,-1,OOPS
falls/WinterisComing-SnowFailsOctober2018_FailArmy21,7,8.911,10.552,-1,-1,OOPS
falls/WinterisComing-SnowFailsOctober2018_FailArmy21,11,10.552,11.51151,-1,-1,OOPS
falls/WorkSucks-FailingAtWorkJune2018_FailArmy23,9,0.0,21.179,-1,-1,OOPS
falls/WorkSucks-FailingAtWorkJune2018_FailArmy23,0,21.179,22.533,-1,-1,OOPS
falls/WorkSucks-FailingAtWorkJune2018_FailArmy23,12,22.533,25.103,-1,-1,OOPS
falls/WorkSucks-FailingAtWorkJune2018_FailArmy23,13,25.103,25.807,-1,-1,OOPS
falls/WorkSucks-FailingAtWorkJune2018_FailArmy23,7,25.807,27.584,-1,-1,OOPS
falls/WorkSucks-FailingAtWorkJune2018_FailArmy23,8,27.584,29.607,-1,-1,OOPS
falls/WorkSucks-FailingAtWorkJune2018_FailArmy23,9,29.607,38.711,-1,-1,OOPS
falls/WorkSucks-FailingAtWorkJune2018_FailArmy23,0,38.711,41.347,-1,-1,OOPS
falls/WorkSucks-FailingAtWorkJune2018_FailArmy23,8,41.347,53.789,-1,-1,OOPS
falls/WorkSucks-FailingAtWorkJune2018_FailArmy23,1,53.789,56.922,-1,-1,OOPS
falls/WorkSucks-FailingAtWorkJune2018_FailArmy23,7,56.922,59.456,-1,-1,OOPS
falls/WorkSucks-FailingAtWorkJune2018_FailArmy23,8,59.456,62.41501,-1,-1,OOPS
falls/YogaFails-ImSoZenRightNowApril2017_FailArmy16,9,0.0,6.357,-1,-1,OOPS
falls/YogaFails-ImSoZenRightNowApril2017_FailArmy16,10,6.357,6.992,-1,-1,OOPS
falls/YogaFails-ImSoZenRightNowApril2017_FailArmy16,11,6.992,12.331,-1,-1,OOPS
falls/YoureGoingWayTooFast-ThrowbackThursdaySeptember2017_FailArmy99,9,0.0,1.637,-1,-1,OOPS
falls/YoureGoingWayTooFast-ThrowbackThursdaySeptember2017_FailArmy99,1,1.637,2.155,-1,-1,OOPS
falls/YoureGoingWayTooFast-ThrowbackThursdaySeptember2017_FailArmy99,7,2.155,3.022,-1,-1,OOPS
falls/YoureGoingWayTooFast-ThrowbackThursdaySeptember2017_FailArmy99,9,3.022,9.95299,-1,-1,OOPS
falls/YouveGotBadFriends-FriendshipFailsSeptember2018_FailArmy32,9,0.0,0.688,-1,-1,OOPS
falls/YouveGotBadFriends-FriendshipFailsSeptember2018_FailArmy32,7,0.688,1.16,-1,-1,OOPS
falls/YouveGotBadFriends-FriendshipFailsSeptember2018_FailArmy32,0,1.16,7.243,-1,-1,OOPS
falls/YouveGotBadFriends-FriendshipFailsSeptember2018_FailArmy32,1,7.243,8.831,-1,-1,OOPS
falls/YouveGotBadFriends-FriendshipFailsSeptember2018_FailArmy32,2,8.831,14.12,-1,-1,OOPS
falls/YouveGotBadFriends-FriendshipFailsSeptember2018_FailArmy32,9,14.12,17.058,-1,-1,OOPS
falls/YouveGotBadFriends-FriendshipFailsSeptember2018_FailArmy32,8,17.058,22.24399,-1,-1,OOPS
