video_path,label_name,subject,cam,dataset,split_group,window_start,window_end,target_frame,obs_len,k_frames,target_fps,sample_interval,y,fall_start_frame
/data/final_project_dataset/GMDCSA24/Subject 1/Fall/05.mp4,fall,1,1,GMDCSA24,GMDCSA24:1,0,16,16,16,10,10,2.970482959557045,1,18
/data/final_project_dataset/GMDCSA24/Subject 1/Fall/06.mp4,fall,1,1,GMDCSA24,GMDCSA24:1,0,16,16,16,10,10,2.9663520890256674,1,22
/data/final_project_dataset/GMDCSA24/Subject 1/Fall/06.mp4,fall,1,1,GMDCSA24,GMDCSA24:1,2,18,18,16,10,10,2.9663520890256674,1,22
/data/final_project_dataset/GMDCSA24/Subject 1/Fall/06.mp4,fall,1,1,GMDCSA24,GMDCSA24:1,4,20,20,16,10,10,2.9663520890256674,1,22
/data/final_project_dataset/GMDCSA24/Subject 1/Fall/01.mp4,fall,1,1,GMDCSA24,GMDCSA24:1,0,16,16,16,10,10,2.956798694930231,1,23
/data/final_project_dataset/GMDCSA24/Subject 1/Fall/01.mp4,fall,1,1,GMDCSA24,GMDCSA24:1,2,18,18,16,10,10,2.956798694930231,1,23
/data/final_project_dataset/GMDCSA24/Subject 1/Fall/01.mp4,fall,1,1,GMDCSA24,GMDCSA24:1,4,20,20,16,10,10,2.956798694930231,1,23
/data/final_project_dataset/GMDCSA24/Subject 1/Fall/01.mp4,fall,1,1,GMDCSA24,GMDCSA24:1,6,22,22,16,10,10,2.956798694930231,1,23
/data/final_project_dataset/GMDCSA24/Subject 1/ADL/02.mp4,lying,1,1,GMDCSA24,GMDCSA24:1,0,16,16,16,10,10,2.9598477223124684,0,26
/data/final_project_dataset/GMDCSA24/Subject 1/ADL/12.mp4,stand_up,1,1,GMDCSA24,GMDCSA24:1,0,16,16,16,10,10,2.9742684845783725,0,26
/data/final_project_dataset/GMDCSA24/Subject 1/ADL/01.mp4,lying,1,1,GMDCSA24,GMDCSA24:1,0,16,16,16,10,10,2.9612499294940493,0,28
/data/final_project_dataset/GMDCSA24/Subject 1/ADL/01.mp4,lying,1,1,GMDCSA24,GMDCSA24:1,2,18,18,16,10,10,2.9612499294940493,0,28
/data/final_project_dataset/GMDCSA24/Subject 1/ADL/06.mp4,other,1,1,GMDCSA24,GMDCSA24:1,0,16,16,16,10,10,2.9773833381047807,0,31
/data/final_project_dataset/GMDCSA24/Subject 1/ADL/06.mp4,other,1,1,GMDCSA24,GMDCSA24:1,2,18,18,16,10,10,2.9773833381047807,0,31
/data/final_project_dataset/GMDCSA24/Subject 1/ADL/06.mp4,other,1,1,GMDCSA24,GMDCSA24:1,4,20,20,16,10,10,2.9773833381047807,0,31
/data/final_project_dataset/GMDCSA24/Subject 1/ADL/15.mp4,sit_down,1,1,GMDCSA24,GMDCSA24:1,0,16,16,16,10,10,2.9570804874533305,0,31
/data/final_project_dataset/GMDCSA24/Subject 1/ADL/15.mp4,sit_down,1,1,GMDCSA24,GMDCSA24:1,2,18,18,16,10,10,2.9570804874533305,0,31
/data/final_project_dataset/GMDCSA24/Subject 1/ADL/15.mp4,sit_down,1,1,GMDCSA24,GMDCSA24:1,4,20,20,16,10,10,2.9570804874533305,0,31
/data/final_project_dataset/GMDCSA24/Subject 1/ADL/04.mp4,sitting,1,1,GMDCSA24,GMDCSA24:1,0,16,16,16,10,10,2.9263422443323637,0,36
/data/final_project_dataset/GMDCSA24/Subject 1/ADL/04.mp4,sitting,1,1,GMDCSA24,GMDCSA24:1,2,18,18,16,10,10,2.9263422443323637,0,36
/data/final_project_dataset/GMDCSA24/Subject 1/ADL/04.mp4,sitting,1,1,GMDCSA24,GMDCSA24:1,4,20,20,16,10,10,2.9263422443323637,0,36
/data/final_project_dataset/GMDCSA24/Subject 1/ADL/04.mp4,sitting,1,1,GMDCSA24,GMDCSA24:1,6,22,22,16,10,10,2.9263422443323637,0,36
/data/final_project_dataset/GMDCSA24/Subject 1/ADL/04.mp4,sitting,1,1,GMDCSA24,GMDCSA24:1,8,24,24,16,10,10,2.9263422443323637,0,36
/data/final_project_dataset/GMDCSA24/Subject 1/ADL/04.mp4,sitting,1,1,GMDCSA24,GMDCSA24:1,10,26,26,16,10,10,2.9263422443323637,0,36
/data/final_project_dataset/GMDCSA24/Subject 1/ADL/05.mp4,other,1,1,GMDCSA24,GMDCSA24:1,0,16,16,16,10,10,2.977545137308451,0,38
/data/final_project_dataset/GMDCSA24/Subject 1/ADL/05.mp4,other,1,1,GMDCSA24,GMDCSA24:1,2,18,18,16,10,10,2.977545137308451,0,38
/data/final_project_dataset/GMDCSA24/Subject 1/ADL/05.mp4,other,1,1,GMDCSA24,GMDCSA24:1,4,20,20,16,10,10,2.977545137308451,0,38
/data/final_project_dataset/GMDCSA24/Subject 1/ADL/05.mp4,other,1,1,GMDCSA24,GMDCSA24:1,6,22,22,16,10,10,2.977545137308451,0,38
/data/final_project_dataset/GMDCSA24/Subject 1/ADL/05.mp4,other,1,1,GMDCSA24,GMDCSA24:1,8,24,24,16,10,10,2.977545137308451,0,38
/data/final_project_dataset/GMDCSA24/Subject 1/ADL/05.mp4,other,1,1,GMDCSA24,GMDCSA24:1,10,26,26,16,10,10,2.977545137308451,0,38
/data/final_project_dataset/GMDCSA24/Subject 1/ADL/05.mp4,other,1,1,GMDCSA24,GMDCSA24:1,12,28,28,16,10,10,2.977545137308451,0,38
/data/final_project_dataset/GMDCSA24/Subject 1/ADL/13.mp4,sitting,1,1,GMDCSA24,GMDCSA24:1,0,16,16,16,10,10,2.9656178634864245,0,38
/data/final_project_dataset/GMDCSA24/Subject 1/ADL/13.mp4,sitting,1,1,GMDCSA24,GMDCSA24:1,2,18,18,16,10,10,2.9656178634864245,0,38
/data/final_project_dataset/GMDCSA24/Subject 1/ADL/13.mp4,sitting,1,1,GMDCSA24,GMDCSA24:1,4,20,20,16,10,10,2.9656178634864245,0,38
/data/final_project_dataset/GMDCSA24/Subject 1/ADL/13.mp4,sitting,1,1,GMDCSA24,GMDCSA24:1,6,22,22,16,10,10,2.9656178634864245,0,38
/data/final_project_dataset/GMDCSA24/Subject 1/ADL/13.mp4,sitting,1,1,GMDCSA24,GMDCSA24:1,8,24,24,16,10,10,2.9656178634864245,0,38
/data/final_project_dataset/GMDCSA24/Subject 1/ADL/13.mp4,sitting,1,1,GMDCSA24,GMDCSA24:1,10,26,26,16,10,10,2.9656178634864245,0,38
/data/final_project_dataset/GMDCSA24/Subject 1/ADL/13.mp4,sitting,1,1,GMDCSA24,GMDCSA24:1,12,28,28,16,10,10,2.9656178634864245,0,38
/data/final_project_dataset/GMDCSA24/Subject 1/ADL/11.mp4,other,1,1,GMDCSA24,GMDCSA24:1,0,16,16,16,10,10,2.9741666249114194,0,39
/data/final_project_dataset/GMDCSA24/Subject 1/ADL/11.mp4,other,1,1,GMDCSA24,GMDCSA24:1,2,18,18,16,10,10,2.9741666249114194,0,39
/data/final_project_dataset/GMDCSA24/Subject 1/ADL/11.mp4,other,1,1,GMDCSA24,GMDCSA24:1,4,20,20,16,10,10,2.9741666249114194,0,39
/data/final_project_dataset/GMDCSA24/Subject 1/ADL/11.mp4,other,1,1,GMDCSA24,GMDCSA24:1,6,22,22,16,10,10,2.9741666249114194,0,39
/data/final_project_dataset/GMDCSA24/Subject 1/ADL/11.mp4,other,1,1,GMDCSA24,GMDCSA24:1,8,24,24,16,10,10,2.9741666249114194,0,39
/data/final_project_dataset/GMDCSA24/Subject 1/ADL/11.mp4,other,1,1,GMDCSA24,GMDCSA24:1,10,26,26,16,10,10,2.9741666249114194,0,39
/data/final_project_dataset/GMDCSA24/Subject 1/ADL/11.mp4,other,1,1,GMDCSA24,GMDCSA24:1,12,28,28,16,10,10,2.9741666249114194,0,39
/data/final_project_dataset/GMDCSA24/Subject 1/ADL/12.mp4,other,1,1,GMDCSA24,GMDCSA24:1,2,18,18,16,10,10,2.9742684845783725,0,40
/data/final_project_dataset/GMDCSA24/Subject 1/ADL/12.mp4,other,1,1,GMDCSA24,GMDCSA24:1,4,20,20,16,10,10,2.9742684845783725,0,40
/data/final_project_dataset/GMDCSA24/Subject 1/ADL/12.mp4,other,1,1,GMDCSA24,GMDCSA24:1,6,22,22,16,10,10,2.9742684845783725,0,40
/data/final_project_dataset/GMDCSA24/Subject 1/ADL/12.mp4,other,1,1,GMDCSA24,GMDCSA24:1,8,24,24,16,10,10,2.9742684845783725,0,40
/data/final_project_dataset/GMDCSA24/Subject 1/ADL/12.mp4,other,1,1,GMDCSA24,GMDCSA24:1,10,26,26,16,10,10,2.9742684845783725,0,40
/data/final_project_dataset/GMDCSA24/Subject 1/ADL/12.mp4,other,1,1,GMDCSA24,GMDCSA24:1,12,28,28,16,10,10,2.9742684845783725,0,40
/data/final_project_dataset/GMDCSA24/Subject 1/ADL/12.mp4,other,1,1,GMDCSA24,GMDCSA24:1,14,30,30,16,10,10,2.9742684845783725,0,40
/data/final_project_dataset/GMDCSA24/Subject 1/ADL/14.mp4,standing,1,1,GMDCSA24,GMDCSA24:1,0,16,16,16,10,10,2.953394411881864,0,42
/data/final_project_dataset/GMDCSA24/Subject 1/ADL/14.mp4,standing,1,1,GMDCSA24,GMDCSA24:1,2,18,18,16,10,10,2.953394411881864,0,42
/data/final_project_dataset/GMDCSA24/Subject 1/ADL/14.mp4,standing,1,1,GMDCSA24,GMDCSA24:1,4,20,20,16,10,10,2.953394411881864,0,42
/data/final_project_dataset/GMDCSA24/Subject 1/ADL/14.mp4,standing,1,1,GMDCSA24,GMDCSA24:1,6,22,22,16,10,10,2.953394411881864,0,42
/data/final_project_dataset/GMDCSA24/Subject 1/ADL/14.mp4,standing,1,1,GMDCSA24,GMDCSA24:1,8,24,24,16,10,10,2.953394411881864,0,42
/data/final_project_dataset/GMDCSA24/Subject 1/ADL/14.mp4,standing,1,1,GMDCSA24,GMDCSA24:1,10,26,26,16,10,10,2.953394411881864,0,42
/data/final_project_dataset/GMDCSA24/Subject 1/ADL/14.mp4,standing,1,1,GMDCSA24,GMDCSA24:1,12,28,28,16,10,10,2.953394411881864,0,42
/data/final_project_dataset/GMDCSA24/Subject 1/ADL/14.mp4,standing,1,1,GMDCSA24,GMDCSA24:1,14,30,30,16,10,10,2.953394411881864,0,42
/data/final_project_dataset/GMDCSA24/Subject 1/ADL/14.mp4,standing,1,1,GMDCSA24,GMDCSA24:1,16,32,32,16,10,10,2.953394411881864,0,42
/data/final_project_dataset/GMDCSA24/Subject 1/ADL/15.mp4,sitting,1,1,GMDCSA24,GMDCSA24:1,6,22,22,16,10,10,2.9570804874533305,0,47
/data/final_project_dataset/GMDCSA24/Subject 1/ADL/15.mp4,sitting,1,1,GMDCSA24,GMDCSA24:1,8,24,24,16,10,10,2.9570804874533305,0,47
/data/final_project_dataset/GMDCSA24/Subject 1/ADL/15.mp4,sitting,1,1,GMDCSA24,GMDCSA24:1,10,26,26,16,10,10,2.9570804874533305,0,47
/data/final_project_dataset/GMDCSA24/Subject 1/ADL/15.mp4,sitting,1,1,GMDCSA24,GMDCSA24:1,12,28,28,16,10,10,2.9570804874533305,0,47
/data/final_project_dataset/GMDCSA24/Subject 1/ADL/15.mp4,sitting,1,1,GMDCSA24,GMDCSA24:1,14,30,30,16,10,10,2.9570804874533305,0,47
/data/final_project_dataset/GMDCSA24/Subject 1/ADL/15.mp4,sitting,1,1,GMDCSA24,GMDCSA24:1,16,32,32,16,10,10,2.9570804874533305,0,47
/data/final_project_dataset/GMDCSA24/Subject 1/ADL/15.mp4,sitting,1,1,GMDCSA24,GMDCSA24:1,18,34,34,16,10,10,2.9570804874533305,0,47
/data/final_project_dataset/GMDCSA24/Subject 1/ADL/15.mp4,sitting,1,1,GMDCSA24,GMDCSA24:1,20,36,36,16,10,10,2.9570804874533305,0,47
/data/final_project_dataset/GMDCSA24/Subject 1/ADL/12.mp4,walk,1,1,GMDCSA24,GMDCSA24:1,16,32,32,16,10,10,2.9742684845783725,0,53
/data/final_project_dataset/GMDCSA24/Subject 1/ADL/12.mp4,walk,1,1,GMDCSA24,GMDCSA24:1,18,34,34,16,10,10,2.9742684845783725,0,53
/data/final_project_dataset/GMDCSA24/Subject 1/ADL/12.mp4,walk,1,1,GMDCSA24,GMDCSA24:1,20,36,36,16,10,10,2.9742684845783725,0,53
/data/final_project_dataset/GMDCSA24/Subject 1/ADL/12.mp4,walk,1,1,GMDCSA24,GMDCSA24:1,22,38,38,16,10,10,2.9742684845783725,0,53
/data/final_project_dataset/GMDCSA24/Subject 1/ADL/12.mp4,walk,1,1,GMDCSA24,GMDCSA24:1,24,40,40,16,10,10,2.9742684845783725,0,53
/data/final_project_dataset/GMDCSA24/Subject 1/ADL/12.mp4,walk,1,1,GMDCSA24,GMDCSA24:1,26,42,42,16,10,10,2.9742684845783725,0,53
/data/final_project_dataset/GMDCSA24/Subject 2/Fall/10.mp4,fall,2,1,GMDCSA24,GMDCSA24:2,0,16,16,16,10,10,1.499438832772166,1,17
/data/final_project_dataset/GMDCSA24/Subject 2/Fall/07.mp4,fall,2,1,GMDCSA24,GMDCSA24:2,0,16,16,16,10,10,2.981404867419502,1,18
/data/final_project_dataset/GMDCSA24/Subject 2/Fall/13.mp4,fall,2,1,GMDCSA24,GMDCSA24:2,0,16,16,16,10,10,1.4950539568345325,1,17
/data/final_project_dataset/GMDCSA24/Subject 2/Fall/06.mp4,fall,2,1,GMDCSA24,GMDCSA24:2,0,16,16,16,10,10,2.9864225531347173,1,19
/data/final_project_dataset/GMDCSA24/Subject 2/Fall/06.mp4,fall,2,1,GMDCSA24,GMDCSA24:2,2,18,18,16,10,10,2.9864225531347173,1,19
/data/final_project_dataset/GMDCSA24/Subject 2/Fall/17.mp4,fall,2,1,GMDCSA24,GMDCSA24:2,0,16,16,16,10,10,2.985825026549217,1,21
/data/final_project_dataset/GMDCSA24/Subject 2/Fall/17.mp4,fall,2,1,GMDCSA24,GMDCSA24:2,2,18,18,16,10,10,2.985825026549217,1,21
/data/final_project_dataset/GMDCSA24/Subject 2/Fall/17.mp4,fall,2,1,GMDCSA24,GMDCSA24:2,4,20,20,16,10,10,2.985825026549217,1,21
/data/final_project_dataset/GMDCSA24/Subject 2/Fall/25.mp4,fall,2,1,GMDCSA24,GMDCSA24:2,0,16,16,16,10,10,2.9871606900615246,1,25
/data/final_project_dataset/GMDCSA24/Subject 2/Fall/25.mp4,fall,2,1,GMDCSA24,GMDCSA24:2,2,18,18,16,10,10,2.9871606900615246,1,25
/data/final_project_dataset/GMDCSA24/Subject 2/Fall/25.mp4,fall,2,1,GMDCSA24,GMDCSA24:2,4,20,20,16,10,10,2.9871606900615246,1,25
/data/final_project_dataset/GMDCSA24/Subject 2/Fall/25.mp4,fall,2,1,GMDCSA24,GMDCSA24:2,6,22,22,16,10,10,2.9871606900615246,1,25
/data/final_project_dataset/GMDCSA24/Subject 2/Fall/25.mp4,fall,2,1,GMDCSA24,GMDCSA24:2,8,24,24,16,10,10,2.9871606900615246,1,25
/data/final_project_dataset/GMDCSA24/Subject 2/ADL/13.mp4,sitting,2,1,GMDCSA24,GMDCSA24:2,0,16,16,16,10,10,2.9907390219252106,0,26
/data/final_project_dataset/GMDCSA24/Subject 2/Fall/02.mp4,fall,2,1,GMDCSA24,GMDCSA24:2,0,16,16,16,10,10,2.9829898554670393,1,26
/data/final_project_dataset/GMDCSA24/Subject 2/Fall/02.mp4,fall,2,1,GMDCSA24,GMDCSA24:2,2,18,18,16,10,10,2.9829898554670393,1,26
/data/final_project_dataset/GMDCSA24/Subject 2/Fall/02.mp4,fall,2,1,GMDCSA24,GMDCSA24:2,4,20,20,16,10,10,2.9829898554670393,1,26
/data/final_project_dataset/GMDCSA24/Subject 2/Fall/02.mp4,fall,2,1,GMDCSA24,GMDCSA24:2,6,22,22,16,10,10,2.9829898554670393,1,26
/data/final_project_dataset/GMDCSA24/Subject 2/Fall/02.mp4,fall,2,1,GMDCSA24,GMDCSA24:2,8,24,24,16,10,10,2.9829898554670393,1,26
/data/final_project_dataset/GMDCSA24/Subject 2/Fall/08.mp4,fall,2,1,GMDCSA24,GMDCSA24:2,0,16,16,16,10,10,2.9846644313747044,1,26
/data/final_project_dataset/GMDCSA24/Subject 2/Fall/08.mp4,fall,2,1,GMDCSA24,GMDCSA24:2,2,18,18,16,10,10,2.9846644313747044,1,26
/data/final_project_dataset/GMDCSA24/Subject 2/Fall/08.mp4,fall,2,1,GMDCSA24,GMDCSA24:2,4,20,20,16,10,10,2.9846644313747044,1,26
/data/final_project_dataset/GMDCSA24/Subject 2/Fall/08.mp4,fall,2,1,GMDCSA24,GMDCSA24:2,6,22,22,16,10,10,2.9846644313747044,1,26
/data/final_project_dataset/GMDCSA24/Subject 2/Fall/08.mp4,fall,2,1,GMDCSA24,GMDCSA24:2,8,24,24,16,10,10,2.9846644313747044,1,26
/data/final_project_dataset/GMDCSA24/Subject 2/ADL/19.mp4,other,2,1,GMDCSA24,GMDCSA24:2,0,16,16,16,10,10,1.500520768972761,0,27
/data/final_project_dataset/GMDCSA24/Subject 2/Fall/04.mp4,fall,2,1,GMDCSA24,GMDCSA24:2,0,16,16,16,10,10,2.987374669021741,0,29
/data/final_project_dataset/GMDCSA24/Subject 2/Fall/04.mp4,fall,2,1,GMDCSA24,GMDCSA24:2,2,18,18,16,10,10,2.987374669021741,0,29
/data/final_project_dataset/GMDCSA24/Subject 2/Fall/04.mp4,fall,2,1,GMDCSA24,GMDCSA24:2,4,20,20,16,10,10,2.987374669021741,1,29
/data/final_project_dataset/GMDCSA24/Subject 2/Fall/04.mp4,fall,2,1,GMDCSA24,GMDCSA24:2,6,22,22,16,10,10,2.987374669021741,1,29
/data/final_project_dataset/GMDCSA24/Subject 2/Fall/04.mp4,fall,2,1,GMDCSA24,GMDCSA24:2,8,24,24,16,10,10,2.987374669021741,1,29
/data/final_project_dataset/GMDCSA24/Subject 2/Fall/04.mp4,fall,2,1,GMDCSA24,GMDCSA24:2,10,26,26,16,10,10,2.987374669021741,1,29
/data/final_project_dataset/GMDCSA24/Subject 2/Fall/04.mp4,fall,2,1,GMDCSA24,GMDCSA24:2,12,28,28,16,10,10,2.987374669021741,1,29
/data/final_project_dataset/GMDCSA24/Subject 2/ADL/09.mp4,sit_down,2,1,GMDCSA24,GMDCSA24:2,0,16,16,16,10,10,2.983449609809801,0,31
/data/final_project_dataset/GMDCSA24/Subject 2/ADL/09.mp4,sit_down,2,1,GMDCSA24,GMDCSA24:2,2,18,18,16,10,10,2.983449609809801,0,31
/data/final_project_dataset/GMDCSA24/Subject 2/ADL/09.mp4,sit_down,2,1,GMDCSA24,GMDCSA24:2,4,20,20,16,10,10,2.983449609809801,0,31
/data/final_project_dataset/GMDCSA24/Subject 2/Fall/14.mp4,fall,2,1,GMDCSA24,GMDCSA24:2,0,16,16,16,10,10,1.4998080602780002,0,31
/data/final_project_dataset/GMDCSA24/Subject 2/Fall/14.mp4,fall,2,1,GMDCSA24,GMDCSA24:2,2,18,18,16,10,10,1.4998080602780002,0,31
/data/final_project_dataset/GMDCSA24/Subject 2/Fall/14.mp4,fall,2,1,GMDCSA24,GMDCSA24:2,4,20,20,16,10,10,1.4998080602780002,0,31
/data/final_project_dataset/GMDCSA24/Subject 2/Fall/14.mp4,fall,2,1,GMDCSA24,GMDCSA24:2,6,22,22,16,10,10,1.4998080602780002,1,31
/data/final_project_dataset/GMDCSA24/Subject 2/Fall/14.mp4,fall,2,1,GMDCSA24,GMDCSA24:2,8,24,24,16,10,10,1.4998080602780002,1,31
/data/final_project_dataset/GMDCSA24/Subject 2/Fall/14.mp4,fall,2,1,GMDCSA24,GMDCSA24:2,10,26,26,16,10,10,1.4998080602780002,1,31
/data/final_project_dataset/GMDCSA24/Subject 2/Fall/14.mp4,fall,2,1,GMDCSA24,GMDCSA24:2,12,28,28,16,10,10,1.4998080602780002,1,31
/data/final_project_dataset/GMDCSA24/Subject 2/Fall/14.mp4,fall,2,1,GMDCSA24,GMDCSA24:2,14,30,30,16,10,10,1.4998080602780002,1,31
/data/final_project_dataset/GMDCSA24/Subject 2/ADL/14.mp4,sit_down,2,1,GMDCSA24,GMDCSA24:2,0,16,16,16,10,10,1.5012344488088096,0,33
/data/final_project_dataset/GMDCSA24/Subject 2/ADL/14.mp4,sit_down,2,1,GMDCSA24,GMDCSA24:2,2,18,18,16,10,10,1.5012344488088096,0,33
/data/final_project_dataset/GMDCSA24/Subject 2/ADL/14.mp4,sit_down,2,1,GMDCSA24,GMDCSA24:2,4,20,20,16,10,10,1.5012344488088096,0,33
/data/final_project_dataset/GMDCSA24/Subject 2/ADL/14.mp4,sit_down,2,1,GMDCSA24,GMDCSA24:2,6,22,22,16,10,10,1.5012344488088096,0,33
/data/final_project_dataset/GMDCSA24/Subject 2/Fall/23.mp4,fall,2,1,GMDCSA24,GMDCSA24:2,0,16,16,16,10,10,2.9849426227695846,0,32
/data/final_project_dataset/GMDCSA24/Subject 2/Fall/23.mp4,fall,2,1,GMDCSA24,GMDCSA24:2,2,18,18,16,10,10,2.9849426227695846,0,32
/data/final_project_dataset/GMDCSA24/Subject 2/Fall/23.mp4,fall,2,1,GMDCSA24,GMDCSA24:2,4,20,20,16,10,10,2.9849426227695846,0,32
/data/final_project_dataset/GMDCSA24/Subject 2/Fall/23.mp4,fall,2,1,GMDCSA24,GMDCSA24:2,6,22,22,16,10,10,2.9849426227695846,1,32
/data/final_project_dataset/GMDCSA24/Subject 2/Fall/23.mp4,fall,2,1,GMDCSA24,GMDCSA24:2,8,24,24,16,10,10,2.9849426227695846,1,32
/data/final_project_dataset/GMDCSA24/Subject 2/Fall/23.mp4,fall,2,1,GMDCSA24,GMDCSA24:2,10,26,26,16,10,10,2.9849426227695846,1,32
/data/final_project_dataset/GMDCSA24/Subject 2/Fall/23.mp4,fall,2,1,GMDCSA24,GMDCSA24:2,12,28,28,16,10,10,2.9849426227695846,1,32
/data/final_project_dataset/GMDCSA24/Subject 2/Fall/23.mp4,fall,2,1,GMDCSA24,GMDCSA24:2,14,30,30,16,10,10,2.9849426227695846,1,32
/data/final_project_dataset/GMDCSA24/Subject 2/Fall/24.mp4,fall,2,1,GMDCSA24,GMDCSA24:2,0,16,16,16,10,10,2.9843218023622375,0,33
/data/final_project_dataset/GMDCSA24/Subject 2/Fall/24.mp4,fall,2,1,GMDCSA24,GMDCSA24:2,2,18,18,16,10,10,2.9843218023622375,0,33
/data/final_project_dataset/GMDCSA24/Subject 2/Fall/24.mp4,fall,2,1,GMDCSA24,GMDCSA24:2,4,20,20,16,10,10,2.9843218023622375,0,33
/data/final_project_dataset/GMDCSA24/Subject 2/Fall/24.mp4,fall,2,1,GMDCSA24,GMDCSA24:2,6,22,22,16,10,10,2.9843218023622375,0,33
/data/final_project_dataset/GMDCSA24/Subject 2/Fall/24.mp4,fall,2,1,GMDCSA24,GMDCSA24:2,8,24,24,16,10,10,2.9843218023622375,1,33
/data/final_project_dataset/GMDCSA24/Subject 2/Fall/24.mp4,fall,2,1,GMDCSA24,GMDCSA24:2,10,26,26,16,10,10,2.9843218023622375,1,33
/data/final_project_dataset/GMDCSA24/Subject 2/Fall/24.mp4,fall,2,1,GMDCSA24,GMDCSA24:2,12,28,28,16,10,10,2.9843218023622375,1,33
/data/final_project_dataset/GMDCSA24/Subject 2/Fall/24.mp4,fall,2,1,GMDCSA24,GMDCSA24:2,14,30,30,16,10,10,2.9843218023622375,1,33
/data/final_project_dataset/GMDCSA24/Subject 2/Fall/24.mp4,fall,2,1,GMDCSA24,GMDCSA24:2,16,32,32,16,10,10,2.9843218023622375,1,33
/data/final_project_dataset/GMDCSA24/Subject 2/ADL/20.mp4,sit_down,2,1,GMDCSA24,GMDCSA24:2,0,16,16,16,10,10,1.5001628748264098,0,33
/data/final_project_dataset/GMDCSA24/Subject 2/ADL/20.mp4,sit_down,2,1,GMDCSA24,GMDCSA24:2,2,18,18,16,10,10,1.5001628748264098,0,33
/data/final_project_dataset/GMDCSA24/Subject 2/ADL/20.mp4,sit_down,2,1,GMDCSA24,GMDCSA24:2,4,20,20,16,10,10,1.5001628748264098,0,33
/data/final_project_dataset/GMDCSA24/Subject 2/ADL/20.mp4,sit_down,2,1,GMDCSA24,GMDCSA24:2,6,22,22,16,10,10,1.5001628748264098,0,33
/data/final_project_dataset/GMDCSA24/Subject 2/Fall/11.mp4,other,2,1,GMDCSA24,GMDCSA24:2,0,16,16,16,10,10,1.5009439899307742,0,37
/data/final_project_dataset/GMDCSA24/Subject 2/Fall/11.mp4,other,2,1,GMDCSA24,GMDCSA24:2,2,18,18,16,10,10,1.5009439899307742,0,37
/data/final_project_dataset/GMDCSA24/Subject 2/Fall/11.mp4,other,2,1,GMDCSA24,GMDCSA24:2,4,20,20,16,10,10,1.5009439899307742,0,37
/data/final_project_dataset/GMDCSA24/Subject 2/Fall/11.mp4,other,2,1,GMDCSA24,GMDCSA24:2,6,22,22,16,10,10,1.5009439899307742,0,37
/data/final_project_dataset/GMDCSA24/Subject 2/Fall/11.mp4,other,2,1,GMDCSA24,GMDCSA24:2,8,24,24,16,10,10,1.5009439899307742,0,37
/data/final_project_dataset/GMDCSA24/Subject 2/Fall/11.mp4,other,2,1,GMDCSA24,GMDCSA24:2,10,26,26,16,10,10,1.5009439899307742,0,37
/data/final_project_dataset/GMDCSA24/Subject 2/ADL/11.mp4,walk,2,1,GMDCSA24,GMDCSA24:2,0,16,16,16,10,10,2.984387048961974,0,40
/data/final_project_dataset/GMDCSA24/Subject 2/ADL/11.mp4,walk,2,1,GMDCSA24,GMDCSA24:2,2,18,18,16,10,10,2.984387048961974,0,40
/data/final_project_dataset/GMDCSA24/Subject 2/ADL/11.mp4,walk,2,1,GMDCSA24,GMDCSA24:2,4,20,20,16,10,10,2.984387048961974,0,40
/data/final_project_dataset/GMDCSA24/Subject 2/ADL/11.mp4,walk,2,1,GMDCSA24,GMDCSA24:2,6,22,22,16,10,10,2.984387048961974,0,40
/data/final_project_dataset/GMDCSA24/Subject 2/ADL/11.mp4,walk,2,1,GMDCSA24,GMDCSA24:2,8,24,24,16,10,10,2.984387048961974,0,40
/data/final_project_dataset/GMDCSA24/Subject 2/ADL/11.mp4,walk,2,1,GMDCSA24,GMDCSA24:2,10,26,26,16,10,10,2.984387048961974,0,40
/data/final_project_dataset/GMDCSA24/Subject 2/ADL/11.mp4,walk,2,1,GMDCSA24,GMDCSA24:2,12,28,28,16,10,10,2.984387048961974,0,40
/data/final_project_dataset/GMDCSA24/Subject 2/ADL/11.mp4,walk,2,1,GMDCSA24,GMDCSA24:2,14,30,30,16,10,10,2.984387048961974,0,40
/data/final_project_dataset/GMDCSA24/Subject 2/ADL/17.mp4,walk,2,1,GMDCSA24,GMDCSA24:2,0,16,16,16,10,10,1.5001414419073797,0,41
/data/final_project_dataset/GMDCSA24/Subject 2/ADL/17.mp4,walk,2,1,GMDCSA24,GMDCSA24:2,2,18,18,16,10,10,1.5001414419073797,0,41
/data/final_project_dataset/GMDCSA24/Subject 2/ADL/17.mp4,walk,2,1,GMDCSA24,GMDCSA24:2,4,20,20,16,10,10,1.5001414419073797,0,41
/data/final_project_dataset/GMDCSA24/Subject 2/ADL/17.mp4,walk,2,1,GMDCSA24,GMDCSA24:2,6,22,22,16,10,10,1.5001414419073797,0,41
/data/final_project_dataset/GMDCSA24/Subject 2/ADL/17.mp4,walk,2,1,GMDCSA24,GMDCSA24:2,8,24,24,16,10,10,1.5001414419073797,0,41
/data/final_project_dataset/GMDCSA24/Subject 2/ADL/17.mp4,walk,2,1,GMDCSA24,GMDCSA24:2,10,26,26,16,10,10,1.5001414419073797,0,41
/data/final_project_dataset/GMDCSA24/Subject 2/ADL/17.mp4,walk,2,1,GMDCSA24,GMDCSA24:2,12,28,28,16,10,10,1.5001414419073797,0,41
/data/final_project_dataset/GMDCSA24/Subject 2/ADL/17.mp4,walk,2,1,GMDCSA24,GMDCSA24:2,14,30,30,16,10,10,1.5001414419073797,0,41
/data/final_project_dataset/GMDCSA24/Subject 2/ADL/05.mp4,walk,2,1,GMDCSA24,GMDCSA24:2,0,16,16,16,10,10,2.9858932720336737,0,43
/data/final_project_dataset/GMDCSA24/Subject 2/ADL/05.mp4,walk,2,1,GMDCSA24,GMDCSA24:2,2,18,18,16,10,10,2.9858932720336737,0,43
/data/final_project_dataset/GMDCSA24/Subject 2/ADL/05.mp4,walk,2,1,GMDCSA24,GMDCSA24:2,4,20,20,16,10,10,2.9858932720336737,0,43
/data/final_project_dataset/GMDCSA24/Subject 2/ADL/05.mp4,walk,2,1,GMDCSA24,GMDCSA24:2,6,22,22,16,10,10,2.9858932720336737,0,43
/data/final_project_dataset/GMDCSA24/Subject 2/ADL/05.mp4,walk,2,1,GMDCSA24,GMDCSA24:2,8,24,24,16,10,10,2.9858932720336737,0,43
/data/final_project_dataset/GMDCSA24/Subject 2/ADL/05.mp4,walk,2,1,GMDCSA24,GMDCSA24:2,10,26,26,16,10,10,2.9858932720336737,0,43
/data/final_project_dataset/GMDCSA24/Subject 2/ADL/05.mp4,walk,2,1,GMDCSA24,GMDCSA24:2,12,28,28,16,10,10,2.9858932720336737,0,43
/data/final_project_dataset/GMDCSA24/Subject 2/ADL/05.mp4,walk,2,1,GMDCSA24,GMDCSA24:2,14,30,30,16,10,10,2.9858932720336737,0,43
/data/final_project_dataset/GMDCSA24/Subject 2/ADL/05.mp4,walk,2,1,GMDCSA24,GMDCSA24:2,16,32,32,16,10,10,2.9858932720336737,0,43
/data/final_project_dataset/GMDCSA24/Subject 2/ADL/03.mp4,sit_down,2,1,GMDCSA24,GMDCSA24:2,0,16,16,16,10,10,2.982240589746454,0,46
/data/final_project_dataset/GMDCSA24/Subject 2/ADL/03.mp4,sit_down,2,1,GMDCSA24,GMDCSA24:2,2,18,18,16,10,10,2.982240589746454,0,46
/data/final_project_dataset/GMDCSA24/Subject 2/ADL/03.mp4,sit_down,2,1,GMDCSA24,GMDCSA24:2,4,20,20,16,10,10,2.982240589746454,0,46
/data/final_project_dataset/GMDCSA24/Subject 2/ADL/03.mp4,sit_down,2,1,GMDCSA24,GMDCSA24:2,6,22,22,16,10,10,2.982240589746454,0,46
/data/final_project_dataset/GMDCSA24/Subject 2/ADL/03.mp4,sit_down,2,1,GMDCSA24,GMDCSA24:2,8,24,24,16,10,10,2.982240589746454,0,46
/data/final_project_dataset/GMDCSA24/Subject 2/ADL/03.mp4,sit_down,2,1,GMDCSA24,GMDCSA24:2,10,26,26,16,10,10,2.982240589746454,0,46
/data/final_project_dataset/GMDCSA24/Subject 2/ADL/03.mp4,sit_down,2,1,GMDCSA24,GMDCSA24:2,12,28,28,16,10,10,2.982240589746454,0,46
/data/final_project_dataset/GMDCSA24/Subject 2/ADL/03.mp4,sit_down,2,1,GMDCSA24,GMDCSA24:2,14,30,30,16,10,10,2.982240589746454,0,46
/data/final_project_dataset/GMDCSA24/Subject 2/ADL/03.mp4,sit_down,2,1,GMDCSA24,GMDCSA24:2,16,32,32,16,10,10,2.982240589746454,0,46
/data/final_project_dataset/GMDCSA24/Subject 2/ADL/03.mp4,sit_down,2,1,GMDCSA24,GMDCSA24:2,18,34,34,16,10,10,2.982240589746454,0,46
/data/final_project_dataset/GMDCSA24/Subject 2/ADL/03.mp4,sit_down,2,1,GMDCSA24,GMDCSA24:2,20,36,36,16,10,10,2.982240589746454,0,46
/data/final_project_dataset/GMDCSA24/Subject 2/ADL/10.mp4,other,2,1,GMDCSA24,GMDCSA24:2,0,16,16,16,10,10,2.986244775172766,0,48
/data/final_project_dataset/GMDCSA24/Subject 2/ADL/10.mp4,other,2,1,GMDCSA24,GMDCSA24:2,2,18,18,16,10,10,2.986244775172766,0,48
/data/final_project_dataset/GMDCSA24/Subject 2/ADL/10.mp4,other,2,1,GMDCSA24,GMDCSA24:2,4,20,20,16,10,10,2.986244775172766,0,48
/data/final_project_dataset/GMDCSA24/Subject 2/ADL/10.mp4,other,2,1,GMDCSA24,GMDCSA24:2,6,22,22,16,10,10,2.986244775172766,0,48
/data/final_project_dataset/GMDCSA24/Subject 2/ADL/10.mp4,other,2,1,GMDCSA24,GMDCSA24:2,8,24,24,16,10,10,2.986244775172766,0,48
/data/final_project_dataset/GMDCSA24/Subject 2/ADL/10.mp4,other,2,1,GMDCSA24,GMDCSA24:2,10,26,26,16,10,10,2.986244775172766,0,48
/data/final_project_dataset/GMDCSA24/Subject 2/ADL/10.mp4,other,2,1,GMDCSA24,GMDCSA24:2,12,28,28,16,10,10,2.986244775172766,0,48
/data/final_project_dataset/GMDCSA24/Subject 2/ADL/10.mp4,other,2,1,GMDCSA24,GMDCSA24:2,14,30,30,16,10,10,2.986244775172766,0,48
/data/final_project_dataset/GMDCSA24/Subject 2/ADL/10.mp4,other,2,1,GMDCSA24,GMDCSA24:2,16,32,32,16,10,10,2.986244775172766,0,48
/data/final_project_dataset/GMDCSA24/Subject 2/ADL/10.mp4,other,2,1,GMDCSA24,GMDCSA24:2,18,34,34,16,10,10,2.986244775172766,0,48
/data/final_project_dataset/GMDCSA24/Subject 2/ADL/10.mp4,other,2,1,GMDCSA24,GMDCSA24:2,20,36,36,16,10,10,2.986244775172766,0,48
/data/final_project_dataset/GMDCSA24/Subject 2/ADL/10.mp4,other,2,1,GMDCSA24,GMDCSA24:2,22,38,38,16,10,10,2.986244775172766,0,48
/data/final_project_dataset/GMDCSA24/Subject 2/Fall/21.mp4,walk,2,1,GMDCSA24,GMDCSA24:2,0,16,16,16,10,10,2.982180680105799,0,49
/data/final_project_dataset/GMDCSA24/Subject 2/Fall/21.mp4,walk,2,1,GMDCSA24,GMDCSA24:2,2,18,18,16,10,10,2.982180680105799,0,49
/data/final_project_dataset/GMDCSA24/Subject 2/Fall/21.mp4,walk,2,1,GMDCSA24,GMDCSA24:2,4,20,20,16,10,10,2.982180680105799,0,49
/data/final_project_dataset/GMDCSA24/Subject 2/Fall/21.mp4,walk,2,1,GMDCSA24,GMDCSA24:2,6,22,22,16,10,10,2.982180680105799,0,49
/data/final_project_dataset/GMDCSA24/Subject 2/Fall/21.mp4,walk,2,1,GMDCSA24,GMDCSA24:2,8,24,24,16,10,10,2.982180680105799,0,49
/data/final_project_dataset/GMDCSA24/Subject 2/Fall/21.mp4,walk,2,1,GMDCSA24,GMDCSA24:2,10,26,26,16,10,10,2.982180680105799,0,49
/data/final_project_dataset/GMDCSA24/Subject 2/Fall/21.mp4,walk,2,1,GMDCSA24,GMDCSA24:2,12,28,28,16,10,10,2.982180680105799,0,49
/data/final_project_dataset/GMDCSA24/Subject 2/Fall/21.mp4,walk,2,1,GMDCSA24,GMDCSA24:2,14,30,30,16,10,10,2.982180680105799,0,49
/data/final_project_dataset/GMDCSA24/Subject 2/Fall/21.mp4,walk,2,1,GMDCSA24,GMDCSA24:2,16,32,32,16,10,10,2.982180680105799,0,49
/data/final_project_dataset/GMDCSA24/Subject 2/Fall/21.mp4,walk,2,1,GMDCSA24,GMDCSA24:2,18,34,34,16,10,10,2.982180680105799,0,49
/data/final_project_dataset/GMDCSA24/Subject 2/Fall/21.mp4,walk,2,1,GMDCSA24,GMDCSA24:2,20,36,36,16,10,10,2.982180680105799,0,49
/data/final_project_dataset/GMDCSA24/Subject 2/Fall/21.mp4,walk,2,1,GMDCSA24,GMDCSA24:2,22,38,38,16,10,10,2.982180680105799,0,49
/data/final_project_dataset/GMDCSA24/Subject 2/ADL/06.mp4,standing,2,1,GMDCSA24,GMDCSA24:2,0,16,16,16,10,10,2.985102386222032,0,51
/data/final_project_dataset/GMDCSA24/Subject 2/ADL/06.mp4,standing,2,1,GMDCSA24,GMDCSA24:2,2,18,18,16,10,10,2.985102386222032,0,51
/data/final_project_dataset/GMDCSA24/Subject 2/ADL/06.mp4,standing,2,1,GMDCSA24,GMDCSA24:2,4,20,20,16,10,10,2.985102386222032,0,51
/data/final_project_dataset/GMDCSA24/Subject 2/ADL/06.mp4,standing,2,1,GMDCSA24,GMDCSA24:2,6,22,22,16,10,10,2.985102386222032,0,51
/data/final_project_dataset/GMDCSA24/Subject 2/ADL/06.mp4,standing,2,1,GMDCSA24,GMDCSA24:2,8,24,24,16,10,10,2.985102386222032,0,51
/data/final_project_dataset/GMDCSA24/Subject 2/ADL/06.mp4,standing,2,1,GMDCSA24,GMDCSA24:2,10,26,26,16,10,10,2.985102386222032,0,51
/data/final_project_dataset/GMDCSA24/Subject 2/ADL/06.mp4,standing,2,1,GMDCSA24,GMDCSA24:2,12,28,28,16,10,10,2.985102386222032,0,51
/data/final_project_dataset/GMDCSA24/Subject 2/ADL/06.mp4,standing,2,1,GMDCSA24,GMDCSA24:2,14,30,30,16,10,10,2.985102386222032,0,51
/data/final_project_dataset/GMDCSA24/Subject 2/ADL/06.mp4,standing,2,1,GMDCSA24,GMDCSA24:2,16,32,32,16,10,10,2.985102386222032,0,51
/data/final_project_dataset/GMDCSA24/Subject 2/ADL/06.mp4,standing,2,1,GMDCSA24,GMDCSA24:2,18,34,34,16,10,10,2.985102386222032,0,51
/data/final_project_dataset/GMDCSA24/Subject 2/ADL/06.mp4,standing,2,1,GMDCSA24,GMDCSA24:2,20,36,36,16,10,10,2.985102386222032,0,51
/data/final_project_dataset/GMDCSA24/Subject 2/ADL/06.mp4,standing,2,1,GMDCSA24,GMDCSA24:2,22,38,38,16,10,10,2.985102386222032,0,51
/data/final_project_dataset/GMDCSA24/Subject 2/ADL/06.mp4,standing,2,1,GMDCSA24,GMDCSA24:2,24,40,40,16,10,10,2.985102386222032,0,51
/data/final_project_dataset/GMDCSA24/Subject 2/Fall/11.mp4,fall,2,1,GMDCSA24,GMDCSA24:2,12,28,28,16,10,10,1.5009439899307742,0,52
/data/final_project_dataset/GMDCSA24/Subject 2/Fall/11.mp4,fall,2,1,GMDCSA24,GMDCSA24:2,14,30,30,16,10,10,1.5009439899307742,0,52
/data/final_project_dataset/GMDCSA24/Subject 2/Fall/11.mp4,fall,2,1,GMDCSA24,GMDCSA24:2,16,32,32,16,10,10,1.5009439899307742,0,52
/data/final_project_dataset/GMDCSA24/Subject 2/Fall/11.mp4,fall,2,1,GMDCSA24,GMDCSA24:2,18,34,34,16,10,10,1.5009439899307742,0,52
/data/final_project_dataset/GMDCSA24/Subject 2/Fall/11.mp4,fall,2,1,GMDCSA24,GMDCSA24:2,20,36,36,16,10,10,1.5009439899307742,0,52
/data/final_project_dataset/GMDCSA24/Subject 2/Fall/11.mp4,fall,2,1,GMDCSA24,GMDCSA24:2,22,38,38,16,10,10,1.5009439899307742,0,52
/data/final_project_dataset/GMDCSA24/Subject 2/Fall/11.mp4,fall,2,1,GMDCSA24,GMDCSA24:2,24,40,40,16,10,10,1.5009439899307742,0,52
/data/final_project_dataset/GMDCSA24/Subject 2/Fall/11.mp4,fall,2,1,GMDCSA24,GMDCSA24:2,26,42,42,16,10,10,1.5009439899307742,1,52
/data/final_project_dataset/GMDCSA24/Subject 2/Fall/11.mp4,fall,2,1,GMDCSA24,GMDCSA24:2,28,44,44,16,10,10,1.5009439899307742,1,52
/data/final_project_dataset/GMDCSA24/Subject 2/Fall/11.mp4,fall,2,1,GMDCSA24,GMDCSA24:2,30,46,46,16,10,10,1.5009439899307742,1,52
/data/final_project_dataset/GMDCSA24/Subject 2/Fall/11.mp4,fall,2,1,GMDCSA24,GMDCSA24:2,32,48,48,16,10,10,1.5009439899307742,1,52
/data/final_project_dataset/GMDCSA24/Subject 2/Fall/11.mp4,fall,2,1,GMDCSA24,GMDCSA24:2,34,50,50,16,10,10,1.5009439899307742,1,52
/data/final_project_dataset/GMDCSA24/Subject 2/ADL/12.mp4,lying,2,1,GMDCSA24,GMDCSA24:2,0,16,16,16,10,10,2.986239618322619,0,55
/data/final_project_dataset/GMDCSA24/Subject 2/ADL/12.mp4,lying,2,1,GMDCSA24,GMDCSA24:2,2,18,18,16,10,10,2.986239618322619,0,55
/data/final_project_dataset/GMDCSA24/Subject 2/ADL/12.mp4,lying,2,1,GMDCSA24,GMDCSA24:2,4,20,20,16,10,10,2.986239618322619,0,55
/data/final_project_dataset/GMDCSA24/Subject 2/ADL/12.mp4,lying,2,1,GMDCSA24,GMDCSA24:2,6,22,22,16,10,10,2.986239618322619,0,55
/data/final_project_dataset/GMDCSA24/Subject 2/ADL/12.mp4,lying,2,1,GMDCSA24,GMDCSA24:2,8,24,24,16,10,10,2.986239618322619,0,55
/data/final_project_dataset/GMDCSA24/Subject 2/ADL/12.mp4,lying,2,1,GMDCSA24,GMDCSA24:2,10,26,26,16,10,10,2.986239618322619,0,55
/data/final_project_dataset/GMDCSA24/Subject 2/ADL/12.mp4,lying,2,1,GMDCSA24,GMDCSA24:2,12,28,28,16,10,10,2.986239618322619,0,55
/data/final_project_dataset/GMDCSA24/Subject 2/ADL/12.mp4,lying,2,1,GMDCSA24,GMDCSA24:2,14,30,30,16,10,10,2.986239618322619,0,55
/data/final_project_dataset/GMDCSA24/Subject 2/ADL/12.mp4,lying,2,1,GMDCSA24,GMDCSA24:2,16,32,32,16,10,10,2.986239618322619,0,55
/data/final_project_dataset/GMDCSA24/Subject 2/ADL/12.mp4,lying,2,1,GMDCSA24,GMDCSA24:2,18,34,34,16,10,10,2.986239618322619,0,55
/data/final_project_dataset/GMDCSA24/Subject 2/ADL/12.mp4,lying,2,1,GMDCSA24,GMDCSA24:2,20,36,36,16,10,10,2.986239618322619,0,55
/data/final_project_dataset/GMDCSA24/Subject 2/ADL/12.mp4,lying,2,1,GMDCSA24,GMDCSA24:2,22,38,38,16,10,10,2.986239618322619,0,55
/data/final_project_dataset/GMDCSA24/Subject 2/ADL/12.mp4,lying,2,1,GMDCSA24,GMDCSA24:2,24,40,40,16,10,10,2.986239618322619,0,55
/data/final_project_dataset/GMDCSA24/Subject 2/ADL/12.mp4,lying,2,1,GMDCSA24,GMDCSA24:2,26,42,42,16,10,10,2.986239618322619,0,55
/data/final_project_dataset/GMDCSA24/Subject 2/ADL/12.mp4,lying,2,1,GMDCSA24,GMDCSA24:2,28,44,44,16,10,10,2.986239618322619,0,55
/data/final_project_dataset/GMDCSA24/Subject 2/Fall/19.mp4,standing,2,1,GMDCSA24,GMDCSA24:2,0,16,16,16,10,10,2.9829975581942234,0,56
/data/final_project_dataset/GMDCSA24/Subject 2/Fall/19.mp4,standing,2,1,GMDCSA24,GMDCSA24:2,2,18,18,16,10,10,2.9829975581942234,0,56
/data/final_project_dataset/GMDCSA24/Subject 2/Fall/19.mp4,standing,2,1,GMDCSA24,GMDCSA24:2,4,20,20,16,10,10,2.9829975581942234,0,56
/data/final_project_dataset/GMDCSA24/Subject 2/Fall/19.mp4,standing,2,1,GMDCSA24,GMDCSA24:2,6,22,22,16,10,10,2.9829975581942234,0,56
/data/final_project_dataset/GMDCSA24/Subject 2/Fall/19.mp4,standing,2,1,GMDCSA24,GMDCSA24:2,8,24,24,16,10,10,2.9829975581942234,0,56
/data/final_project_dataset/GMDCSA24/Subject 2/Fall/19.mp4,standing,2,1,GMDCSA24,GMDCSA24:2,10,26,26,16,10,10,2.9829975581942234,0,56
/data/final_project_dataset/GMDCSA24/Subject 2/Fall/19.mp4,standing,2,1,GMDCSA24,GMDCSA24:2,12,28,28,16,10,10,2.9829975581942234,0,56
/data/final_project_dataset/GMDCSA24/Subject 2/Fall/19.mp4,standing,2,1,GMDCSA24,GMDCSA24:2,14,30,30,16,10,10,2.9829975581942234,0,56
/data/final_project_dataset/GMDCSA24/Subject 2/Fall/19.mp4,standing,2,1,GMDCSA24,GMDCSA24:2,16,32,32,16,10,10,2.9829975581942234,0,56
/data/final_project_dataset/GMDCSA24/Subject 2/Fall/19.mp4,standing,2,1,GMDCSA24,GMDCSA24:2,18,34,34,16,10,10,2.9829975581942234,0,56
/data/final_project_dataset/GMDCSA24/Subject 2/Fall/19.mp4,standing,2,1,GMDCSA24,GMDCSA24:2,20,36,36,16,10,10,2.9829975581942234,0,56
/data/final_project_dataset/GMDCSA24/Subject 2/Fall/19.mp4,standing,2,1,GMDCSA24,GMDCSA24:2,22,38,38,16,10,10,2.9829975581942234,0,56
/data/final_project_dataset/GMDCSA24/Subject 2/Fall/19.mp4,standing,2,1,GMDCSA24,GMDCSA24:2,24,40,40,16,10,10,2.9829975581942234,0,56
/data/final_project_dataset/GMDCSA24/Subject 2/Fall/19.mp4,standing,2,1,GMDCSA24,GMDCSA24:2,26,42,42,16,10,10,2.9829975581942234,0,56
/data/final_project_dataset/GMDCSA24/Subject 2/Fall/19.mp4,standing,2,1,GMDCSA24,GMDCSA24:2,28,44,44,16,10,10,2.9829975581942234,0,56
/data/final_project_dataset/GMDCSA24/Subject 2/Fall/19.mp4,standing,2,1,GMDCSA24,GMDCSA24:2,30,46,46,16,10,10,2.9829975581942234,0,56
/data/final_project_dataset/GMDCSA24/Subject 2/ADL/05.mp4,other,2,1,GMDCSA24,GMDCSA24:2,18,34,34,16,10,10,2.9858932720336737,0,57
/data/final_project_dataset/GMDCSA24/Subject 2/ADL/05.mp4,other,2,1,GMDCSA24,GMDCSA24:2,20,36,36,16,10,10,2.9858932720336737,0,57
/data/final_project_dataset/GMDCSA24/Subject 2/ADL/05.mp4,other,2,1,GMDCSA24,GMDCSA24:2,22,38,38,16,10,10,2.9858932720336737,0,57
/data/final_project_dataset/GMDCSA24/Subject 2/ADL/05.mp4,other,2,1,GMDCSA24,GMDCSA24:2,24,40,40,16,10,10,2.9858932720336737,0,57
/data/final_project_dataset/GMDCSA24/Subject 2/ADL/05.mp4,other,2,1,GMDCSA24,GMDCSA24:2,26,42,42,16,10,10,2.9858932720336737,0,57
/data/final_project_dataset/GMDCSA24/Subject 2/ADL/05.mp4,other,2,1,GMDCSA24,GMDCSA24:2,28,44,44,16,10,10,2.9858932720336737,0,57
/data/final_project_dataset/GMDCSA24/Subject 2/ADL/05.mp4,other,2,1,GMDCSA24,GMDCSA24:2,30,46,46,16,10,10,2.9858932720336737,0,57
/data/final_project_dataset/GMDCSA24/Subject 2/ADL/01.mp4,stand_up,2,1,GMDCSA24,GMDCSA24:2,0,16,16,16,10,10,2.9841139814516837,0,58
/data/final_project_dataset/GMDCSA24/Subject 2/ADL/01.mp4,stand_up,2,1,GMDCSA24,GMDCSA24:2,2,18,18,16,10,10,2.9841139814516837,0,58
/data/final_project_dataset/GMDCSA24/Subject 2/ADL/01.mp4,stand_up,2,1,GMDCSA24,GMDCSA24:2,4,20,20,16,10,10,2.9841139814516837,0,58
/data/final_project_dataset/GMDCSA24/Subject 2/ADL/01.mp4,stand_up,2,1,GMDCSA24,GMDCSA24:2,6,22,22,16,10,10,2.9841139814516837,0,58
/data/final_project_dataset/GMDCSA24/Subject 2/ADL/01.mp4,stand_up,2,1,GMDCSA24,GMDCSA24:2,8,24,24,16,10,10,2.9841139814516837,0,58
/data/final_project_dataset/GMDCSA24/Subject 2/ADL/01.mp4,stand_up,2,1,GMDCSA24,GMDCSA24:2,10,26,26,16,10,10,2.9841139814516837,0,58
/data/final_project_dataset/GMDCSA24/Subject 2/ADL/01.mp4,stand_up,2,1,GMDCSA24,GMDCSA24:2,12,28,28,16,10,10,2.9841139814516837,0,58
/data/final_project_dataset/GMDCSA24/Subject 2/ADL/01.mp4,stand_up,2,1,GMDCSA24,GMDCSA24:2,14,30,30,16,10,10,2.9841139814516837,0,58
/data/final_project_dataset/GMDCSA24/Subject 2/ADL/01.mp4,stand_up,2,1,GMDCSA24,GMDCSA24:2,16,32,32,16,10,10,2.9841139814516837,0,58
/data/final_project_dataset/GMDCSA24/Subject 2/ADL/01.mp4,stand_up,2,1,GMDCSA24,GMDCSA24:2,18,34,34,16,10,10,2.9841139814516837,0,58
/data/final_project_dataset/GMDCSA24/Subject 2/ADL/01.mp4,stand_up,2,1,GMDCSA24,GMDCSA24:2,20,36,36,16,10,10,2.9841139814516837,0,58
/data/final_project_dataset/GMDCSA24/Subject 2/ADL/01.mp4,stand_up,2,1,GMDCSA24,GMDCSA24:2,22,38,38,16,10,10,2.9841139814516837,0,58
/data/final_project_dataset/GMDCSA24/Subject 2/ADL/01.mp4,stand_up,2,1,GMDCSA24,GMDCSA24:2,24,40,40,16,10,10,2.9841139814516837,0,58
/data/final_project_dataset/GMDCSA24/Subject 2/ADL/01.mp4,stand_up,2,1,GMDCSA24,GMDCSA24:2,26,42,42,16,10,10,2.9841139814516837,0,58
/data/final_project_dataset/GMDCSA24/Subject 2/ADL/01.mp4,stand_up,2,1,GMDCSA24,GMDCSA24:2,28,44,44,16,10,10,2.9841139814516837,0,58
/data/final_project_dataset/GMDCSA24/Subject 2/ADL/01.mp4,stand_up,2,1,GMDCSA24,GMDCSA24:2,30,46,46,16,10,10,2.9841139814516837,0,58
/data/final_project_dataset/GMDCSA24/Subject 2/ADL/01.mp4,stand_up,2,1,GMDCSA24,GMDCSA24:2,32,48,48,16,10,10,2.9841139814516837,0,58
/data/final_project_dataset/GMDCSA24/Subject 2/ADL/17.mp4,other,2,1,GMDCSA24,GMDCSA24:2,16,32,32,16,10,10,1.5001414419073797,0,59
/data/final_project_dataset/GMDCSA24/Subject 2/ADL/17.mp4,other,2,1,GMDCSA24,GMDCSA24:2,18,34,34,16,10,10,1.5001414419073797,0,59
/data/final_project_dataset/GMDCSA24/Subject 2/ADL/17.mp4,other,2,1,GMDCSA24,GMDCSA24:2,20,36,36,16,10,10,1.5001414419073797,0,59
/data/final_project_dataset/GMDCSA24/Subject 2/ADL/17.mp4,other,2,1,GMDCSA24,GMDCSA24:2,22,38,38,16,10,10,1.5001414419073797,0,59
/data/final_project_dataset/GMDCSA24/Subject 2/ADL/17.mp4,other,2,1,GMDCSA24,GMDCSA24:2,24,40,40,16,10,10,1.5001414419073797,0,59
/data/final_project_dataset/GMDCSA24/Subject 2/ADL/17.mp4,other,2,1,GMDCSA24,GMDCSA24:2,26,42,42,16,10,10,1.5001414419073797,0,59
/data/final_project_dataset/GMDCSA24/Subject 2/ADL/17.mp4,other,2,1,GMDCSA24,GMDCSA24:2,28,44,44,16,10,10,1.5001414419073797,0,59
/data/final_project_dataset/GMDCSA24/Subject 2/ADL/17.mp4,other,2,1,GMDCSA24,GMDCSA24:2,30,46,46,16,10,10,1.5001414419073797,0,59
/data/final_project_dataset/GMDCSA24/Subject 2/ADL/17.mp4,other,2,1,GMDCSA24,GMDCSA24:2,32,48,48,16,10,10,1.5001414419073797,0,59
/data/final_project_dataset/GMDCSA24/Subject 2/ADL/04.mp4,standing,2,1,GMDCSA24,GMDCSA24:2,0,16,16,16,10,10,2.9841102505462365,0,61
/data/final_project_dataset/GMDCSA24/Subject 2/ADL/04.mp4,standing,2,1,GMDCSA24,GMDCSA24:2,2,18,18,16,10,10,2.9841102505462365,0,61
/data/final_project_dataset/GMDCSA24/Subject 2/ADL/04.mp4,standing,2,1,GMDCSA24,GMDCSA24:2,4,20,20,16,10,10,2.9841102505462365,0,61
/data/final_project_dataset/GMDCSA24/Subject 2/ADL/04.mp4,standing,2,1,GMDCSA24,GMDCSA24:2,6,22,22,16,10,10,2.9841102505462365,0,61
/data/final_project_dataset/GMDCSA24/Subject 2/ADL/04.mp4,standing,2,1,GMDCSA24,GMDCSA24:2,8,24,24,16,10,10,2.9841102505462365,0,61
/data/final_project_dataset/GMDCSA24/Subject 2/ADL/04.mp4,standing,2,1,GMDCSA24,GMDCSA24:2,10,26,26,16,10,10,2.9841102505462365,0,61
/data/final_project_dataset/GMDCSA24/Subject 2/ADL/04.mp4,standing,2,1,GMDCSA24,GMDCSA24:2,12,28,28,16,10,10,2.9841102505462365,0,61
/data/final_project_dataset/GMDCSA24/Subject 2/ADL/04.mp4,standing,2,1,GMDCSA24,GMDCSA24:2,14,30,30,16,10,10,2.9841102505462365,0,61
/data/final_project_dataset/GMDCSA24/Subject 2/ADL/04.mp4,standing,2,1,GMDCSA24,GMDCSA24:2,16,32,32,16,10,10,2.9841102505462365,0,61
/data/final_project_dataset/GMDCSA24/Subject 2/ADL/04.mp4,standing,2,1,GMDCSA24,GMDCSA24:2,18,34,34,16,10,10,2.9841102505462365,0,61
/data/final_project_dataset/GMDCSA24/Subject 2/ADL/04.mp4,standing,2,1,GMDCSA24,GMDCSA24:2,20,36,36,16,10,10,2.9841102505462365,0,61
/data/final_project_dataset/GMDCSA24/Subject 2/ADL/04.mp4,standing,2,1,GMDCSA24,GMDCSA24:2,22,38,38,16,10,10,2.9841102505462365,0,61
/data/final_project_dataset/GMDCSA24/Subject 2/ADL/04.mp4,standing,2,1,GMDCSA24,GMDCSA24:2,24,40,40,16,10,10,2.9841102505462365,0,61
/data/final_project_dataset/GMDCSA24/Subject 2/ADL/04.mp4,standing,2,1,GMDCSA24,GMDCSA24:2,26,42,42,16,10,10,2.9841102505462365,0,61
/data/final_project_dataset/GMDCSA24/Subject 2/ADL/04.mp4,standing,2,1,GMDCSA24,GMDCSA24:2,28,44,44,16,10,10,2.9841102505462365,0,61
/data/final_project_dataset/GMDCSA24/Subject 2/ADL/04.mp4,standing,2,1,GMDCSA24,GMDCSA24:2,30,46,46,16,10,10,2.9841102505462365,0,61
/data/final_project_dataset/GMDCSA24/Subject 2/ADL/04.mp4,standing,2,1,GMDCSA24,GMDCSA24:2,32,48,48,16,10,10,2.9841102505462365,0,61
/data/final_project_dataset/GMDCSA24/Subject 2/ADL/04.mp4,standing,2,1,GMDCSA24,GMDCSA24:2,34,50,50,16,10,10,2.9841102505462365,0,61
/data/final_project_dataset/GMDCSA24/Subject 2/ADL/06.mp4,walk,2,1,GMDCSA24,GMDCSA24:2,26,42,42,16,10,10,2.985102386222032,0,61
/data/final_project_dataset/GMDCSA24/Subject 2/ADL/06.mp4,walk,2,1,GMDCSA24,GMDCSA24:2,28,44,44,16,10,10,2.985102386222032,0,61
/data/final_project_dataset/GMDCSA24/Subject 2/ADL/06.mp4,walk,2,1,GMDCSA24,GMDCSA24:2,30,46,46,16,10,10,2.985102386222032,0,61
/data/final_project_dataset/GMDCSA24/Subject 2/ADL/06.mp4,walk,2,1,GMDCSA24,GMDCSA24:2,32,48,48,16,10,10,2.985102386222032,0,61
/data/final_project_dataset/GMDCSA24/Subject 2/ADL/06.mp4,walk,2,1,GMDCSA24,GMDCSA24:2,34,50,50,16,10,10,2.985102386222032,0,61
/data/final_project_dataset/GMDCSA24/Subject 2/Fall/15.mp4,fall,2,1,GMDCSA24,GMDCSA24:2,0,16,16,16,10,10,2.9832066042022065,0,61
/data/final_project_dataset/GMDCSA24/Subject 2/Fall/15.mp4,fall,2,1,GMDCSA24,GMDCSA24:2,2,18,18,16,10,10,2.9832066042022065,0,61
/data/final_project_dataset/GMDCSA24/Subject 2/Fall/15.mp4,fall,2,1,GMDCSA24,GMDCSA24:2,4,20,20,16,10,10,2.9832066042022065,0,61
/data/final_project_dataset/GMDCSA24/Subject 2/Fall/15.mp4,fall,2,1,GMDCSA24,GMDCSA24:2,6,22,22,16,10,10,2.9832066042022065,0,61
/data/final_project_dataset/GMDCSA24/Subject 2/Fall/15.mp4,fall,2,1,GMDCSA24,GMDCSA24:2,8,24,24,16,10,10,2.9832066042022065,0,61
/data/final_project_dataset/GMDCSA24/Subject 2/Fall/15.mp4,fall,2,1,GMDCSA24,GMDCSA24:2,10,26,26,16,10,10,2.9832066042022065,0,61
/data/final_project_dataset/GMDCSA24/Subject 2/Fall/15.mp4,fall,2,1,GMDCSA24,GMDCSA24:2,12,28,28,16,10,10,2.9832066042022065,0,61
/data/final_project_dataset/GMDCSA24/Subject 2/Fall/15.mp4,fall,2,1,GMDCSA24,GMDCSA24:2,14,30,30,16,10,10,2.9832066042022065,0,61
/data/final_project_dataset/GMDCSA24/Subject 2/Fall/15.mp4,fall,2,1,GMDCSA24,GMDCSA24:2,16,32,32,16,10,10,2.9832066042022065,0,61
/data/final_project_dataset/GMDCSA24/Subject 2/Fall/15.mp4,fall,2,1,GMDCSA24,GMDCSA24:2,18,34,34,16,10,10,2.9832066042022065,0,61
/data/final_project_dataset/GMDCSA24/Subject 2/Fall/15.mp4,fall,2,1,GMDCSA24,GMDCSA24:2,20,36,36,16,10,10,2.9832066042022065,0,61
/data/final_project_dataset/GMDCSA24/Subject 2/Fall/15.mp4,fall,2,1,GMDCSA24,GMDCSA24:2,22,38,38,16,10,10,2.9832066042022065,0,61
/data/final_project_dataset/GMDCSA24/Subject 2/Fall/15.mp4,fall,2,1,GMDCSA24,GMDCSA24:2,24,40,40,16,10,10,2.9832066042022065,0,61
/data/final_project_dataset/GMDCSA24/Subject 2/Fall/15.mp4,fall,2,1,GMDCSA24,GMDCSA24:2,26,42,42,16,10,10,2.9832066042022065,0,61
/data/final_project_dataset/GMDCSA24/Subject 2/Fall/15.mp4,fall,2,1,GMDCSA24,GMDCSA24:2,28,44,44,16,10,10,2.9832066042022065,0,61
/data/final_project_dataset/GMDCSA24/Subject 2/Fall/15.mp4,fall,2,1,GMDCSA24,GMDCSA24:2,30,46,46,16,10,10,2.9832066042022065,0,61
/data/final_project_dataset/GMDCSA24/Subject 2/Fall/15.mp4,fall,2,1,GMDCSA24,GMDCSA24:2,32,48,48,16,10,10,2.9832066042022065,0,61
/data/final_project_dataset/GMDCSA24/Subject 2/Fall/15.mp4,fall,2,1,GMDCSA24,GMDCSA24:2,34,50,50,16,10,10,2.9832066042022065,0,61
/data/final_project_dataset/GMDCSA24/Subject 2/Fall/15.mp4,fall,2,1,GMDCSA24,GMDCSA24:2,36,52,52,16,10,10,2.9832066042022065,1,61
/data/final_project_dataset/GMDCSA24/Subject 2/Fall/15.mp4,fall,2,1,GMDCSA24,GMDCSA24:2,38,54,54,16,10,10,2.9832066042022065,1,61
/data/final_project_dataset/GMDCSA24/Subject 2/Fall/15.mp4,fall,2,1,GMDCSA24,GMDCSA24:2,40,56,56,16,10,10,2.9832066042022065,1,61
/data/final_project_dataset/GMDCSA24/Subject 2/Fall/15.mp4,fall,2,1,GMDCSA24,GMDCSA24:2,42,58,58,16,10,10,2.9832066042022065,1,61
/data/final_project_dataset/GMDCSA24/Subject 2/Fall/15.mp4,fall,2,1,GMDCSA24,GMDCSA24:2,44,60,60,16,10,10,2.9832066042022065,1,61
/data/final_project_dataset/GMDCSA24/Subject 2/ADL/11.mp4,other,2,1,GMDCSA24,GMDCSA24:2,16,32,32,16,10,10,2.984387048961974,0,62
/data/final_project_dataset/GMDCSA24/Subject 2/ADL/11.mp4,other,2,1,GMDCSA24,GMDCSA24:2,18,34,34,16,10,10,2.984387048961974,0,62
/data/final_project_dataset/GMDCSA24/Subject 2/ADL/11.mp4,other,2,1,GMDCSA24,GMDCSA24:2,20,36,36,16,10,10,2.984387048961974,0,62
/data/final_project_dataset/GMDCSA24/Subject 2/ADL/11.mp4,other,2,1,GMDCSA24,GMDCSA24:2,22,38,38,16,10,10,2.984387048961974,0,62
/data/final_project_dataset/GMDCSA24/Subject 2/ADL/11.mp4,other,2,1,GMDCSA24,GMDCSA24:2,24,40,40,16,10,10,2.984387048961974,0,62
/data/final_project_dataset/GMDCSA24/Subject 2/ADL/11.mp4,other,2,1,GMDCSA24,GMDCSA24:2,26,42,42,16,10,10,2.984387048961974,0,62
/data/final_project_dataset/GMDCSA24/Subject 2/ADL/11.mp4,other,2,1,GMDCSA24,GMDCSA24:2,28,44,44,16,10,10,2.984387048961974,0,62
/data/final_project_dataset/GMDCSA24/Subject 2/ADL/11.mp4,other,2,1,GMDCSA24,GMDCSA24:2,30,46,46,16,10,10,2.984387048961974,0,62
/data/final_project_dataset/GMDCSA24/Subject 2/ADL/11.mp4,other,2,1,GMDCSA24,GMDCSA24:2,32,48,48,16,10,10,2.984387048961974,0,62
/data/final_project_dataset/GMDCSA24/Subject 2/ADL/11.mp4,other,2,1,GMDCSA24,GMDCSA24:2,34,50,50,16,10,10,2.984387048961974,0,62
/data/final_project_dataset/GMDCSA24/Subject 2/ADL/11.mp4,other,2,1,GMDCSA24,GMDCSA24:2,36,52,52,16,10,10,2.984387048961974,0,62
/data/final_project_dataset/GMDCSA24/Subject 2/Fall/21.mp4,fall,2,1,GMDCSA24,GMDCSA24:2,24,40,40,16,10,10,2.982180680105799,0,62
/data/final_project_dataset/GMDCSA24/Subject 2/Fall/21.mp4,fall,2,1,GMDCSA24,GMDCSA24:2,26,42,42,16,10,10,2.982180680105799,0,62
/data/final_project_dataset/GMDCSA24/Subject 2/Fall/21.mp4,fall,2,1,GMDCSA24,GMDCSA24:2,28,44,44,16,10,10,2.982180680105799,0,62
/data/final_project_dataset/GMDCSA24/Subject 2/Fall/21.mp4,fall,2,1,GMDCSA24,GMDCSA24:2,30,46,46,16,10,10,2.982180680105799,0,62
/data/final_project_dataset/GMDCSA24/Subject 2/Fall/21.mp4,fall,2,1,GMDCSA24,GMDCSA24:2,32,48,48,16,10,10,2.982180680105799,0,62
/data/final_project_dataset/GMDCSA24/Subject 2/Fall/21.mp4,fall,2,1,GMDCSA24,GMDCSA24:2,34,50,50,16,10,10,2.982180680105799,0,62
/data/final_project_dataset/GMDCSA24/Subject 2/Fall/21.mp4,fall,2,1,GMDCSA24,GMDCSA24:2,36,52,52,16,10,10,2.982180680105799,1,62
/data/final_project_dataset/GMDCSA24/Subject 2/Fall/21.mp4,fall,2,1,GMDCSA24,GMDCSA24:2,38,54,54,16,10,10,2.982180680105799,1,62
/data/final_project_dataset/GMDCSA24/Subject 2/Fall/21.mp4,fall,2,1,GMDCSA24,GMDCSA24:2,40,56,56,16,10,10,2.982180680105799,1,62
/data/final_project_dataset/GMDCSA24/Subject 2/Fall/21.mp4,fall,2,1,GMDCSA24,GMDCSA24:2,42,58,58,16,10,10,2.982180680105799,1,62
/data/final_project_dataset/GMDCSA24/Subject 2/Fall/21.mp4,fall,2,1,GMDCSA24,GMDCSA24:2,44,60,60,16,10,10,2.982180680105799,1,62
/data/final_project_dataset/GMDCSA24/Subject 2/Fall/12.mp4,fall,2,1,GMDCSA24,GMDCSA24:2,0,16,16,16,10,10,1.5011340088436373,0,63
/data/final_project_dataset/GMDCSA24/Subject 2/Fall/12.mp4,fall,2,1,GMDCSA24,GMDCSA24:2,2,18,18,16,10,10,1.5011340088436373,0,63
/data/final_project_dataset/GMDCSA24/Subject 2/Fall/12.mp4,fall,2,1,GMDCSA24,GMDCSA24:2,4,20,20,16,10,10,1.5011340088436373,0,63
/data/final_project_dataset/GMDCSA24/Subject 2/Fall/12.mp4,fall,2,1,GMDCSA24,GMDCSA24:2,6,22,22,16,10,10,1.5011340088436373,0,63
/data/final_project_dataset/GMDCSA24/Subject 2/Fall/12.mp4,fall,2,1,GMDCSA24,GMDCSA24:2,8,24,24,16,10,10,1.5011340088436373,0,63
/data/final_project_dataset/GMDCSA24/Subject 2/Fall/12.mp4,fall,2,1,GMDCSA24,GMDCSA24:2,10,26,26,16,10,10,1.5011340088436373,0,63
/data/final_project_dataset/GMDCSA24/Subject 2/Fall/12.mp4,fall,2,1,GMDCSA24,GMDCSA24:2,12,28,28,16,10,10,1.5011340088436373,0,63
/data/final_project_dataset/GMDCSA24/Subject 2/Fall/12.mp4,fall,2,1,GMDCSA24,GMDCSA24:2,14,30,30,16,10,10,1.5011340088436373,0,63
/data/final_project_dataset/GMDCSA24/Subject 2/Fall/12.mp4,fall,2,1,GMDCSA24,GMDCSA24:2,16,32,32,16,10,10,1.5011340088436373,0,63
/data/final_project_dataset/GMDCSA24/Subject 2/Fall/12.mp4,fall,2,1,GMDCSA24,GMDCSA24:2,18,34,34,16,10,10,1.5011340088436373,0,63
/data/final_project_dataset/GMDCSA24/Subject 2/Fall/12.mp4,fall,2,1,GMDCSA24,GMDCSA24:2,20,36,36,16,10,10,1.5011340088436373,0,63
/data/final_project_dataset/GMDCSA24/Subject 2/Fall/12.mp4,fall,2,1,GMDCSA24,GMDCSA24:2,22,38,38,16,10,10,1.5011340088436373,0,63
/data/final_project_dataset/GMDCSA24/Subject 2/Fall/12.mp4,fall,2,1,GMDCSA24,GMDCSA24:2,24,40,40,16,10,10,1.5011340088436373,0,63
/data/final_project_dataset/GMDCSA24/Subject 2/Fall/12.mp4,fall,2,1,GMDCSA24,GMDCSA24:2,26,42,42,16,10,10,1.5011340088436373,0,63
/data/final_project_dataset/GMDCSA24/Subject 2/Fall/12.mp4,fall,2,1,GMDCSA24,GMDCSA24:2,28,44,44,16,10,10,1.5011340088436373,0,63
/data/final_project_dataset/GMDCSA24/Subject 2/Fall/12.mp4,fall,2,1,GMDCSA24,GMDCSA24:2,30,46,46,16,10,10,1.5011340088436373,0,63
/data/final_project_dataset/GMDCSA24/Subject 2/Fall/12.mp4,fall,2,1,GMDCSA24,GMDCSA24:2,32,48,48,16,10,10,1.5011340088436373,0,63
/data/final_project_dataset/GMDCSA24/Subject 2/Fall/12.mp4,fall,2,1,GMDCSA24,GMDCSA24:2,34,50,50,16,10,10,1.5011340088436373,0,63
/data/final_project_dataset/GMDCSA24/Subject 2/Fall/12.mp4,fall,2,1,GMDCSA24,GMDCSA24:2,36,52,52,16,10,10,1.5011340088436373,0,63
/data/final_project_dataset/GMDCSA24/Subject 2/Fall/12.mp4,fall,2,1,GMDCSA24,GMDCSA24:2,38,54,54,16,10,10,1.5011340088436373,1,63
/data/final_project_dataset/GMDCSA24/Subject 2/Fall/12.mp4,fall,2,1,GMDCSA24,GMDCSA24:2,40,56,56,16,10,10,1.5011340088436373,1,63
/data/final_project_dataset/GMDCSA24/Subject 2/Fall/12.mp4,fall,2,1,GMDCSA24,GMDCSA24:2,42,58,58,16,10,10,1.5011340088436373,1,63
/data/final_project_dataset/GMDCSA24/Subject 2/Fall/12.mp4,fall,2,1,GMDCSA24,GMDCSA24:2,44,60,60,16,10,10,1.5011340088436373,1,63
/data/final_project_dataset/GMDCSA24/Subject 2/Fall/12.mp4,fall,2,1,GMDCSA24,GMDCSA24:2,46,62,62,16,10,10,1.5011340088436373,1,63
/data/final_project_dataset/GMDCSA24/Subject 2/ADL/20.mp4,other,2,1,GMDCSA24,GMDCSA24:2,8,24,24,16,10,10,1.5001628748264098,0,65
/data/final_project_dataset/GMDCSA24/Subject 2/ADL/20.mp4,other,2,1,GMDCSA24,GMDCSA24:2,10,26,26,16,10,10,1.5001628748264098,0,65
/data/final_project_dataset/GMDCSA24/Subject 2/ADL/20.mp4,other,2,1,GMDCSA24,GMDCSA24:2,12,28,28,16,10,10,1.5001628748264098,0,65
/data/final_project_dataset/GMDCSA24/Subject 2/ADL/20.mp4,other,2,1,GMDCSA24,GMDCSA24:2,14,30,30,16,10,10,1.5001628748264098,0,65
/data/final_project_dataset/GMDCSA24/Subject 2/ADL/20.mp4,other,2,1,GMDCSA24,GMDCSA24:2,16,32,32,16,10,10,1.5001628748264098,0,65
/data/final_project_dataset/GMDCSA24/Subject 2/ADL/20.mp4,other,2,1,GMDCSA24,GMDCSA24:2,18,34,34,16,10,10,1.5001628748264098,0,65
/data/final_project_dataset/GMDCSA24/Subject 2/ADL/20.mp4,other,2,1,GMDCSA24,GMDCSA24:2,20,36,36,16,10,10,1.5001628748264098,0,65
/data/final_project_dataset/GMDCSA24/Subject 2/ADL/20.mp4,other,2,1,GMDCSA24,GMDCSA24:2,22,38,38,16,10,10,1.5001628748264098,0,65
/data/final_project_dataset/GMDCSA24/Subject 2/ADL/20.mp4,other,2,1,GMDCSA24,GMDCSA24:2,24,40,40,16,10,10,1.5001628748264098,0,65
/data/final_project_dataset/GMDCSA24/Subject 2/ADL/20.mp4,other,2,1,GMDCSA24,GMDCSA24:2,26,42,42,16,10,10,1.5001628748264098,0,65
/data/final_project_dataset/GMDCSA24/Subject 2/ADL/20.mp4,other,2,1,GMDCSA24,GMDCSA24:2,28,44,44,16,10,10,1.5001628748264098,0,65
/data/final_project_dataset/GMDCSA24/Subject 2/ADL/20.mp4,other,2,1,GMDCSA24,GMDCSA24:2,30,46,46,16,10,10,1.5001628748264098,0,65
/data/final_project_dataset/GMDCSA24/Subject 2/ADL/20.mp4,other,2,1,GMDCSA24,GMDCSA24:2,32,48,48,16,10,10,1.5001628748264098,0,65
/data/final_project_dataset/GMDCSA24/Subject 2/ADL/20.mp4,other,2,1,GMDCSA24,GMDCSA24:2,34,50,50,16,10,10,1.5001628748264098,0,65
/data/final_project_dataset/GMDCSA24/Subject 2/ADL/20.mp4,other,2,1,GMDCSA24,GMDCSA24:2,36,52,52,16,10,10,1.5001628748264098,0,65
/data/final_project_dataset/GMDCSA24/Subject 2/ADL/20.mp4,other,2,1,GMDCSA24,GMDCSA24:2,38,54,54,16,10,10,1.5001628748264098,0,65
/data/final_project_dataset/GMDCSA24/Subject 2/ADL/21.mp4,walk,2,1,GMDCSA24,GMDCSA24:2,0,16,16,16,10,10,1.5005698366468279,0,66
/data/final_project_dataset/GMDCSA24/Subject 2/ADL/21.mp4,walk,2,1,GMDCSA24,GMDCSA24:2,2,18,18,16,10,10,1.5005698366468279,0,66
/data/final_project_dataset/GMDCSA24/Subject 2/ADL/21.mp4,walk,2,1,GMDCSA24,GMDCSA24:2,4,20,20,16,10,10,1.5005698366468279,0,66
/data/final_project_dataset/GMDCSA24/Subject 2/ADL/21.mp4,walk,2,1,GMDCSA24,GMDCSA24:2,6,22,22,16,10,10,1.5005698366468279,0,66
/data/final_project_dataset/GMDCSA24/Subject 2/ADL/21.mp4,walk,2,1,GMDCSA24,GMDCSA24:2,8,24,24,16,10,10,1.5005698366468279,0,66
/data/final_project_dataset/GMDCSA24/Subject 2/ADL/21.mp4,walk,2,1,GMDCSA24,GMDCSA24:2,10,26,26,16,10,10,1.5005698366468279,0,66
/data/final_project_dataset/GMDCSA24/Subject 2/ADL/21.mp4,walk,2,1,GMDCSA24,GMDCSA24:2,12,28,28,16,10,10,1.5005698366468279,0,66
/data/final_project_dataset/GMDCSA24/Subject 2/ADL/21.mp4,walk,2,1,GMDCSA24,GMDCSA24:2,14,30,30,16,10,10,1.5005698366468279,0,66
/data/final_project_dataset/GMDCSA24/Subject 2/ADL/21.mp4,walk,2,1,GMDCSA24,GMDCSA24:2,16,32,32,16,10,10,1.5005698366468279,0,66
/data/final_project_dataset/GMDCSA24/Subject 2/ADL/21.mp4,walk,2,1,GMDCSA24,GMDCSA24:2,18,34,34,16,10,10,1.5005698366468279,0,66
/data/final_project_dataset/GMDCSA24/Subject 2/ADL/21.mp4,walk,2,1,GMDCSA24,GMDCSA24:2,20,36,36,16,10,10,1.5005698366468279,0,66
/data/final_project_dataset/GMDCSA24/Subject 2/ADL/21.mp4,walk,2,1,GMDCSA24,GMDCSA24:2,22,38,38,16,10,10,1.5005698366468279,0,66
/data/final_project_dataset/GMDCSA24/Subject 2/ADL/21.mp4,walk,2,1,GMDCSA24,GMDCSA24:2,24,40,40,16,10,10,1.5005698366468279,0,66
/data/final_project_dataset/GMDCSA24/Subject 2/ADL/21.mp4,walk,2,1,GMDCSA24,GMDCSA24:2,26,42,42,16,10,10,1.5005698366468279,0,66
/data/final_project_dataset/GMDCSA24/Subject 2/ADL/21.mp4,walk,2,1,GMDCSA24,GMDCSA24:2,28,44,44,16,10,10,1.5005698366468279,0,66
/data/final_project_dataset/GMDCSA24/Subject 2/ADL/21.mp4,walk,2,1,GMDCSA24,GMDCSA24:2,30,46,46,16,10,10,1.5005698366468279,0,66
/data/final_project_dataset/GMDCSA24/Subject 2/ADL/21.mp4,walk,2,1,GMDCSA24,GMDCSA24:2,32,48,48,16,10,10,1.5005698366468279,0,66
/data/final_project_dataset/GMDCSA24/Subject 2/ADL/21.mp4,walk,2,1,GMDCSA24,GMDCSA24:2,34,50,50,16,10,10,1.5005698366468279,0,66
/data/final_project_dataset/GMDCSA24/Subject 2/ADL/21.mp4,walk,2,1,GMDCSA24,GMDCSA24:2,36,52,52,16,10,10,1.5005698366468279,0,66
/data/final_project_dataset/GMDCSA24/Subject 2/ADL/21.mp4,walk,2,1,GMDCSA24,GMDCSA24:2,38,54,54,16,10,10,1.5005698366468279,0,66
/data/final_project_dataset/GMDCSA24/Subject 2/ADL/21.mp4,walk,2,1,GMDCSA24,GMDCSA24:2,40,56,56,16,10,10,1.5005698366468279,0,66
/data/final_project_dataset/GMDCSA24/Subject 2/ADL/10.mp4,standing,2,1,GMDCSA24,GMDCSA24:2,24,40,40,16,10,10,2.986244775172766,0,67
/data/final_project_dataset/GMDCSA24/Subject 2/ADL/10.mp4,standing,2,1,GMDCSA24,GMDCSA24:2,26,42,42,16,10,10,2.986244775172766,0,67
/data/final_project_dataset/GMDCSA24/Subject 2/ADL/10.mp4,standing,2,1,GMDCSA24,GMDCSA24:2,28,44,44,16,10,10,2.986244775172766,0,67
/data/final_project_dataset/GMDCSA24/Subject 2/ADL/10.mp4,standing,2,1,GMDCSA24,GMDCSA24:2,30,46,46,16,10,10,2.986244775172766,0,67
/data/final_project_dataset/GMDCSA24/Subject 2/ADL/10.mp4,standing,2,1,GMDCSA24,GMDCSA24:2,32,48,48,16,10,10,2.986244775172766,0,67
/data/final_project_dataset/GMDCSA24/Subject 2/ADL/10.mp4,standing,2,1,GMDCSA24,GMDCSA24:2,34,50,50,16,10,10,2.986244775172766,0,67
/data/final_project_dataset/GMDCSA24/Subject 2/ADL/10.mp4,standing,2,1,GMDCSA24,GMDCSA24:2,36,52,52,16,10,10,2.986244775172766,0,67
/data/final_project_dataset/GMDCSA24/Subject 2/ADL/10.mp4,standing,2,1,GMDCSA24,GMDCSA24:2,38,54,54,16,10,10,2.986244775172766,0,67
/data/final_project_dataset/GMDCSA24/Subject 2/ADL/10.mp4,standing,2,1,GMDCSA24,GMDCSA24:2,40,56,56,16,10,10,2.986244775172766,0,67
/data/final_project_dataset/GMDCSA24/Subject 2/ADL/03.mp4,lie_down,2,1,GMDCSA24,GMDCSA24:2,22,38,38,16,10,10,2.982240589746454,0,67
/data/final_project_dataset/GMDCSA24/Subject 2/ADL/03.mp4,lie_down,2,1,GMDCSA24,GMDCSA24:2,24,40,40,16,10,10,2.982240589746454,0,67
/data/final_project_dataset/GMDCSA24/Subject 2/ADL/03.mp4,lie_down,2,1,GMDCSA24,GMDCSA24:2,26,42,42,16,10,10,2.982240589746454,0,67
/data/final_project_dataset/GMDCSA24/Subject 2/ADL/03.mp4,lie_down,2,1,GMDCSA24,GMDCSA24:2,28,44,44,16,10,10,2.982240589746454,0,67
/data/final_project_dataset/GMDCSA24/Subject 2/ADL/03.mp4,lie_down,2,1,GMDCSA24,GMDCSA24:2,30,46,46,16,10,10,2.982240589746454,0,67
/data/final_project_dataset/GMDCSA24/Subject 2/ADL/03.mp4,lie_down,2,1,GMDCSA24,GMDCSA24:2,32,48,48,16,10,10,2.982240589746454,0,67
/data/final_project_dataset/GMDCSA24/Subject 2/ADL/03.mp4,lie_down,2,1,GMDCSA24,GMDCSA24:2,34,50,50,16,10,10,2.982240589746454,0,67
/data/final_project_dataset/GMDCSA24/Subject 2/ADL/03.mp4,lie_down,2,1,GMDCSA24,GMDCSA24:2,36,52,52,16,10,10,2.982240589746454,0,67
/data/final_project_dataset/GMDCSA24/Subject 2/ADL/03.mp4,lie_down,2,1,GMDCSA24,GMDCSA24:2,38,54,54,16,10,10,2.982240589746454,0,67
/data/final_project_dataset/GMDCSA24/Subject 2/ADL/03.mp4,lie_down,2,1,GMDCSA24,GMDCSA24:2,40,56,56,16,10,10,2.982240589746454,0,67
/data/final_project_dataset/GMDCSA24/Subject 2/ADL/09.mp4,sitting,2,1,GMDCSA24,GMDCSA24:2,6,22,22,16,10,10,2.983449609809801,0,67
/data/final_project_dataset/GMDCSA24/Subject 2/ADL/09.mp4,sitting,2,1,GMDCSA24,GMDCSA24:2,8,24,24,16,10,10,2.983449609809801,0,67
/data/final_project_dataset/GMDCSA24/Subject 2/ADL/09.mp4,sitting,2,1,GMDCSA24,GMDCSA24:2,10,26,26,16,10,10,2.983449609809801,0,67
/data/final_project_dataset/GMDCSA24/Subject 2/ADL/09.mp4,sitting,2,1,GMDCSA24,GMDCSA24:2,12,28,28,16,10,10,2.983449609809801,0,67
/data/final_project_dataset/GMDCSA24/Subject 2/ADL/09.mp4,sitting,2,1,GMDCSA24,GMDCSA24:2,14,30,30,16,10,10,2.983449609809801,0,67
/data/final_project_dataset/GMDCSA24/Subject 2/ADL/09.mp4,sitting,2,1,GMDCSA24,GMDCSA24:2,16,32,32,16,10,10,2.983449609809801,0,67
/data/final_project_dataset/GMDCSA24/Subject 2/ADL/09.mp4,sitting,2,1,GMDCSA24,GMDCSA24:2,18,34,34,16,10,10,2.983449609809801,0,67
/data/final_project_dataset/GMDCSA24/Subject 2/ADL/09.mp4,sitting,2,1,GMDCSA24,GMDCSA24:2,20,36,36,16,10,10,2.983449609809801,0,67
/data/final_project_dataset/GMDCSA24/Subject 2/ADL/09.mp4,sitting,2,1,GMDCSA24,GMDCSA24:2,22,38,38,16,10,10,2.983449609809801,0,67
/data/final_project_dataset/GMDCSA24/Subject 2/ADL/09.mp4,sitting,2,1,GMDCSA24,GMDCSA24:2,24,40,40,16,10,10,2.983449609809801,0,67
/data/final_project_dataset/GMDCSA24/Subject 2/ADL/09.mp4,sitting,2,1,GMDCSA24,GMDCSA24:2,26,42,42,16,10,10,2.983449609809801,0,67
/data/final_project_dataset/GMDCSA24/Subject 2/ADL/09.mp4,sitting,2,1,GMDCSA24,GMDCSA24:2,28,44,44,16,10,10,2.983449609809801,0,67
/data/final_project_dataset/GMDCSA24/Subject 2/ADL/09.mp4,sitting,2,1,GMDCSA24,GMDCSA24:2,30,46,46,16,10,10,2.983449609809801,0,67
/data/final_project_dataset/GMDCSA24/Subject 2/ADL/09.mp4,sitting,2,1,GMDCSA24,GMDCSA24:2,32,48,48,16,10,10,2.983449609809801,0,67
/data/final_project_dataset/GMDCSA24/Subject 2/ADL/09.mp4,sitting,2,1,GMDCSA24,GMDCSA24:2,34,50,50,16,10,10,2.983449609809801,0,67
/data/final_project_dataset/GMDCSA24/Subject 2/ADL/09.mp4,sitting,2,1,GMDCSA24,GMDCSA24:2,36,52,52,16,10,10,2.983449609809801,0,67
/data/final_project_dataset/GMDCSA24/Subject 2/ADL/09.mp4,sitting,2,1,GMDCSA24,GMDCSA24:2,38,54,54,16,10,10,2.983449609809801,0,67
/data/final_project_dataset/GMDCSA24/Subject 2/ADL/09.mp4,sitting,2,1,GMDCSA24,GMDCSA24:2,40,56,56,16,10,10,2.983449609809801,0,67
/data/final_project_dataset/GMDCSA24/Subject 2/Fall/20.mp4,fall,2,1,GMDCSA24,GMDCSA24:2,0,16,16,16,10,10,2.9849096235697306,0,69
/data/final_project_dataset/GMDCSA24/Subject 2/Fall/20.mp4,fall,2,1,GMDCSA24,GMDCSA24:2,2,18,18,16,10,10,2.9849096235697306,0,69
/data/final_project_dataset/GMDCSA24/Subject 2/Fall/20.mp4,fall,2,1,GMDCSA24,GMDCSA24:2,4,20,20,16,10,10,2.9849096235697306,0,69
/data/final_project_dataset/GMDCSA24/Subject 2/Fall/20.mp4,fall,2,1,GMDCSA24,GMDCSA24:2,6,22,22,16,10,10,2.9849096235697306,0,69
/data/final_project_dataset/GMDCSA24/Subject 2/Fall/20.mp4,fall,2,1,GMDCSA24,GMDCSA24:2,8,24,24,16,10,10,2.9849096235697306,0,69
/data/final_project_dataset/GMDCSA24/Subject 2/Fall/20.mp4,fall,2,1,GMDCSA24,GMDCSA24:2,10,26,26,16,10,10,2.9849096235697306,0,69
/data/final_project_dataset/GMDCSA24/Subject 2/Fall/20.mp4,fall,2,1,GMDCSA24,GMDCSA24:2,12,28,28,16,10,10,2.9849096235697306,0,69
/data/final_project_dataset/GMDCSA24/Subject 2/Fall/20.mp4,fall,2,1,GMDCSA24,GMDCSA24:2,14,30,30,16,10,10,2.9849096235697306,0,69
/data/final_project_dataset/GMDCSA24/Subject 2/Fall/20.mp4,fall,2,1,GMDCSA24,GMDCSA24:2,16,32,32,16,10,10,2.9849096235697306,0,69
/data/final_project_dataset/GMDCSA24/Subject 2/Fall/20.mp4,fall,2,1,GMDCSA24,GMDCSA24:2,18,34,34,16,10,10,2.9849096235697306,0,69
/data/final_project_dataset/GMDCSA24/Subject 2/Fall/20.mp4,fall,2,1,GMDCSA24,GMDCSA24:2,20,36,36,16,10,10,2.9849096235697306,0,69
/data/final_project_dataset/GMDCSA24/Subject 2/Fall/20.mp4,fall,2,1,GMDCSA24,GMDCSA24:2,22,38,38,16,10,10,2.9849096235697306,0,69
/data/final_project_dataset/GMDCSA24/Subject 2/Fall/20.mp4,fall,2,1,GMDCSA24,GMDCSA24:2,24,40,40,16,10,10,2.9849096235697306,0,69
/data/final_project_dataset/GMDCSA24/Subject 2/Fall/20.mp4,fall,2,1,GMDCSA24,GMDCSA24:2,26,42,42,16,10,10,2.9849096235697306,0,69
/data/final_project_dataset/GMDCSA24/Subject 2/Fall/20.mp4,fall,2,1,GMDCSA24,GMDCSA24:2,28,44,44,16,10,10,2.9849096235697306,0,69
/data/final_project_dataset/GMDCSA24/Subject 2/Fall/20.mp4,fall,2,1,GMDCSA24,GMDCSA24:2,30,46,46,16,10,10,2.9849096235697306,0,69
/data/final_project_dataset/GMDCSA24/Subject 2/Fall/20.mp4,fall,2,1,GMDCSA24,GMDCSA24:2,32,48,48,16,10,10,2.9849096235697306,0,69
/data/final_project_dataset/GMDCSA24/Subject 2/Fall/20.mp4,fall,2,1,GMDCSA24,GMDCSA24:2,34,50,50,16,10,10,2.9849096235697306,0,69
/data/final_project_dataset/GMDCSA24/Subject 2/Fall/20.mp4,fall,2,1,GMDCSA24,GMDCSA24:2,36,52,52,16,10,10,2.9849096235697306,0,69
/data/final_project_dataset/GMDCSA24/Subject 2/Fall/20.mp4,fall,2,1,GMDCSA24,GMDCSA24:2,38,54,54,16,10,10,2.9849096235697306,0,69
/data/final_project_dataset/GMDCSA24/Subject 2/Fall/20.mp4,fall,2,1,GMDCSA24,GMDCSA24:2,40,56,56,16,10,10,2.9849096235697306,0,69
/data/final_project_dataset/GMDCSA24/Subject 2/Fall/20.mp4,fall,2,1,GMDCSA24,GMDCSA24:2,42,58,58,16,10,10,2.9849096235697306,0,69
/data/final_project_dataset/GMDCSA24/Subject 2/Fall/20.mp4,fall,2,1,GMDCSA24,GMDCSA24:2,44,60,60,16,10,10,2.9849096235697306,1,69
/data/final_project_dataset/GMDCSA24/Subject 2/Fall/20.mp4,fall,2,1,GMDCSA24,GMDCSA24:2,46,62,62,16,10,10,2.9849096235697306,1,69
/data/final_project_dataset/GMDCSA24/Subject 2/Fall/20.mp4,fall,2,1,GMDCSA24,GMDCSA24:2,48,64,64,16,10,10,2.9849096235697306,1,69
/data/final_project_dataset/GMDCSA24/Subject 2/Fall/20.mp4,fall,2,1,GMDCSA24,GMDCSA24:2,50,66,66,16,10,10,2.9849096235697306,1,69
/data/final_project_dataset/GMDCSA24/Subject 2/Fall/20.mp4,fall,2,1,GMDCSA24,GMDCSA24:2,52,68,68,16,10,10,2.9849096235697306,1,69
/data/final_project_dataset/GMDCSA24/Subject 2/Fall/18.mp4,standing,2,1,GMDCSA24,GMDCSA24:2,0,16,16,16,10,10,2.9860994904877587,0,73
/data/final_project_dataset/GMDCSA24/Subject 2/Fall/18.mp4,standing,2,1,GMDCSA24,GMDCSA24:2,2,18,18,16,10,10,2.9860994904877587,0,73
/data/final_project_dataset/GMDCSA24/Subject 2/Fall/18.mp4,standing,2,1,GMDCSA24,GMDCSA24:2,4,20,20,16,10,10,2.9860994904877587,0,73
/data/final_project_dataset/GMDCSA24/Subject 2/Fall/18.mp4,standing,2,1,GMDCSA24,GMDCSA24:2,6,22,22,16,10,10,2.9860994904877587,0,73
/data/final_project_dataset/GMDCSA24/Subject 2/Fall/18.mp4,standing,2,1,GMDCSA24,GMDCSA24:2,8,24,24,16,10,10,2.9860994904877587,0,73
/data/final_project_dataset/GMDCSA24/Subject 2/Fall/18.mp4,standing,2,1,GMDCSA24,GMDCSA24:2,10,26,26,16,10,10,2.9860994904877587,0,73
/data/final_project_dataset/GMDCSA24/Subject 2/Fall/18.mp4,standing,2,1,GMDCSA24,GMDCSA24:2,12,28,28,16,10,10,2.9860994904877587,0,73
/data/final_project_dataset/GMDCSA24/Subject 2/Fall/18.mp4,standing,2,1,GMDCSA24,GMDCSA24:2,14,30,30,16,10,10,2.9860994904877587,0,73
/data/final_project_dataset/GMDCSA24/Subject 2/Fall/18.mp4,standing,2,1,GMDCSA24,GMDCSA24:2,16,32,32,16,10,10,2.9860994904877587,0,73
/data/final_project_dataset/GMDCSA24/Subject 2/Fall/18.mp4,standing,2,1,GMDCSA24,GMDCSA24:2,18,34,34,16,10,10,2.9860994904877587,0,73
/data/final_project_dataset/GMDCSA24/Subject 2/Fall/18.mp4,standing,2,1,GMDCSA24,GMDCSA24:2,20,36,36,16,10,10,2.9860994904877587,0,73
/data/final_project_dataset/GMDCSA24/Subject 2/Fall/18.mp4,standing,2,1,GMDCSA24,GMDCSA24:2,22,38,38,16,10,10,2.9860994904877587,0,73
/data/final_project_dataset/GMDCSA24/Subject 2/Fall/18.mp4,standing,2,1,GMDCSA24,GMDCSA24:2,24,40,40,16,10,10,2.9860994904877587,0,73
/data/final_project_dataset/GMDCSA24/Subject 2/Fall/18.mp4,standing,2,1,GMDCSA24,GMDCSA24:2,26,42,42,16,10,10,2.9860994904877587,0,73
/data/final_project_dataset/GMDCSA24/Subject 2/Fall/18.mp4,standing,2,1,GMDCSA24,GMDCSA24:2,28,44,44,16,10,10,2.9860994904877587,0,73
/data/final_project_dataset/GMDCSA24/Subject 2/Fall/18.mp4,standing,2,1,GMDCSA24,GMDCSA24:2,30,46,46,16,10,10,2.9860994904877587,0,73
/data/final_project_dataset/GMDCSA24/Subject 2/Fall/18.mp4,standing,2,1,GMDCSA24,GMDCSA24:2,32,48,48,16,10,10,2.9860994904877587,0,73
/data/final_project_dataset/GMDCSA24/Subject 2/Fall/18.mp4,standing,2,1,GMDCSA24,GMDCSA24:2,34,50,50,16,10,10,2.9860994904877587,0,73
/data/final_project_dataset/GMDCSA24/Subject 2/Fall/18.mp4,standing,2,1,GMDCSA24,GMDCSA24:2,36,52,52,16,10,10,2.9860994904877587,0,73
/data/final_project_dataset/GMDCSA24/Subject 2/Fall/18.mp4,standing,2,1,GMDCSA24,GMDCSA24:2,38,54,54,16,10,10,2.9860994904877587,0,73
/data/final_project_dataset/GMDCSA24/Subject 2/Fall/18.mp4,standing,2,1,GMDCSA24,GMDCSA24:2,40,56,56,16,10,10,2.9860994904877587,0,73
/data/final_project_dataset/GMDCSA24/Subject 2/Fall/18.mp4,standing,2,1,GMDCSA24,GMDCSA24:2,42,58,58,16,10,10,2.9860994904877587,0,73
/data/final_project_dataset/GMDCSA24/Subject 2/Fall/18.mp4,standing,2,1,GMDCSA24,GMDCSA24:2,44,60,60,16,10,10,2.9860994904877587,0,73
/data/final_project_dataset/GMDCSA24/Subject 2/Fall/18.mp4,standing,2,1,GMDCSA24,GMDCSA24:2,46,62,62,16,10,10,2.9860994904877587,0,73
/data/final_project_dataset/GMDCSA24/Subject 2/ADL/05.mp4,walk,2,1,GMDCSA24,GMDCSA24:2,32,48,48,16,10,10,2.9858932720336737,0,75
/data/final_project_dataset/GMDCSA24/Subject 2/ADL/05.mp4,walk,2,1,GMDCSA24,GMDCSA24:2,34,50,50,16,10,10,2.9858932720336737,0,75
/data/final_project_dataset/GMDCSA24/Subject 2/ADL/05.mp4,walk,2,1,GMDCSA24,GMDCSA24:2,36,52,52,16,10,10,2.9858932720336737,0,75
/data/final_project_dataset/GMDCSA24/Subject 2/ADL/05.mp4,walk,2,1,GMDCSA24,GMDCSA24:2,38,54,54,16,10,10,2.9858932720336737,0,75
/data/final_project_dataset/GMDCSA24/Subject 2/ADL/05.mp4,walk,2,1,GMDCSA24,GMDCSA24:2,40,56,56,16,10,10,2.9858932720336737,0,75
/data/final_project_dataset/GMDCSA24/Subject 2/ADL/05.mp4,walk,2,1,GMDCSA24,GMDCSA24:2,42,58,58,16,10,10,2.9858932720336737,0,75
/data/final_project_dataset/GMDCSA24/Subject 2/ADL/05.mp4,walk,2,1,GMDCSA24,GMDCSA24:2,44,60,60,16,10,10,2.9858932720336737,0,75
/data/final_project_dataset/GMDCSA24/Subject 2/ADL/05.mp4,walk,2,1,GMDCSA24,GMDCSA24:2,46,62,62,16,10,10,2.9858932720336737,0,75
/data/final_project_dataset/GMDCSA24/Subject 2/ADL/05.mp4,walk,2,1,GMDCSA24,GMDCSA24:2,48,64,64,16,10,10,2.9858932720336737,0,75
/data/final_project_dataset/GMDCSA24/Subject 2/Fall/19.mp4,fall,2,1,GMDCSA24,GMDCSA24:2,32,48,48,16,10,10,2.9829975581942234,0,76
/data/final_project_dataset/GMDCSA24/Subject 2/Fall/19.mp4,fall,2,1,GMDCSA24,GMDCSA24:2,34,50,50,16,10,10,2.9829975581942234,0,76
/data/final_project_dataset/GMDCSA24/Subject 2/Fall/19.mp4,fall,2,1,GMDCSA24,GMDCSA24:2,36,52,52,16,10,10,2.9829975581942234,0,76
/data/final_project_dataset/GMDCSA24/Subject 2/Fall/19.mp4,fall,2,1,GMDCSA24,GMDCSA24:2,38,54,54,16,10,10,2.9829975581942234,0,76
/data/final_project_dataset/GMDCSA24/Subject 2/Fall/19.mp4,fall,2,1,GMDCSA24,GMDCSA24:2,40,56,56,16,10,10,2.9829975581942234,0,76
/data/final_project_dataset/GMDCSA24/Subject 2/Fall/19.mp4,fall,2,1,GMDCSA24,GMDCSA24:2,42,58,58,16,10,10,2.9829975581942234,0,76
/data/final_project_dataset/GMDCSA24/Subject 2/Fall/19.mp4,fall,2,1,GMDCSA24,GMDCSA24:2,44,60,60,16,10,10,2.9829975581942234,0,76
/data/final_project_dataset/GMDCSA24/Subject 2/Fall/19.mp4,fall,2,1,GMDCSA24,GMDCSA24:2,46,62,62,16,10,10,2.9829975581942234,0,76
/data/final_project_dataset/GMDCSA24/Subject 2/Fall/19.mp4,fall,2,1,GMDCSA24,GMDCSA24:2,48,64,64,16,10,10,2.9829975581942234,0,76
/data/final_project_dataset/GMDCSA24/Subject 2/Fall/19.mp4,fall,2,1,GMDCSA24,GMDCSA24:2,50,66,66,16,10,10,2.9829975581942234,1,76
/data/final_project_dataset/GMDCSA24/Subject 2/Fall/19.mp4,fall,2,1,GMDCSA24,GMDCSA24:2,52,68,68,16,10,10,2.9829975581942234,1,76
/data/final_project_dataset/GMDCSA24/Subject 2/Fall/19.mp4,fall,2,1,GMDCSA24,GMDCSA24:2,54,70,70,16,10,10,2.9829975581942234,1,76
/data/final_project_dataset/GMDCSA24/Subject 2/Fall/19.mp4,fall,2,1,GMDCSA24,GMDCSA24:2,56,72,72,16,10,10,2.9829975581942234,1,76
/data/final_project_dataset/GMDCSA24/Subject 2/Fall/19.mp4,fall,2,1,GMDCSA24,GMDCSA24:2,58,74,74,16,10,10,2.9829975581942234,1,76
/data/final_project_dataset/GMDCSA24/Subject 2/ADL/16.mp4,lie_down,2,1,GMDCSA24,GMDCSA24:2,0,16,16,16,10,10,1.4994626203325976,0,77
/data/final_project_dataset/GMDCSA24/Subject 2/ADL/16.mp4,lie_down,2,1,GMDCSA24,GMDCSA24:2,2,18,18,16,10,10,1.4994626203325976,0,77
/data/final_project_dataset/GMDCSA24/Subject 2/ADL/16.mp4,lie_down,2,1,GMDCSA24,GMDCSA24:2,4,20,20,16,10,10,1.4994626203325976,0,77
/data/final_project_dataset/GMDCSA24/Subject 2/ADL/16.mp4,lie_down,2,1,GMDCSA24,GMDCSA24:2,6,22,22,16,10,10,1.4994626203325976,0,77
/data/final_project_dataset/GMDCSA24/Subject 2/ADL/16.mp4,lie_down,2,1,GMDCSA24,GMDCSA24:2,8,24,24,16,10,10,1.4994626203325976,0,77
/data/final_project_dataset/GMDCSA24/Subject 2/ADL/16.mp4,lie_down,2,1,GMDCSA24,GMDCSA24:2,10,26,26,16,10,10,1.4994626203325976,0,77
/data/final_project_dataset/GMDCSA24/Subject 2/ADL/16.mp4,lie_down,2,1,GMDCSA24,GMDCSA24:2,12,28,28,16,10,10,1.4994626203325976,0,77
/data/final_project_dataset/GMDCSA24/Subject 2/ADL/16.mp4,lie_down,2,1,GMDCSA24,GMDCSA24:2,14,30,30,16,10,10,1.4994626203325976,0,77
/data/final_project_dataset/GMDCSA24/Subject 2/ADL/16.mp4,lie_down,2,1,GMDCSA24,GMDCSA24:2,16,32,32,16,10,10,1.4994626203325976,0,77
/data/final_project_dataset/GMDCSA24/Subject 2/ADL/16.mp4,lie_down,2,1,GMDCSA24,GMDCSA24:2,18,34,34,16,10,10,1.4994626203325976,0,77
/data/final_project_dataset/GMDCSA24/Subject 2/ADL/16.mp4,lie_down,2,1,GMDCSA24,GMDCSA24:2,20,36,36,16,10,10,1.4994626203325976,0,77
/data/final_project_dataset/GMDCSA24/Subject 2/ADL/16.mp4,lie_down,2,1,GMDCSA24,GMDCSA24:2,22,38,38,16,10,10,1.4994626203325976,0,77
/data/final_project_dataset/GMDCSA24/Subject 2/ADL/16.mp4,lie_down,2,1,GMDCSA24,GMDCSA24:2,24,40,40,16,10,10,1.4994626203325976,0,77
/data/final_project_dataset/GMDCSA24/Subject 2/ADL/16.mp4,lie_down,2,1,GMDCSA24,GMDCSA24:2,26,42,42,16,10,10,1.4994626203325976,0,77
/data/final_project_dataset/GMDCSA24/Subject 2/ADL/16.mp4,lie_down,2,1,GMDCSA24,GMDCSA24:2,28,44,44,16,10,10,1.4994626203325976,0,77
/data/final_project_dataset/GMDCSA24/Subject 2/ADL/16.mp4,lie_down,2,1,GMDCSA24,GMDCSA24:2,30,46,46,16,10,10,1.4994626203325976,0,77
/data/final_project_dataset/GMDCSA24/Subject 2/ADL/16.mp4,lie_down,2,1,GMDCSA24,GMDCSA24:2,32,48,48,16,10,10,1.4994626203325976,0,77
/data/final_project_dataset/GMDCSA24/Subject 2/ADL/16.mp4,lie_down,2,1,GMDCSA24,GMDCSA24:2,34,50,50,16,10,10,1.4994626203325976,0,77
/data/final_project_dataset/GMDCSA24/Subject 2/ADL/16.mp4,lie_down,2,1,GMDCSA24,GMDCSA24:2,36,52,52,16,10,10,1.4994626203325976,0,77
/data/final_project_dataset/GMDCSA24/Subject 2/ADL/16.mp4,lie_down,2,1,GMDCSA24,GMDCSA24:2,38,54,54,16,10,10,1.4994626203325976,0,77
/data/final_project_dataset/GMDCSA24/Subject 2/ADL/16.mp4,lie_down,2,1,GMDCSA24,GMDCSA24:2,40,56,56,16,10,10,1.4994626203325976,0,77
/data/final_project_dataset/GMDCSA24/Subject 2/ADL/16.mp4,lie_down,2,1,GMDCSA24,GMDCSA24:2,42,58,58,16,10,10,1.4994626203325976,0,77
/data/final_project_dataset/GMDCSA24/Subject 2/ADL/16.mp4,lie_down,2,1,GMDCSA24,GMDCSA24:2,44,60,60,16,10,10,1.4994626203325976,0,77
/data/final_project_dataset/GMDCSA24/Subject 2/ADL/16.mp4,lie_down,2,1,GMDCSA24,GMDCSA24:2,46,62,62,16,10,10,1.4994626203325976,0,77
/data/final_project_dataset/GMDCSA24/Subject 2/ADL/16.mp4,lie_down,2,1,GMDCSA24,GMDCSA24:2,48,64,64,16,10,10,1.4994626203325976,0,77
/data/final_project_dataset/GMDCSA24/Subject 2/ADL/16.mp4,lie_down,2,1,GMDCSA24,GMDCSA24:2,50,66,66,16,10,10,1.4994626203325976,0,77
/data/final_project_dataset/GMDCSA24/Subject 2/ADL/18.mp4,standing,2,1,GMDCSA24,GMDCSA24:2,0,16,16,16,10,10,1.5001714481655046,0,78
/data/final_project_dataset/GMDCSA24/Subject 2/ADL/18.mp4,standing,2,1,GMDCSA24,GMDCSA24:2,2,18,18,16,10,10,1.5001714481655046,0,78
/data/final_project_dataset/GMDCSA24/Subject 2/ADL/18.mp4,standing,2,1,GMDCSA24,GMDCSA24:2,4,20,20,16,10,10,1.5001714481655046,0,78
/data/final_project_dataset/GMDCSA24/Subject 2/ADL/18.mp4,standing,2,1,GMDCSA24,GMDCSA24:2,6,22,22,16,10,10,1.5001714481655046,0,78
/data/final_project_dataset/GMDCSA24/Subject 2/ADL/18.mp4,standing,2,1,GMDCSA24,GMDCSA24:2,8,24,24,16,10,10,1.5001714481655046,0,78
/data/final_project_dataset/GMDCSA24/Subject 2/ADL/18.mp4,standing,2,1,GMDCSA24,GMDCSA24:2,10,26,26,16,10,10,1.5001714481655046,0,78
/data/final_project_dataset/GMDCSA24/Subject 2/ADL/18.mp4,standing,2,1,GMDCSA24,GMDCSA24:2,12,28,28,16,10,10,1.5001714481655046,0,78
/data/final_project_dataset/GMDCSA24/Subject 2/ADL/18.mp4,standing,2,1,GMDCSA24,GMDCSA24:2,14,30,30,16,10,10,1.5001714481655046,0,78
/data/final_project_dataset/GMDCSA24/Subject 2/ADL/18.mp4,standing,2,1,GMDCSA24,GMDCSA24:2,16,32,32,16,10,10,1.5001714481655046,0,78
/data/final_project_dataset/GMDCSA24/Subject 2/ADL/18.mp4,standing,2,1,GMDCSA24,GMDCSA24:2,18,34,34,16,10,10,1.5001714481655046,0,78
/data/final_project_dataset/GMDCSA24/Subject 2/ADL/18.mp4,standing,2,1,GMDCSA24,GMDCSA24:2,20,36,36,16,10,10,1.5001714481655046,0,78
/data/final_project_dataset/GMDCSA24/Subject 2/ADL/18.mp4,standing,2,1,GMDCSA24,GMDCSA24:2,22,38,38,16,10,10,1.5001714481655046,0,78
/data/final_project_dataset/GMDCSA24/Subject 2/ADL/18.mp4,standing,2,1,GMDCSA24,GMDCSA24:2,24,40,40,16,10,10,1.5001714481655046,0,78
/data/final_project_dataset/GMDCSA24/Subject 2/ADL/18.mp4,standing,2,1,GMDCSA24,GMDCSA24:2,26,42,42,16,10,10,1.5001714481655046,0,78
/data/final_project_dataset/GMDCSA24/Subject 2/ADL/18.mp4,standing,2,1,GMDCSA24,GMDCSA24:2,28,44,44,16,10,10,1.5001714481655046,0,78
/data/final_project_dataset/GMDCSA24/Subject 2/ADL/18.mp4,standing,2,1,GMDCSA24,GMDCSA24:2,30,46,46,16,10,10,1.5001714481655046,0,78
/data/final_project_dataset/GMDCSA24/Subject 2/ADL/18.mp4,standing,2,1,GMDCSA24,GMDCSA24:2,32,48,48,16,10,10,1.5001714481655046,0,78
/data/final_project_dataset/GMDCSA24/Subject 2/ADL/18.mp4,standing,2,1,GMDCSA24,GMDCSA24:2,34,50,50,16,10,10,1.5001714481655046,0,78
/data/final_project_dataset/GMDCSA24/Subject 2/ADL/18.mp4,standing,2,1,GMDCSA24,GMDCSA24:2,36,52,52,16,10,10,1.5001714481655046,0,78
/data/final_project_dataset/GMDCSA24/Subject 2/ADL/18.mp4,standing,2,1,GMDCSA24,GMDCSA24:2,38,54,54,16,10,10,1.5001714481655046,0,78
/data/final_project_dataset/GMDCSA24/Subject 2/ADL/18.mp4,standing,2,1,GMDCSA24,GMDCSA24:2,40,56,56,16,10,10,1.5001714481655046,0,78
/data/final_project_dataset/GMDCSA24/Subject 2/ADL/18.mp4,standing,2,1,GMDCSA24,GMDCSA24:2,42,58,58,16,10,10,1.5001714481655046,0,78
/data/final_project_dataset/GMDCSA24/Subject 2/ADL/18.mp4,standing,2,1,GMDCSA24,GMDCSA24:2,44,60,60,16,10,10,1.5001714481655046,0,78
/data/final_project_dataset/GMDCSA24/Subject 2/ADL/18.mp4,standing,2,1,GMDCSA24,GMDCSA24:2,46,62,62,16,10,10,1.5001714481655046,0,78
/data/final_project_dataset/GMDCSA24/Subject 2/ADL/18.mp4,standing,2,1,GMDCSA24,GMDCSA24:2,48,64,64,16,10,10,1.5001714481655046,0,78
/data/final_project_dataset/GMDCSA24/Subject 2/ADL/18.mp4,standing,2,1,GMDCSA24,GMDCSA24:2,50,66,66,16,10,10,1.5001714481655046,0,78
/data/final_project_dataset/GMDCSA24/Subject 2/ADL/18.mp4,standing,2,1,GMDCSA24,GMDCSA24:2,52,68,68,16,10,10,1.5001714481655046,0,78
/data/final_project_dataset/GMDCSA24/Subject 2/ADL/01.mp4,walk,2,1,GMDCSA24,GMDCSA24:2,34,50,50,16,10,10,2.9841139814516837,0,79
/data/final_project_dataset/GMDCSA24/Subject 2/ADL/01.mp4,walk,2,1,GMDCSA24,GMDCSA24:2,36,52,52,16,10,10,2.9841139814516837,0,79
/data/final_project_dataset/GMDCSA24/Subject 2/ADL/01.mp4,walk,2,1,GMDCSA24,GMDCSA24:2,38,54,54,16,10,10,2.9841139814516837,0,79
/data/final_project_dataset/GMDCSA24/Subject 2/ADL/01.mp4,walk,2,1,GMDCSA24,GMDCSA24:2,40,56,56,16,10,10,2.9841139814516837,0,79
/data/final_project_dataset/GMDCSA24/Subject 2/ADL/01.mp4,walk,2,1,GMDCSA24,GMDCSA24:2,42,58,58,16,10,10,2.9841139814516837,0,79
/data/final_project_dataset/GMDCSA24/Subject 2/ADL/01.mp4,walk,2,1,GMDCSA24,GMDCSA24:2,44,60,60,16,10,10,2.9841139814516837,0,79
/data/final_project_dataset/GMDCSA24/Subject 2/ADL/01.mp4,walk,2,1,GMDCSA24,GMDCSA24:2,46,62,62,16,10,10,2.9841139814516837,0,79
/data/final_project_dataset/GMDCSA24/Subject 2/ADL/01.mp4,walk,2,1,GMDCSA24,GMDCSA24:2,48,64,64,16,10,10,2.9841139814516837,0,79
/data/final_project_dataset/GMDCSA24/Subject 2/ADL/01.mp4,walk,2,1,GMDCSA24,GMDCSA24:2,50,66,66,16,10,10,2.9841139814516837,0,79
/data/final_project_dataset/GMDCSA24/Subject 2/ADL/01.mp4,walk,2,1,GMDCSA24,GMDCSA24:2,52,68,68,16,10,10,2.9841139814516837,0,79
/data/final_project_dataset/GMDCSA24/Subject 2/ADL/11.mp4,standing,2,1,GMDCSA24,GMDCSA24:2,38,54,54,16,10,10,2.984387048961974,0,79
/data/final_project_dataset/GMDCSA24/Subject 2/ADL/11.mp4,standing,2,1,GMDCSA24,GMDCSA24:2,40,56,56,16,10,10,2.984387048961974,0,79
/data/final_project_dataset/GMDCSA24/Subject 2/ADL/11.mp4,standing,2,1,GMDCSA24,GMDCSA24:2,42,58,58,16,10,10,2.984387048961974,0,79
/data/final_project_dataset/GMDCSA24/Subject 2/ADL/11.mp4,standing,2,1,GMDCSA24,GMDCSA24:2,44,60,60,16,10,10,2.984387048961974,0,79
/data/final_project_dataset/GMDCSA24/Subject 2/ADL/11.mp4,standing,2,1,GMDCSA24,GMDCSA24:2,46,62,62,16,10,10,2.984387048961974,0,79
/data/final_project_dataset/GMDCSA24/Subject 2/ADL/11.mp4,standing,2,1,GMDCSA24,GMDCSA24:2,48,64,64,16,10,10,2.984387048961974,0,79
/data/final_project_dataset/GMDCSA24/Subject 2/ADL/11.mp4,standing,2,1,GMDCSA24,GMDCSA24:2,50,66,66,16,10,10,2.984387048961974,0,79
/data/final_project_dataset/GMDCSA24/Subject 2/ADL/11.mp4,standing,2,1,GMDCSA24,GMDCSA24:2,52,68,68,16,10,10,2.984387048961974,0,79
/data/final_project_dataset/GMDCSA24/Subject 2/ADL/07.mp4,standing,2,1,GMDCSA24,GMDCSA24:2,0,16,16,16,10,10,2.9861314205673652,0,82
/data/final_project_dataset/GMDCSA24/Subject 2/ADL/07.mp4,standing,2,1,GMDCSA24,GMDCSA24:2,2,18,18,16,10,10,2.9861314205673652,0,82
/data/final_project_dataset/GMDCSA24/Subject 2/ADL/07.mp4,standing,2,1,GMDCSA24,GMDCSA24:2,4,20,20,16,10,10,2.9861314205673652,0,82
/data/final_project_dataset/GMDCSA24/Subject 2/ADL/07.mp4,standing,2,1,GMDCSA24,GMDCSA24:2,6,22,22,16,10,10,2.9861314205673652,0,82
/data/final_project_dataset/GMDCSA24/Subject 2/ADL/07.mp4,standing,2,1,GMDCSA24,GMDCSA24:2,8,24,24,16,10,10,2.9861314205673652,0,82
/data/final_project_dataset/GMDCSA24/Subject 2/ADL/07.mp4,standing,2,1,GMDCSA24,GMDCSA24:2,10,26,26,16,10,10,2.9861314205673652,0,82
/data/final_project_dataset/GMDCSA24/Subject 2/ADL/07.mp4,standing,2,1,GMDCSA24,GMDCSA24:2,12,28,28,16,10,10,2.9861314205673652,0,82
/data/final_project_dataset/GMDCSA24/Subject 2/ADL/07.mp4,standing,2,1,GMDCSA24,GMDCSA24:2,14,30,30,16,10,10,2.9861314205673652,0,82
/data/final_project_dataset/GMDCSA24/Subject 2/ADL/07.mp4,standing,2,1,GMDCSA24,GMDCSA24:2,16,32,32,16,10,10,2.9861314205673652,0,82
/data/final_project_dataset/GMDCSA24/Subject 2/ADL/07.mp4,standing,2,1,GMDCSA24,GMDCSA24:2,18,34,34,16,10,10,2.9861314205673652,0,82
/data/final_project_dataset/GMDCSA24/Subject 2/ADL/07.mp4,standing,2,1,GMDCSA24,GMDCSA24:2,20,36,36,16,10,10,2.9861314205673652,0,82
/data/final_project_dataset/GMDCSA24/Subject 2/ADL/07.mp4,standing,2,1,GMDCSA24,GMDCSA24:2,22,38,38,16,10,10,2.9861314205673652,0,82
/data/final_project_dataset/GMDCSA24/Subject 2/ADL/07.mp4,standing,2,1,GMDCSA24,GMDCSA24:2,24,40,40,16,10,10,2.9861314205673652,0,82
/data/final_project_dataset/GMDCSA24/Subject 2/ADL/07.mp4,standing,2,1,GMDCSA24,GMDCSA24:2,26,42,42,16,10,10,2.9861314205673652,0,82
/data/final_project_dataset/GMDCSA24/Subject 2/ADL/07.mp4,standing,2,1,GMDCSA24,GMDCSA24:2,28,44,44,16,10,10,2.9861314205673652,0,82
/data/final_project_dataset/GMDCSA24/Subject 2/ADL/07.mp4,standing,2,1,GMDCSA24,GMDCSA24:2,30,46,46,16,10,10,2.9861314205673652,0,82
/data/final_project_dataset/GMDCSA24/Subject 2/ADL/07.mp4,standing,2,1,GMDCSA24,GMDCSA24:2,32,48,48,16,10,10,2.9861314205673652,0,82
/data/final_project_dataset/GMDCSA24/Subject 2/ADL/07.mp4,standing,2,1,GMDCSA24,GMDCSA24:2,34,50,50,16,10,10,2.9861314205673652,0,82
/data/final_project_dataset/GMDCSA24/Subject 2/ADL/07.mp4,standing,2,1,GMDCSA24,GMDCSA24:2,36,52,52,16,10,10,2.9861314205673652,0,82
/data/final_project_dataset/GMDCSA24/Subject 2/ADL/07.mp4,standing,2,1,GMDCSA24,GMDCSA24:2,38,54,54,16,10,10,2.9861314205673652,0,82
/data/final_project_dataset/GMDCSA24/Subject 2/ADL/07.mp4,standing,2,1,GMDCSA24,GMDCSA24:2,40,56,56,16,10,10,2.9861314205673652,0,82
/data/final_project_dataset/GMDCSA24/Subject 2/ADL/07.mp4,standing,2,1,GMDCSA24,GMDCSA24:2,42,58,58,16,10,10,2.9861314205673652,0,82
/data/final_project_dataset/GMDCSA24/Subject 2/ADL/07.mp4,standing,2,1,GMDCSA24,GMDCSA24:2,44,60,60,16,10,10,2.9861314205673652,0,82
/data/final_project_dataset/GMDCSA24/Subject 2/ADL/07.mp4,standing,2,1,GMDCSA24,GMDCSA24:2,46,62,62,16,10,10,2.9861314205673652,0,82
/data/final_project_dataset/GMDCSA24/Subject 2/ADL/07.mp4,standing,2,1,GMDCSA24,GMDCSA24:2,48,64,64,16,10,10,2.9861314205673652,0,82
/data/final_project_dataset/GMDCSA24/Subject 2/ADL/07.mp4,standing,2,1,GMDCSA24,GMDCSA24:2,50,66,66,16,10,10,2.9861314205673652,0,82
/data/final_project_dataset/GMDCSA24/Subject 2/ADL/07.mp4,standing,2,1,GMDCSA24,GMDCSA24:2,52,68,68,16,10,10,2.9861314205673652,0,82
/data/final_project_dataset/GMDCSA24/Subject 2/ADL/07.mp4,standing,2,1,GMDCSA24,GMDCSA24:2,54,70,70,16,10,10,2.9861314205673652,0,82
/data/final_project_dataset/GMDCSA24/Subject 2/ADL/07.mp4,standing,2,1,GMDCSA24,GMDCSA24:2,56,72,72,16,10,10,2.9861314205673652,0,82
/data/final_project_dataset/GMDCSA24/Subject 2/ADL/14.mp4,sitting,2,1,GMDCSA24,GMDCSA24:2,8,24,24,16,10,10,1.5012344488088096,0,83
/data/final_project_dataset/GMDCSA24/Subject 2/ADL/14.mp4,sitting,2,1,GMDCSA24,GMDCSA24:2,10,26,26,16,10,10,1.5012344488088096,0,83
/data/final_project_dataset/GMDCSA24/Subject 2/ADL/14.mp4,sitting,2,1,GMDCSA24,GMDCSA24:2,12,28,28,16,10,10,1.5012344488088096,0,83
/data/final_project_dataset/GMDCSA24/Subject 2/ADL/14.mp4,sitting,2,1,GMDCSA24,GMDCSA24:2,14,30,30,16,10,10,1.5012344488088096,0,83
/data/final_project_dataset/GMDCSA24/Subject 2/ADL/14.mp4,sitting,2,1,GMDCSA24,GMDCSA24:2,16,32,32,16,10,10,1.5012344488088096,0,83
/data/final_project_dataset/GMDCSA24/Subject 2/ADL/14.mp4,sitting,2,1,GMDCSA24,GMDCSA24:2,18,34,34,16,10,10,1.5012344488088096,0,83
/data/final_project_dataset/GMDCSA24/Subject 2/ADL/14.mp4,sitting,2,1,GMDCSA24,GMDCSA24:2,20,36,36,16,10,10,1.5012344488088096,0,83
/data/final_project_dataset/GMDCSA24/Subject 2/ADL/14.mp4,sitting,2,1,GMDCSA24,GMDCSA24:2,22,38,38,16,10,10,1.5012344488088096,0,83
/data/final_project_dataset/GMDCSA24/Subject 2/ADL/14.mp4,sitting,2,1,GMDCSA24,GMDCSA24:2,24,40,40,16,10,10,1.5012344488088096,0,83
/data/final_project_dataset/GMDCSA24/Subject 2/ADL/14.mp4,sitting,2,1,GMDCSA24,GMDCSA24:2,26,42,42,16,10,10,1.5012344488088096,0,83
/data/final_project_dataset/GMDCSA24/Subject 2/ADL/14.mp4,sitting,2,1,GMDCSA24,GMDCSA24:2,28,44,44,16,10,10,1.5012344488088096,0,83
/data/final_project_dataset/GMDCSA24/Subject 2/ADL/14.mp4,sitting,2,1,GMDCSA24,GMDCSA24:2,30,46,46,16,10,10,1.5012344488088096,0,83
/data/final_project_dataset/GMDCSA24/Subject 2/ADL/14.mp4,sitting,2,1,GMDCSA24,GMDCSA24:2,32,48,48,16,10,10,1.5012344488088096,0,83
/data/final_project_dataset/GMDCSA24/Subject 2/ADL/14.mp4,sitting,2,1,GMDCSA24,GMDCSA24:2,34,50,50,16,10,10,1.5012344488088096,0,83
/data/final_project_dataset/GMDCSA24/Subject 2/ADL/14.mp4,sitting,2,1,GMDCSA24,GMDCSA24:2,36,52,52,16,10,10,1.5012344488088096,0,83
/data/final_project_dataset/GMDCSA24/Subject 2/ADL/14.mp4,sitting,2,1,GMDCSA24,GMDCSA24:2,38,54,54,16,10,10,1.5012344488088096,0,83
/data/final_project_dataset/GMDCSA24/Subject 2/ADL/14.mp4,sitting,2,1,GMDCSA24,GMDCSA24:2,40,56,56,16,10,10,1.5012344488088096,0,83
/data/final_project_dataset/GMDCSA24/Subject 2/ADL/14.mp4,sitting,2,1,GMDCSA24,GMDCSA24:2,42,58,58,16,10,10,1.5012344488088096,0,83
/data/final_project_dataset/GMDCSA24/Subject 2/ADL/14.mp4,sitting,2,1,GMDCSA24,GMDCSA24:2,44,60,60,16,10,10,1.5012344488088096,0,83
/data/final_project_dataset/GMDCSA24/Subject 2/ADL/14.mp4,sitting,2,1,GMDCSA24,GMDCSA24:2,46,62,62,16,10,10,1.5012344488088096,0,83
/data/final_project_dataset/GMDCSA24/Subject 2/ADL/14.mp4,sitting,2,1,GMDCSA24,GMDCSA24:2,48,64,64,16,10,10,1.5012344488088096,0,83
/data/final_project_dataset/GMDCSA24/Subject 2/ADL/14.mp4,sitting,2,1,GMDCSA24,GMDCSA24:2,50,66,66,16,10,10,1.5012344488088096,0,83
/data/final_project_dataset/GMDCSA24/Subject 2/ADL/14.mp4,sitting,2,1,GMDCSA24,GMDCSA24:2,52,68,68,16,10,10,1.5012344488088096,0,83
/data/final_project_dataset/GMDCSA24/Subject 2/ADL/14.mp4,sitting,2,1,GMDCSA24,GMDCSA24:2,54,70,70,16,10,10,1.5012344488088096,0,83
/data/final_project_dataset/GMDCSA24/Subject 2/ADL/14.mp4,sitting,2,1,GMDCSA24,GMDCSA24:2,56,72,72,16,10,10,1.5012344488088096,0,83
/data/final_project_dataset/GMDCSA24/Subject 2/ADL/06.mp4,sit_down,2,1,GMDCSA24,GMDCSA24:2,36,52,52,16,10,10,2.985102386222032,0,87
/data/final_project_dataset/GMDCSA24/Subject 2/ADL/06.mp4,sit_down,2,1,GMDCSA24,GMDCSA24:2,38,54,54,16,10,10,2.985102386222032,0,87
/data/final_project_dataset/GMDCSA24/Subject 2/ADL/06.mp4,sit_down,2,1,GMDCSA24,GMDCSA24:2,40,56,56,16,10,10,2.985102386222032,0,87
/data/final_project_dataset/GMDCSA24/Subject 2/ADL/06.mp4,sit_down,2,1,GMDCSA24,GMDCSA24:2,42,58,58,16,10,10,2.985102386222032,0,87
/data/final_project_dataset/GMDCSA24/Subject 2/ADL/06.mp4,sit_down,2,1,GMDCSA24,GMDCSA24:2,44,60,60,16,10,10,2.985102386222032,0,87
/data/final_project_dataset/GMDCSA24/Subject 2/ADL/06.mp4,sit_down,2,1,GMDCSA24,GMDCSA24:2,46,62,62,16,10,10,2.985102386222032,0,87
/data/final_project_dataset/GMDCSA24/Subject 2/ADL/06.mp4,sit_down,2,1,GMDCSA24,GMDCSA24:2,48,64,64,16,10,10,2.985102386222032,0,87
/data/final_project_dataset/GMDCSA24/Subject 2/ADL/06.mp4,sit_down,2,1,GMDCSA24,GMDCSA24:2,50,66,66,16,10,10,2.985102386222032,0,87
/data/final_project_dataset/GMDCSA24/Subject 2/ADL/06.mp4,sit_down,2,1,GMDCSA24,GMDCSA24:2,52,68,68,16,10,10,2.985102386222032,0,87
/data/final_project_dataset/GMDCSA24/Subject 2/ADL/06.mp4,sit_down,2,1,GMDCSA24,GMDCSA24:2,54,70,70,16,10,10,2.985102386222032,0,87
/data/final_project_dataset/GMDCSA24/Subject 2/ADL/06.mp4,sit_down,2,1,GMDCSA24,GMDCSA24:2,56,72,72,16,10,10,2.985102386222032,0,87
/data/final_project_dataset/GMDCSA24/Subject 2/ADL/06.mp4,sit_down,2,1,GMDCSA24,GMDCSA24:2,58,74,74,16,10,10,2.985102386222032,0,87
/data/final_project_dataset/GMDCSA24/Subject 2/ADL/06.mp4,sit_down,2,1,GMDCSA24,GMDCSA24:2,60,76,76,16,10,10,2.985102386222032,0,87
/data/final_project_dataset/GMDCSA24/Subject 2/Fall/18.mp4,fall,2,1,GMDCSA24,GMDCSA24:2,48,64,64,16,10,10,2.9860994904877587,0,94
/data/final_project_dataset/GMDCSA24/Subject 2/Fall/18.mp4,fall,2,1,GMDCSA24,GMDCSA24:2,50,66,66,16,10,10,2.9860994904877587,0,94
/data/final_project_dataset/GMDCSA24/Subject 2/Fall/18.mp4,fall,2,1,GMDCSA24,GMDCSA24:2,52,68,68,16,10,10,2.9860994904877587,0,94
/data/final_project_dataset/GMDCSA24/Subject 2/Fall/18.mp4,fall,2,1,GMDCSA24,GMDCSA24:2,54,70,70,16,10,10,2.9860994904877587,0,94
/data/final_project_dataset/GMDCSA24/Subject 2/Fall/18.mp4,fall,2,1,GMDCSA24,GMDCSA24:2,56,72,72,16,10,10,2.9860994904877587,0,94
/data/final_project_dataset/GMDCSA24/Subject 2/Fall/18.mp4,fall,2,1,GMDCSA24,GMDCSA24:2,58,74,74,16,10,10,2.9860994904877587,0,94
/data/final_project_dataset/GMDCSA24/Subject 2/Fall/18.mp4,fall,2,1,GMDCSA24,GMDCSA24:2,60,76,76,16,10,10,2.9860994904877587,0,94
/data/final_project_dataset/GMDCSA24/Subject 2/Fall/18.mp4,fall,2,1,GMDCSA24,GMDCSA24:2,62,78,78,16,10,10,2.9860994904877587,0,94
/data/final_project_dataset/GMDCSA24/Subject 2/Fall/18.mp4,fall,2,1,GMDCSA24,GMDCSA24:2,64,80,80,16,10,10,2.9860994904877587,0,94
/data/final_project_dataset/GMDCSA24/Subject 2/Fall/18.mp4,fall,2,1,GMDCSA24,GMDCSA24:2,66,82,82,16,10,10,2.9860994904877587,0,94
/data/final_project_dataset/GMDCSA24/Subject 2/Fall/18.mp4,fall,2,1,GMDCSA24,GMDCSA24:2,68,84,84,16,10,10,2.9860994904877587,1,94
/data/final_project_dataset/GMDCSA24/Subject 2/Fall/18.mp4,fall,2,1,GMDCSA24,GMDCSA24:2,70,86,86,16,10,10,2.9860994904877587,1,94
/data/final_project_dataset/GMDCSA24/Subject 2/Fall/18.mp4,fall,2,1,GMDCSA24,GMDCSA24:2,72,88,88,16,10,10,2.9860994904877587,1,94
/data/final_project_dataset/GMDCSA24/Subject 2/Fall/18.mp4,fall,2,1,GMDCSA24,GMDCSA24:2,74,90,90,16,10,10,2.9860994904877587,1,94
/data/final_project_dataset/GMDCSA24/Subject 2/Fall/18.mp4,fall,2,1,GMDCSA24,GMDCSA24:2,76,92,92,16,10,10,2.9860994904877587,1,94
/data/final_project_dataset/GMDCSA24/Subject 2/ADL/20.mp4,sitting,2,1,GMDCSA24,GMDCSA24:2,40,56,56,16,10,10,1.5001628748264098,0,102
/data/final_project_dataset/GMDCSA24/Subject 2/ADL/20.mp4,sitting,2,1,GMDCSA24,GMDCSA24:2,42,58,58,16,10,10,1.5001628748264098,0,102
/data/final_project_dataset/GMDCSA24/Subject 2/ADL/20.mp4,sitting,2,1,GMDCSA24,GMDCSA24:2,44,60,60,16,10,10,1.5001628748264098,0,102
/data/final_project_dataset/GMDCSA24/Subject 2/ADL/20.mp4,sitting,2,1,GMDCSA24,GMDCSA24:2,46,62,62,16,10,10,1.5001628748264098,0,102
/data/final_project_dataset/GMDCSA24/Subject 2/ADL/20.mp4,sitting,2,1,GMDCSA24,GMDCSA24:2,48,64,64,16,10,10,1.5001628748264098,0,102
/data/final_project_dataset/GMDCSA24/Subject 2/ADL/20.mp4,sitting,2,1,GMDCSA24,GMDCSA24:2,50,66,66,16,10,10,1.5001628748264098,0,102
/data/final_project_dataset/GMDCSA24/Subject 2/ADL/20.mp4,sitting,2,1,GMDCSA24,GMDCSA24:2,52,68,68,16,10,10,1.5001628748264098,0,102
/data/final_project_dataset/GMDCSA24/Subject 2/ADL/20.mp4,sitting,2,1,GMDCSA24,GMDCSA24:2,54,70,70,16,10,10,1.5001628748264098,0,102
/data/final_project_dataset/GMDCSA24/Subject 2/ADL/20.mp4,sitting,2,1,GMDCSA24,GMDCSA24:2,56,72,72,16,10,10,1.5001628748264098,0,102
/data/final_project_dataset/GMDCSA24/Subject 2/ADL/20.mp4,sitting,2,1,GMDCSA24,GMDCSA24:2,58,74,74,16,10,10,1.5001628748264098,0,102
/data/final_project_dataset/GMDCSA24/Subject 2/ADL/20.mp4,sitting,2,1,GMDCSA24,GMDCSA24:2,60,76,76,16,10,10,1.5001628748264098,0,102
/data/final_project_dataset/GMDCSA24/Subject 2/ADL/20.mp4,sitting,2,1,GMDCSA24,GMDCSA24:2,62,78,78,16,10,10,1.5001628748264098,0,102
/data/final_project_dataset/GMDCSA24/Subject 2/ADL/20.mp4,sitting,2,1,GMDCSA24,GMDCSA24:2,64,80,80,16,10,10,1.5001628748264098,0,102
/data/final_project_dataset/GMDCSA24/Subject 2/ADL/20.mp4,sitting,2,1,GMDCSA24,GMDCSA24:2,66,82,82,16,10,10,1.5001628748264098,0,102
/data/final_project_dataset/GMDCSA24/Subject 2/ADL/20.mp4,sitting,2,1,GMDCSA24,GMDCSA24:2,68,84,84,16,10,10,1.5001628748264098,0,102
/data/final_project_dataset/GMDCSA24/Subject 2/ADL/20.mp4,sitting,2,1,GMDCSA24,GMDCSA24:2,70,86,86,16,10,10,1.5001628748264098,0,102
/data/final_project_dataset/GMDCSA24/Subject 2/ADL/20.mp4,sitting,2,1,GMDCSA24,GMDCSA24:2,72,88,88,16,10,10,1.5001628748264098,0,102
/data/final_project_dataset/GMDCSA24/Subject 2/ADL/20.mp4,sitting,2,1,GMDCSA24,GMDCSA24:2,74,90,90,16,10,10,1.5001628748264098,0,102
/data/final_project_dataset/GMDCSA24/Subject 2/ADL/20.mp4,sitting,2,1,GMDCSA24,GMDCSA24:2,76,92,92,16,10,10,1.5001628748264098,0,102
/data/final_project_dataset/GMDCSA24/Subject 2/ADL/16.mp4,lying,2,1,GMDCSA24,GMDCSA24:2,52,68,68,16,10,10,1.4994626203325976,0,102
/data/final_project_dataset/GMDCSA24/Subject 2/ADL/16.mp4,lying,2,1,GMDCSA24,GMDCSA24:2,54,70,70,16,10,10,1.4994626203325976,0,102
/data/final_project_dataset/GMDCSA24/Subject 2/ADL/16.mp4,lying,2,1,GMDCSA24,GMDCSA24:2,56,72,72,16,10,10,1.4994626203325976,0,102
/data/final_project_dataset/GMDCSA24/Subject 2/ADL/16.mp4,lying,2,1,GMDCSA24,GMDCSA24:2,58,74,74,16,10,10,1.4994626203325976,0,102
/data/final_project_dataset/GMDCSA24/Subject 2/ADL/16.mp4,lying,2,1,GMDCSA24,GMDCSA24:2,60,76,76,16,10,10,1.4994626203325976,0,102
/data/final_project_dataset/GMDCSA24/Subject 2/ADL/16.mp4,lying,2,1,GMDCSA24,GMDCSA24:2,62,78,78,16,10,10,1.4994626203325976,0,102
/data/final_project_dataset/GMDCSA24/Subject 2/ADL/16.mp4,lying,2,1,GMDCSA24,GMDCSA24:2,64,80,80,16,10,10,1.4994626203325976,0,102
/data/final_project_dataset/GMDCSA24/Subject 2/ADL/16.mp4,lying,2,1,GMDCSA24,GMDCSA24:2,66,82,82,16,10,10,1.4994626203325976,0,102
/data/final_project_dataset/GMDCSA24/Subject 2/ADL/16.mp4,lying,2,1,GMDCSA24,GMDCSA24:2,68,84,84,16,10,10,1.4994626203325976,0,102
/data/final_project_dataset/GMDCSA24/Subject 2/ADL/16.mp4,lying,2,1,GMDCSA24,GMDCSA24:2,70,86,86,16,10,10,1.4994626203325976,0,102
/data/final_project_dataset/GMDCSA24/Subject 2/ADL/16.mp4,lying,2,1,GMDCSA24,GMDCSA24:2,72,88,88,16,10,10,1.4994626203325976,0,102
/data/final_project_dataset/GMDCSA24/Subject 2/ADL/16.mp4,lying,2,1,GMDCSA24,GMDCSA24:2,74,90,90,16,10,10,1.4994626203325976,0,102
/data/final_project_dataset/GMDCSA24/Subject 2/ADL/16.mp4,lying,2,1,GMDCSA24,GMDCSA24:2,76,92,92,16,10,10,1.4994626203325976,0,102
/data/final_project_dataset/GMDCSA24/Subject 2/ADL/05.mp4,sit_down,2,1,GMDCSA24,GMDCSA24:2,50,66,66,16,10,10,2.9858932720336737,0,103
/data/final_project_dataset/GMDCSA24/Subject 2/ADL/05.mp4,sit_down,2,1,GMDCSA24,GMDCSA24:2,52,68,68,16,10,10,2.9858932720336737,0,103
/data/final_project_dataset/GMDCSA24/Subject 2/ADL/05.mp4,sit_down,2,1,GMDCSA24,GMDCSA24:2,54,70,70,16,10,10,2.9858932720336737,0,103
/data/final_project_dataset/GMDCSA24/Subject 2/ADL/05.mp4,sit_down,2,1,GMDCSA24,GMDCSA24:2,56,72,72,16,10,10,2.9858932720336737,0,103
/data/final_project_dataset/GMDCSA24/Subject 2/ADL/05.mp4,sit_down,2,1,GMDCSA24,GMDCSA24:2,58,74,74,16,10,10,2.9858932720336737,0,103
/data/final_project_dataset/GMDCSA24/Subject 2/ADL/05.mp4,sit_down,2,1,GMDCSA24,GMDCSA24:2,60,76,76,16,10,10,2.9858932720336737,0,103
/data/final_project_dataset/GMDCSA24/Subject 2/ADL/05.mp4,sit_down,2,1,GMDCSA24,GMDCSA24:2,62,78,78,16,10,10,2.9858932720336737,0,103
/data/final_project_dataset/GMDCSA24/Subject 2/ADL/05.mp4,sit_down,2,1,GMDCSA24,GMDCSA24:2,64,80,80,16,10,10,2.9858932720336737,0,103
/data/final_project_dataset/GMDCSA24/Subject 2/ADL/05.mp4,sit_down,2,1,GMDCSA24,GMDCSA24:2,66,82,82,16,10,10,2.9858932720336737,0,103
/data/final_project_dataset/GMDCSA24/Subject 2/ADL/05.mp4,sit_down,2,1,GMDCSA24,GMDCSA24:2,68,84,84,16,10,10,2.9858932720336737,0,103
/data/final_project_dataset/GMDCSA24/Subject 2/ADL/05.mp4,sit_down,2,1,GMDCSA24,GMDCSA24:2,70,86,86,16,10,10,2.9858932720336737,0,103
/data/final_project_dataset/GMDCSA24/Subject 2/ADL/05.mp4,sit_down,2,1,GMDCSA24,GMDCSA24:2,72,88,88,16,10,10,2.9858932720336737,0,103
/data/final_project_dataset/GMDCSA24/Subject 2/ADL/05.mp4,sit_down,2,1,GMDCSA24,GMDCSA24:2,74,90,90,16,10,10,2.9858932720336737,0,103
/data/final_project_dataset/GMDCSA24/Subject 2/ADL/05.mp4,sit_down,2,1,GMDCSA24,GMDCSA24:2,76,92,92,16,10,10,2.9858932720336737,0,103
/data/final_project_dataset/GMDCSA24/Subject 2/ADL/03.mp4,lying,2,1,GMDCSA24,GMDCSA24:2,42,58,58,16,10,10,2.982240589746454,0,105
/data/final_project_dataset/GMDCSA24/Subject 2/ADL/03.mp4,lying,2,1,GMDCSA24,GMDCSA24:2,44,60,60,16,10,10,2.982240589746454,0,105
/data/final_project_dataset/GMDCSA24/Subject 2/ADL/03.mp4,lying,2,1,GMDCSA24,GMDCSA24:2,46,62,62,16,10,10,2.982240589746454,0,105
/data/final_project_dataset/GMDCSA24/Subject 2/ADL/03.mp4,lying,2,1,GMDCSA24,GMDCSA24:2,48,64,64,16,10,10,2.982240589746454,0,105
/data/final_project_dataset/GMDCSA24/Subject 2/ADL/03.mp4,lying,2,1,GMDCSA24,GMDCSA24:2,50,66,66,16,10,10,2.982240589746454,0,105
/data/final_project_dataset/GMDCSA24/Subject 2/ADL/03.mp4,lying,2,1,GMDCSA24,GMDCSA24:2,52,68,68,16,10,10,2.982240589746454,0,105
/data/final_project_dataset/GMDCSA24/Subject 2/ADL/03.mp4,lying,2,1,GMDCSA24,GMDCSA24:2,54,70,70,16,10,10,2.982240589746454,0,105
/data/final_project_dataset/GMDCSA24/Subject 2/ADL/03.mp4,lying,2,1,GMDCSA24,GMDCSA24:2,56,72,72,16,10,10,2.982240589746454,0,105
/data/final_project_dataset/GMDCSA24/Subject 2/ADL/03.mp4,lying,2,1,GMDCSA24,GMDCSA24:2,58,74,74,16,10,10,2.982240589746454,0,105
/data/final_project_dataset/GMDCSA24/Subject 2/ADL/03.mp4,lying,2,1,GMDCSA24,GMDCSA24:2,60,76,76,16,10,10,2.982240589746454,0,105
/data/final_project_dataset/GMDCSA24/Subject 2/ADL/03.mp4,lying,2,1,GMDCSA24,GMDCSA24:2,62,78,78,16,10,10,2.982240589746454,0,105
/data/final_project_dataset/GMDCSA24/Subject 2/ADL/03.mp4,lying,2,1,GMDCSA24,GMDCSA24:2,64,80,80,16,10,10,2.982240589746454,0,105
/data/final_project_dataset/GMDCSA24/Subject 2/ADL/03.mp4,lying,2,1,GMDCSA24,GMDCSA24:2,66,82,82,16,10,10,2.982240589746454,0,105
/data/final_project_dataset/GMDCSA24/Subject 2/ADL/03.mp4,lying,2,1,GMDCSA24,GMDCSA24:2,68,84,84,16,10,10,2.982240589746454,0,105
/data/final_project_dataset/GMDCSA24/Subject 2/ADL/03.mp4,lying,2,1,GMDCSA24,GMDCSA24:2,70,86,86,16,10,10,2.982240589746454,0,105
/data/final_project_dataset/GMDCSA24/Subject 2/ADL/03.mp4,lying,2,1,GMDCSA24,GMDCSA24:2,72,88,88,16,10,10,2.982240589746454,0,105
/data/final_project_dataset/GMDCSA24/Subject 2/ADL/03.mp4,lying,2,1,GMDCSA24,GMDCSA24:2,74,90,90,16,10,10,2.982240589746454,0,105
/data/final_project_dataset/GMDCSA24/Subject 2/ADL/03.mp4,lying,2,1,GMDCSA24,GMDCSA24:2,76,92,92,16,10,10,2.982240589746454,0,105
/data/final_project_dataset/GMDCSA24/Subject 2/ADL/03.mp4,lying,2,1,GMDCSA24,GMDCSA24:2,78,94,94,16,10,10,2.982240589746454,0,105
/data/final_project_dataset/GMDCSA24/Subject 2/ADL/08.mp4,standing,2,1,GMDCSA24,GMDCSA24:2,0,16,16,16,10,10,2.985598876009835,0,110
/data/final_project_dataset/GMDCSA24/Subject 2/ADL/08.mp4,standing,2,1,GMDCSA24,GMDCSA24:2,2,18,18,16,10,10,2.985598876009835,0,110
/data/final_project_dataset/GMDCSA24/Subject 2/ADL/08.mp4,standing,2,1,GMDCSA24,GMDCSA24:2,4,20,20,16,10,10,2.985598876009835,0,110
/data/final_project_dataset/GMDCSA24/Subject 2/ADL/08.mp4,standing,2,1,GMDCSA24,GMDCSA24:2,6,22,22,16,10,10,2.985598876009835,0,110
/data/final_project_dataset/GMDCSA24/Subject 2/ADL/08.mp4,standing,2,1,GMDCSA24,GMDCSA24:2,8,24,24,16,10,10,2.985598876009835,0,110
/data/final_project_dataset/GMDCSA24/Subject 2/ADL/08.mp4,standing,2,1,GMDCSA24,GMDCSA24:2,10,26,26,16,10,10,2.985598876009835,0,110
/data/final_project_dataset/GMDCSA24/Subject 2/ADL/08.mp4,standing,2,1,GMDCSA24,GMDCSA24:2,12,28,28,16,10,10,2.985598876009835,0,110
/data/final_project_dataset/GMDCSA24/Subject 2/ADL/08.mp4,standing,2,1,GMDCSA24,GMDCSA24:2,14,30,30,16,10,10,2.985598876009835,0,110
/data/final_project_dataset/GMDCSA24/Subject 2/ADL/08.mp4,standing,2,1,GMDCSA24,GMDCSA24:2,16,32,32,16,10,10,2.985598876009835,0,110
/data/final_project_dataset/GMDCSA24/Subject 2/ADL/08.mp4,standing,2,1,GMDCSA24,GMDCSA24:2,18,34,34,16,10,10,2.985598876009835,0,110
/data/final_project_dataset/GMDCSA24/Subject 2/ADL/08.mp4,standing,2,1,GMDCSA24,GMDCSA24:2,20,36,36,16,10,10,2.985598876009835,0,110
/data/final_project_dataset/GMDCSA24/Subject 2/ADL/08.mp4,standing,2,1,GMDCSA24,GMDCSA24:2,22,38,38,16,10,10,2.985598876009835,0,110
/data/final_project_dataset/GMDCSA24/Subject 2/ADL/08.mp4,standing,2,1,GMDCSA24,GMDCSA24:2,24,40,40,16,10,10,2.985598876009835,0,110
/data/final_project_dataset/GMDCSA24/Subject 2/ADL/08.mp4,standing,2,1,GMDCSA24,GMDCSA24:2,26,42,42,16,10,10,2.985598876009835,0,110
/data/final_project_dataset/GMDCSA24/Subject 2/ADL/08.mp4,standing,2,1,GMDCSA24,GMDCSA24:2,28,44,44,16,10,10,2.985598876009835,0,110
/data/final_project_dataset/GMDCSA24/Subject 2/ADL/08.mp4,standing,2,1,GMDCSA24,GMDCSA24:2,30,46,46,16,10,10,2.985598876009835,0,110
/data/final_project_dataset/GMDCSA24/Subject 2/ADL/08.mp4,standing,2,1,GMDCSA24,GMDCSA24:2,32,48,48,16,10,10,2.985598876009835,0,110
/data/final_project_dataset/GMDCSA24/Subject 2/ADL/08.mp4,standing,2,1,GMDCSA24,GMDCSA24:2,34,50,50,16,10,10,2.985598876009835,0,110
/data/final_project_dataset/GMDCSA24/Subject 2/ADL/08.mp4,standing,2,1,GMDCSA24,GMDCSA24:2,36,52,52,16,10,10,2.985598876009835,0,110
/data/final_project_dataset/GMDCSA24/Subject 2/ADL/08.mp4,standing,2,1,GMDCSA24,GMDCSA24:2,38,54,54,16,10,10,2.985598876009835,0,110
/data/final_project_dataset/GMDCSA24/Subject 2/ADL/08.mp4,standing,2,1,GMDCSA24,GMDCSA24:2,40,56,56,16,10,10,2.985598876009835,0,110
/data/final_project_dataset/GMDCSA24/Subject 2/ADL/08.mp4,standing,2,1,GMDCSA24,GMDCSA24:2,42,58,58,16,10,10,2.985598876009835,0,110
/data/final_project_dataset/GMDCSA24/Subject 2/ADL/08.mp4,standing,2,1,GMDCSA24,GMDCSA24:2,44,60,60,16,10,10,2.985598876009835,0,110
/data/final_project_dataset/GMDCSA24/Subject 2/ADL/08.mp4,standing,2,1,GMDCSA24,GMDCSA24:2,46,62,62,16,10,10,2.985598876009835,0,110
/data/final_project_dataset/GMDCSA24/Subject 2/ADL/08.mp4,standing,2,1,GMDCSA24,GMDCSA24:2,48,64,64,16,10,10,2.985598876009835,0,110
/data/final_project_dataset/GMDCSA24/Subject 2/ADL/08.mp4,standing,2,1,GMDCSA24,GMDCSA24:2,50,66,66,16,10,10,2.985598876009835,0,110
/data/final_project_dataset/GMDCSA24/Subject 2/ADL/08.mp4,standing,2,1,GMDCSA24,GMDCSA24:2,52,68,68,16,10,10,2.985598876009835,0,110
/data/final_project_dataset/GMDCSA24/Subject 2/ADL/08.mp4,standing,2,1,GMDCSA24,GMDCSA24:2,54,70,70,16,10,10,2.985598876009835,0,110
/data/final_project_dataset/GMDCSA24/Subject 2/ADL/08.mp4,standing,2,1,GMDCSA24,GMDCSA24:2,56,72,72,16,10,10,2.985598876009835,0,110
/data/final_project_dataset/GMDCSA24/Subject 2/ADL/08.mp4,standing,2,1,GMDCSA24,GMDCSA24:2,58,74,74,16,10,10,2.985598876009835,0,110
/data/final_project_dataset/GMDCSA24/Subject 2/ADL/08.mp4,standing,2,1,GMDCSA24,GMDCSA24:2,60,76,76,16,10,10,2.985598876009835,0,110
/data/final_project_dataset/GMDCSA24/Subject 2/ADL/08.mp4,standing,2,1,GMDCSA24,GMDCSA24:2,62,78,78,16,10,10,2.985598876009835,0,110
/data/final_project_dataset/GMDCSA24/Subject 2/ADL/08.mp4,standing,2,1,GMDCSA24,GMDCSA24:2,64,80,80,16,10,10,2.985598876009835,0,110
/data/final_project_dataset/GMDCSA24/Subject 2/ADL/08.mp4,standing,2,1,GMDCSA24,GMDCSA24:2,66,82,82,16,10,10,2.985598876009835,0,110
/data/final_project_dataset/GMDCSA24/Subject 2/ADL/08.mp4,standing,2,1,GMDCSA24,GMDCSA24:2,68,84,84,16,10,10,2.985598876009835,0,110
/data/final_project_dataset/GMDCSA24/Subject 2/ADL/08.mp4,standing,2,1,GMDCSA24,GMDCSA24:2,70,86,86,16,10,10,2.985598876009835,0,110
/data/final_project_dataset/GMDCSA24/Subject 2/ADL/08.mp4,standing,2,1,GMDCSA24,GMDCSA24:2,72,88,88,16,10,10,2.985598876009835,0,110
/data/final_project_dataset/GMDCSA24/Subject 2/ADL/08.mp4,standing,2,1,GMDCSA24,GMDCSA24:2,74,90,90,16,10,10,2.985598876009835,0,110
/data/final_project_dataset/GMDCSA24/Subject 2/ADL/08.mp4,standing,2,1,GMDCSA24,GMDCSA24:2,76,92,92,16,10,10,2.985598876009835,0,110
/data/final_project_dataset/GMDCSA24/Subject 2/ADL/08.mp4,standing,2,1,GMDCSA24,GMDCSA24:2,78,94,94,16,10,10,2.985598876009835,0,110
/data/final_project_dataset/GMDCSA24/Subject 2/ADL/08.mp4,standing,2,1,GMDCSA24,GMDCSA24:2,80,96,96,16,10,10,2.985598876009835,0,110
/data/final_project_dataset/GMDCSA24/Subject 2/ADL/08.mp4,standing,2,1,GMDCSA24,GMDCSA24:2,82,98,98,16,10,10,2.985598876009835,0,110
/data/final_project_dataset/GMDCSA24/Subject 2/ADL/08.mp4,standing,2,1,GMDCSA24,GMDCSA24:2,84,100,100,16,10,10,2.985598876009835,0,110
/data/final_project_dataset/GMDCSA24/Subject 3/Fall/10.mp4,fall,3,1,GMDCSA24,GMDCSA24:3,0,16,16,16,10,10,2.987071226067327,1,17
/data/final_project_dataset/GMDCSA24/Subject 3/Fall/16.mp4,fall,3,1,GMDCSA24,GMDCSA24:3,0,16,16,16,10,10,1.496636679111228,1,17
/data/final_project_dataset/GMDCSA24/Subject 3/Fall/15.mp4,fall,3,1,GMDCSA24,GMDCSA24:3,0,16,16,16,10,10,1.504522417384019,1,19
/data/final_project_dataset/GMDCSA24/Subject 3/Fall/15.mp4,fall,3,1,GMDCSA24,GMDCSA24:3,2,18,18,16,10,10,1.504522417384019,1,19
/data/final_project_dataset/GMDCSA24/Subject 3/Fall/19.mp4,fall,3,1,GMDCSA24,GMDCSA24:3,0,16,16,16,10,10,1.5051630593314276,1,20
/data/final_project_dataset/GMDCSA24/Subject 3/Fall/19.mp4,fall,3,1,GMDCSA24,GMDCSA24:3,2,18,18,16,10,10,1.5051630593314276,1,20
/data/final_project_dataset/GMDCSA24/Subject 3/Fall/20.mp4,fall,3,1,GMDCSA24,GMDCSA24:3,0,16,16,16,10,10,1.5060723555612523,1,23
/data/final_project_dataset/GMDCSA24/Subject 3/Fall/20.mp4,fall,3,1,GMDCSA24,GMDCSA24:3,2,18,18,16,10,10,1.5060723555612523,1,23
/data/final_project_dataset/GMDCSA24/Subject 3/Fall/20.mp4,fall,3,1,GMDCSA24,GMDCSA24:3,4,20,20,16,10,10,1.5060723555612523,1,23
/data/final_project_dataset/GMDCSA24/Subject 3/Fall/20.mp4,fall,3,1,GMDCSA24,GMDCSA24:3,6,22,22,16,10,10,1.5060723555612523,1,23
/data/final_project_dataset/GMDCSA24/Subject 3/Fall/02.mp4,fall,3,1,GMDCSA24,GMDCSA24:3,0,16,16,16,10,10,2.987030799945136,1,26
/data/final_project_dataset/GMDCSA24/Subject 3/Fall/02.mp4,fall,3,1,GMDCSA24,GMDCSA24:3,2,18,18,16,10,10,2.987030799945136,1,26
/data/final_project_dataset/GMDCSA24/Subject 3/Fall/02.mp4,fall,3,1,GMDCSA24,GMDCSA24:3,4,20,20,16,10,10,2.987030799945136,1,26
/data/final_project_dataset/GMDCSA24/Subject 3/Fall/02.mp4,fall,3,1,GMDCSA24,GMDCSA24:3,6,22,22,16,10,10,2.987030799945136,1,26
/data/final_project_dataset/GMDCSA24/Subject 3/Fall/02.mp4,fall,3,1,GMDCSA24,GMDCSA24:3,8,24,24,16,10,10,2.987030799945136,1,26
/data/final_project_dataset/GMDCSA24/Subject 3/Fall/11.mp4,other,3,1,GMDCSA24,GMDCSA24:3,0,16,16,16,10,10,2.9847409311944553,0,26
/data/final_project_dataset/GMDCSA24/Subject 3/ADL/19.mp4,other,3,1,GMDCSA24,GMDCSA24:3,0,16,16,16,10,10,1.5046136367125729,0,27
/data/final_project_dataset/GMDCSA24/Subject 3/ADL/11.mp4,other,3,1,GMDCSA24,GMDCSA24:3,0,16,16,16,10,10,2.988039564623598,0,27
/data/final_project_dataset/GMDCSA24/Subject 3/ADL/12.mp4,sitting,3,1,GMDCSA24,GMDCSA24:3,0,16,16,16,10,10,1.499063085571518,0,29
/data/final_project_dataset/GMDCSA24/Subject 3/ADL/12.mp4,sitting,3,1,GMDCSA24,GMDCSA24:3,2,18,18,16,10,10,1.499063085571518,0,29
/data/final_project_dataset/GMDCSA24/Subject 3/Fall/21.mp4,walk,3,1,GMDCSA24,GMDCSA24:3,0,16,16,16,10,10,2.9881238435560857,0,30
/data/final_project_dataset/GMDCSA24/Subject 3/Fall/21.mp4,walk,3,1,GMDCSA24,GMDCSA24:3,2,18,18,16,10,10,2.9881238435560857,0,30
/data/final_project_dataset/GMDCSA24/Subject 3/Fall/21.mp4,walk,3,1,GMDCSA24,GMDCSA24:3,4,20,20,16,10,10,2.9881238435560857,0,30
/data/final_project_dataset/GMDCSA24/Subject 3/ADL/04.mp4,walk,3,1,GMDCSA24,GMDCSA24:3,0,16,16,16,10,10,2.985223145430121,0,31
/data/final_project_dataset/GMDCSA24/Subject 3/ADL/04.mp4,walk,3,1,GMDCSA24,GMDCSA24:3,2,18,18,16,10,10,2.985223145430121,0,31
/data/final_project_dataset/GMDCSA24/Subject 3/ADL/04.mp4,walk,3,1,GMDCSA24,GMDCSA24:3,4,20,20,16,10,10,2.985223145430121,0,31
/data/final_project_dataset/GMDCSA24/Subject 3/Fall/05.mp4,fall,3,1,GMDCSA24,GMDCSA24:3,0,16,16,16,10,10,2.9852627528766322,0,32
/data/final_project_dataset/GMDCSA24/Subject 3/Fall/05.mp4,fall,3,1,GMDCSA24,GMDCSA24:3,2,18,18,16,10,10,2.9852627528766322,0,32
/data/final_project_dataset/GMDCSA24/Subject 3/Fall/05.mp4,fall,3,1,GMDCSA24,GMDCSA24:3,4,20,20,16,10,10,2.9852627528766322,0,32
/data/final_project_dataset/GMDCSA24/Subject 3/Fall/05.mp4,fall,3,1,GMDCSA24,GMDCSA24:3,6,22,22,16,10,10,2.9852627528766322,1,32
/data/final_project_dataset/GMDCSA24/Subject 3/Fall/05.mp4,fall,3,1,GMDCSA24,GMDCSA24:3,8,24,24,16,10,10,2.9852627528766322,1,32
/data/final_project_dataset/GMDCSA24/Subject 3/Fall/05.mp4,fall,3,1,GMDCSA24,GMDCSA24:3,10,26,26,16,10,10,2.9852627528766322,1,32
/data/final_project_dataset/GMDCSA24/Subject 3/Fall/05.mp4,fall,3,1,GMDCSA24,GMDCSA24:3,12,28,28,16,10,10,2.9852627528766322,1,32
/data/final_project_dataset/GMDCSA24/Subject 3/Fall/05.mp4,fall,3,1,GMDCSA24,GMDCSA24:3,14,30,30,16,10,10,2.9852627528766322,1,32
/data/final_project_dataset/GMDCSA24/Subject 3/ADL/14.mp4,other,3,1,GMDCSA24,GMDCSA24:3,0,16,16,16,10,10,1.5001748324052804,0,33
/data/final_project_dataset/GMDCSA24/Subject 3/ADL/14.mp4,other,3,1,GMDCSA24,GMDCSA24:3,2,18,18,16,10,10,1.5001748324052804,0,33
/data/final_project_dataset/GMDCSA24/Subject 3/ADL/14.mp4,other,3,1,GMDCSA24,GMDCSA24:3,4,20,20,16,10,10,1.5001748324052804,0,33
/data/final_project_dataset/GMDCSA24/Subject 3/ADL/14.mp4,other,3,1,GMDCSA24,GMDCSA24:3,6,22,22,16,10,10,1.5001748324052804,0,33
/data/final_project_dataset/GMDCSA24/Subject 3/Fall/09.mp4,fall,3,1,GMDCSA24,GMDCSA24:3,0,16,16,16,10,10,2.988319846621003,0,33
/data/final_project_dataset/GMDCSA24/Subject 3/Fall/09.mp4,fall,3,1,GMDCSA24,GMDCSA24:3,2,18,18,16,10,10,2.988319846621003,0,33
/data/final_project_dataset/GMDCSA24/Subject 3/Fall/09.mp4,fall,3,1,GMDCSA24,GMDCSA24:3,4,20,20,16,10,10,2.988319846621003,0,33
/data/final_project_dataset/GMDCSA24/Subject 3/Fall/09.mp4,fall,3,1,GMDCSA24,GMDCSA24:3,6,22,22,16,10,10,2.988319846621003,0,33
/data/final_project_dataset/GMDCSA24/Subject 3/Fall/09.mp4,fall,3,1,GMDCSA24,GMDCSA24:3,8,24,24,16,10,10,2.988319846621003,1,33
/data/final_project_dataset/GMDCSA24/Subject 3/Fall/09.mp4,fall,3,1,GMDCSA24,GMDCSA24:3,10,26,26,16,10,10,2.988319846621003,1,33
/data/final_project_dataset/GMDCSA24/Subject 3/Fall/09.mp4,fall,3,1,GMDCSA24,GMDCSA24:3,12,28,28,16,10,10,2.988319846621003,1,33
/data/final_project_dataset/GMDCSA24/Subject 3/Fall/09.mp4,fall,3,1,GMDCSA24,GMDCSA24:3,14,30,30,16,10,10,2.988319846621003,1,33
/data/final_project_dataset/GMDCSA24/Subject 3/Fall/09.mp4,fall,3,1,GMDCSA24,GMDCSA24:3,16,32,32,16,10,10,2.988319846621003,1,33
/data/final_project_dataset/GMDCSA24/Subject 3/ADL/08.mp4,lying,3,1,GMDCSA24,GMDCSA24:3,0,16,16,16,10,10,2.9819246349184736,0,37
/data/final_project_dataset/GMDCSA24/Subject 3/ADL/08.mp4,lying,3,1,GMDCSA24,GMDCSA24:3,2,18,18,16,10,10,2.9819246349184736,0,37
/data/final_project_dataset/GMDCSA24/Subject 3/ADL/08.mp4,lying,3,1,GMDCSA24,GMDCSA24:3,4,20,20,16,10,10,2.9819246349184736,0,37
/data/final_project_dataset/GMDCSA24/Subject 3/ADL/08.mp4,lying,3,1,GMDCSA24,GMDCSA24:3,6,22,22,16,10,10,2.9819246349184736,0,37
/data/final_project_dataset/GMDCSA24/Subject 3/ADL/08.mp4,lying,3,1,GMDCSA24,GMDCSA24:3,8,24,24,16,10,10,2.9819246349184736,0,37
/data/final_project_dataset/GMDCSA24/Subject 3/ADL/08.mp4,lying,3,1,GMDCSA24,GMDCSA24:3,10,26,26,16,10,10,2.9819246349184736,0,37
/data/final_project_dataset/GMDCSA24/Subject 3/ADL/03.mp4,sitting,3,1,GMDCSA24,GMDCSA24:3,0,16,16,16,10,10,2.9833396606115175,0,38
/data/final_project_dataset/GMDCSA24/Subject 3/ADL/03.mp4,sitting,3,1,GMDCSA24,GMDCSA24:3,2,18,18,16,10,10,2.9833396606115175,0,38
/data/final_project_dataset/GMDCSA24/Subject 3/ADL/03.mp4,sitting,3,1,GMDCSA24,GMDCSA24:3,4,20,20,16,10,10,2.9833396606115175,0,38
/data/final_project_dataset/GMDCSA24/Subject 3/ADL/03.mp4,sitting,3,1,GMDCSA24,GMDCSA24:3,6,22,22,16,10,10,2.9833396606115175,0,38
/data/final_project_dataset/GMDCSA24/Subject 3/ADL/03.mp4,sitting,3,1,GMDCSA24,GMDCSA24:3,8,24,24,16,10,10,2.9833396606115175,0,38
/data/final_project_dataset/GMDCSA24/Subject 3/ADL/03.mp4,sitting,3,1,GMDCSA24,GMDCSA24:3,10,26,26,16,10,10,2.9833396606115175,0,38
/data/final_project_dataset/GMDCSA24/Subject 3/ADL/03.mp4,sitting,3,1,GMDCSA24,GMDCSA24:3,12,28,28,16,10,10,2.9833396606115175,0,38
/data/final_project_dataset/GMDCSA24/Subject 3/Fall/18.mp4,fall,3,1,GMDCSA24,GMDCSA24:3,0,16,16,16,10,10,1.4991241072631722,0,41
/data/final_project_dataset/GMDCSA24/Subject 3/Fall/18.mp4,fall,3,1,GMDCSA24,GMDCSA24:3,2,18,18,16,10,10,1.4991241072631722,0,41
/data/final_project_dataset/GMDCSA24/Subject 3/Fall/18.mp4,fall,3,1,GMDCSA24,GMDCSA24:3,4,20,20,16,10,10,1.4991241072631722,0,41
/data/final_project_dataset/GMDCSA24/Subject 3/Fall/18.mp4,fall,3,1,GMDCSA24,GMDCSA24:3,6,22,22,16,10,10,1.4991241072631722,0,41
/data/final_project_dataset/GMDCSA24/Subject 3/Fall/18.mp4,fall,3,1,GMDCSA24,GMDCSA24:3,8,24,24,16,10,10,1.4991241072631722,0,41
/data/final_project_dataset/GMDCSA24/Subject 3/Fall/18.mp4,fall,3,1,GMDCSA24,GMDCSA24:3,10,26,26,16,10,10,1.4991241072631722,0,41
/data/final_project_dataset/GMDCSA24/Subject 3/Fall/18.mp4,fall,3,1,GMDCSA24,GMDCSA24:3,12,28,28,16,10,10,1.4991241072631722,0,41
/data/final_project_dataset/GMDCSA24/Subject 3/Fall/18.mp4,fall,3,1,GMDCSA24,GMDCSA24:3,14,30,30,16,10,10,1.4991241072631722,0,41
/data/final_project_dataset/GMDCSA24/Subject 3/Fall/18.mp4,fall,3,1,GMDCSA24,GMDCSA24:3,16,32,32,16,10,10,1.4991241072631722,1,41
/data/final_project_dataset/GMDCSA24/Subject 3/Fall/18.mp4,fall,3,1,GMDCSA24,GMDCSA24:3,18,34,34,16,10,10,1.4991241072631722,1,41
/data/final_project_dataset/GMDCSA24/Subject 3/Fall/18.mp4,fall,3,1,GMDCSA24,GMDCSA24:3,20,36,36,16,10,10,1.4991241072631722,1,41
/data/final_project_dataset/GMDCSA24/Subject 3/Fall/18.mp4,fall,3,1,GMDCSA24,GMDCSA24:3,22,38,38,16,10,10,1.4991241072631722,1,41
/data/final_project_dataset/GMDCSA24/Subject 3/Fall/18.mp4,fall,3,1,GMDCSA24,GMDCSA24:3,24,40,40,16,10,10,1.4991241072631722,1,41
/data/final_project_dataset/GMDCSA24/Subject 3/ADL/04.mp4,other,3,1,GMDCSA24,GMDCSA24:3,6,22,22,16,10,10,2.985223145430121,0,44
/data/final_project_dataset/GMDCSA24/Subject 3/ADL/04.mp4,other,3,1,GMDCSA24,GMDCSA24:3,8,24,24,16,10,10,2.985223145430121,0,44
/data/final_project_dataset/GMDCSA24/Subject 3/ADL/04.mp4,other,3,1,GMDCSA24,GMDCSA24:3,10,26,26,16,10,10,2.985223145430121,0,44
/data/final_project_dataset/GMDCSA24/Subject 3/ADL/04.mp4,other,3,1,GMDCSA24,GMDCSA24:3,12,28,28,16,10,10,2.985223145430121,0,44
/data/final_project_dataset/GMDCSA24/Subject 3/ADL/04.mp4,other,3,1,GMDCSA24,GMDCSA24:3,14,30,30,16,10,10,2.985223145430121,0,44
/data/final_project_dataset/GMDCSA24/Subject 3/ADL/04.mp4,other,3,1,GMDCSA24,GMDCSA24:3,16,32,32,16,10,10,2.985223145430121,0,44
/data/final_project_dataset/GMDCSA24/Subject 3/ADL/04.mp4,other,3,1,GMDCSA24,GMDCSA24:3,18,34,34,16,10,10,2.985223145430121,0,44
/data/final_project_dataset/GMDCSA24/Subject 3/ADL/19.mp4,walk,3,1,GMDCSA24,GMDCSA24:3,2,18,18,16,10,10,1.5046136367125729,0,45
/data/final_project_dataset/GMDCSA24/Subject 3/ADL/19.mp4,walk,3,1,GMDCSA24,GMDCSA24:3,4,20,20,16,10,10,1.5046136367125729,0,45
/data/final_project_dataset/GMDCSA24/Subject 3/ADL/19.mp4,walk,3,1,GMDCSA24,GMDCSA24:3,6,22,22,16,10,10,1.5046136367125729,0,45
/data/final_project_dataset/GMDCSA24/Subject 3/ADL/19.mp4,walk,3,1,GMDCSA24,GMDCSA24:3,8,24,24,16,10,10,1.5046136367125729,0,45
/data/final_project_dataset/GMDCSA24/Subject 3/ADL/19.mp4,walk,3,1,GMDCSA24,GMDCSA24:3,10,26,26,16,10,10,1.5046136367125729,0,45
/data/final_project_dataset/GMDCSA24/Subject 3/ADL/19.mp4,walk,3,1,GMDCSA24,GMDCSA24:3,12,28,28,16,10,10,1.5046136367125729,0,45
/data/final_project_dataset/GMDCSA24/Subject 3/ADL/19.mp4,walk,3,1,GMDCSA24,GMDCSA24:3,14,30,30,16,10,10,1.5046136367125729,0,45
/data/final_project_dataset/GMDCSA24/Subject 3/ADL/19.mp4,walk,3,1,GMDCSA24,GMDCSA24:3,16,32,32,16,10,10,1.5046136367125729,0,45
/data/final_project_dataset/GMDCSA24/Subject 3/ADL/19.mp4,walk,3,1,GMDCSA24,GMDCSA24:3,18,34,34,16,10,10,1.5046136367125729,0,45
/data/final_project_dataset/GMDCSA24/Subject 3/Fall/14.mp4,standing,3,1,GMDCSA24,GMDCSA24:3,0,16,16,16,10,10,2.98238200494084,0,46
/data/final_project_dataset/GMDCSA24/Subject 3/Fall/14.mp4,standing,3,1,GMDCSA24,GMDCSA24:3,2,18,18,16,10,10,2.98238200494084,0,46
/data/final_project_dataset/GMDCSA24/Subject 3/Fall/14.mp4,standing,3,1,GMDCSA24,GMDCSA24:3,4,20,20,16,10,10,2.98238200494084,0,46
/data/final_project_dataset/GMDCSA24/Subject 3/Fall/14.mp4,standing,3,1,GMDCSA24,GMDCSA24:3,6,22,22,16,10,10,2.98238200494084,0,46
/data/final_project_dataset/GMDCSA24/Subject 3/Fall/14.mp4,standing,3,1,GMDCSA24,GMDCSA24:3,8,24,24,16,10,10,2.98238200494084,0,46
/data/final_project_dataset/GMDCSA24/Subject 3/Fall/14.mp4,standing,3,1,GMDCSA24,GMDCSA24:3,10,26,26,16,10,10,2.98238200494084,0,46
/data/final_project_dataset/GMDCSA24/Subject 3/Fall/14.mp4,standing,3,1,GMDCSA24,GMDCSA24:3,12,28,28,16,10,10,2.98238200494084,0,46
/data/final_project_dataset/GMDCSA24/Subject 3/Fall/14.mp4,standing,3,1,GMDCSA24,GMDCSA24:3,14,30,30,16,10,10,2.98238200494084,0,46
/data/final_project_dataset/GMDCSA24/Subject 3/Fall/14.mp4,standing,3,1,GMDCSA24,GMDCSA24:3,16,32,32,16,10,10,2.98238200494084,0,46
/data/final_project_dataset/GMDCSA24/Subject 3/Fall/14.mp4,standing,3,1,GMDCSA24,GMDCSA24:3,18,34,34,16,10,10,2.98238200494084,0,46
/data/final_project_dataset/GMDCSA24/Subject 3/Fall/14.mp4,standing,3,1,GMDCSA24,GMDCSA24:3,20,36,36,16,10,10,2.98238200494084,0,46
/data/final_project_dataset/GMDCSA24/Subject 3/Fall/11.mp4,fall,3,1,GMDCSA24,GMDCSA24:3,2,18,18,16,10,10,2.9847409311944553,0,47
/data/final_project_dataset/GMDCSA24/Subject 3/Fall/11.mp4,fall,3,1,GMDCSA24,GMDCSA24:3,4,20,20,16,10,10,2.9847409311944553,0,47
/data/final_project_dataset/GMDCSA24/Subject 3/Fall/11.mp4,fall,3,1,GMDCSA24,GMDCSA24:3,6,22,22,16,10,10,2.9847409311944553,0,47
/data/final_project_dataset/GMDCSA24/Subject 3/Fall/11.mp4,fall,3,1,GMDCSA24,GMDCSA24:3,8,24,24,16,10,10,2.9847409311944553,0,47
/data/final_project_dataset/GMDCSA24/Subject 3/Fall/11.mp4,fall,3,1,GMDCSA24,GMDCSA24:3,10,26,26,16,10,10,2.9847409311944553,0,47
/data/final_project_dataset/GMDCSA24/Subject 3/Fall/11.mp4,fall,3,1,GMDCSA24,GMDCSA24:3,12,28,28,16,10,10,2.9847409311944553,0,47
/data/final_project_dataset/GMDCSA24/Subject 3/Fall/11.mp4,fall,3,1,GMDCSA24,GMDCSA24:3,14,30,30,16,10,10,2.9847409311944553,0,47
/data/final_project_dataset/GMDCSA24/Subject 3/Fall/11.mp4,fall,3,1,GMDCSA24,GMDCSA24:3,16,32,32,16,10,10,2.9847409311944553,0,47
/data/final_project_dataset/GMDCSA24/Subject 3/Fall/11.mp4,fall,3,1,GMDCSA24,GMDCSA24:3,18,34,34,16,10,10,2.9847409311944553,0,47
/data/final_project_dataset/GMDCSA24/Subject 3/Fall/11.mp4,fall,3,1,GMDCSA24,GMDCSA24:3,20,36,36,16,10,10,2.9847409311944553,0,47
/data/final_project_dataset/GMDCSA24/Subject 3/Fall/11.mp4,fall,3,1,GMDCSA24,GMDCSA24:3,22,38,38,16,10,10,2.9847409311944553,1,47
/data/final_project_dataset/GMDCSA24/Subject 3/Fall/11.mp4,fall,3,1,GMDCSA24,GMDCSA24:3,24,40,40,16,10,10,2.9847409311944553,1,47
/data/final_project_dataset/GMDCSA24/Subject 3/Fall/11.mp4,fall,3,1,GMDCSA24,GMDCSA24:3,26,42,42,16,10,10,2.9847409311944553,1,47
/data/final_project_dataset/GMDCSA24/Subject 3/Fall/11.mp4,fall,3,1,GMDCSA24,GMDCSA24:3,28,44,44,16,10,10,2.9847409311944553,1,47
/data/final_project_dataset/GMDCSA24/Subject 3/Fall/11.mp4,fall,3,1,GMDCSA24,GMDCSA24:3,30,46,46,16,10,10,2.9847409311944553,1,47
/data/final_project_dataset/GMDCSA24/Subject 3/ADL/17.mp4,sitting,3,1,GMDCSA24,GMDCSA24:3,0,16,16,16,10,10,1.500482297881462,0,47
/data/final_project_dataset/GMDCSA24/Subject 3/ADL/17.mp4,sitting,3,1,GMDCSA24,GMDCSA24:3,2,18,18,16,10,10,1.500482297881462,0,47
/data/final_project_dataset/GMDCSA24/Subject 3/ADL/17.mp4,sitting,3,1,GMDCSA24,GMDCSA24:3,4,20,20,16,10,10,1.500482297881462,0,47
/data/final_project_dataset/GMDCSA24/Subject 3/ADL/17.mp4,sitting,3,1,GMDCSA24,GMDCSA24:3,6,22,22,16,10,10,1.500482297881462,0,47
/data/final_project_dataset/GMDCSA24/Subject 3/ADL/17.mp4,sitting,3,1,GMDCSA24,GMDCSA24:3,8,24,24,16,10,10,1.500482297881462,0,47
/data/final_project_dataset/GMDCSA24/Subject 3/ADL/17.mp4,sitting,3,1,GMDCSA24,GMDCSA24:3,10,26,26,16,10,10,1.500482297881462,0,47
/data/final_project_dataset/GMDCSA24/Subject 3/ADL/17.mp4,sitting,3,1,GMDCSA24,GMDCSA24:3,12,28,28,16,10,10,1.500482297881462,0,47
/data/final_project_dataset/GMDCSA24/Subject 3/ADL/17.mp4,sitting,3,1,GMDCSA24,GMDCSA24:3,14,30,30,16,10,10,1.500482297881462,0,47
/data/final_project_dataset/GMDCSA24/Subject 3/ADL/17.mp4,sitting,3,1,GMDCSA24,GMDCSA24:3,16,32,32,16,10,10,1.500482297881462,0,47
/data/final_project_dataset/GMDCSA24/Subject 3/ADL/17.mp4,sitting,3,1,GMDCSA24,GMDCSA24:3,18,34,34,16,10,10,1.500482297881462,0,47
/data/final_project_dataset/GMDCSA24/Subject 3/ADL/17.mp4,sitting,3,1,GMDCSA24,GMDCSA24:3,20,36,36,16,10,10,1.500482297881462,0,47
/data/final_project_dataset/GMDCSA24/Subject 3/ADL/03.mp4,other,3,1,GMDCSA24,GMDCSA24:3,14,30,30,16,10,10,2.9833396606115175,0,49
/data/final_project_dataset/GMDCSA24/Subject 3/ADL/03.mp4,other,3,1,GMDCSA24,GMDCSA24:3,16,32,32,16,10,10,2.9833396606115175,0,49
/data/final_project_dataset/GMDCSA24/Subject 3/ADL/03.mp4,other,3,1,GMDCSA24,GMDCSA24:3,18,34,34,16,10,10,2.9833396606115175,0,49
/data/final_project_dataset/GMDCSA24/Subject 3/ADL/03.mp4,other,3,1,GMDCSA24,GMDCSA24:3,20,36,36,16,10,10,2.9833396606115175,0,49
/data/final_project_dataset/GMDCSA24/Subject 3/ADL/03.mp4,other,3,1,GMDCSA24,GMDCSA24:3,22,38,38,16,10,10,2.9833396606115175,0,49
/data/final_project_dataset/GMDCSA24/Subject 3/ADL/18.mp4,other,3,1,GMDCSA24,GMDCSA24:3,0,16,16,16,10,10,1.50160050832624,0,51
/data/final_project_dataset/GMDCSA24/Subject 3/ADL/18.mp4,other,3,1,GMDCSA24,GMDCSA24:3,2,18,18,16,10,10,1.50160050832624,0,51
/data/final_project_dataset/GMDCSA24/Subject 3/ADL/18.mp4,other,3,1,GMDCSA24,GMDCSA24:3,4,20,20,16,10,10,1.50160050832624,0,51
/data/final_project_dataset/GMDCSA24/Subject 3/ADL/18.mp4,other,3,1,GMDCSA24,GMDCSA24:3,6,22,22,16,10,10,1.50160050832624,0,51
/data/final_project_dataset/GMDCSA24/Subject 3/ADL/18.mp4,other,3,1,GMDCSA24,GMDCSA24:3,8,24,24,16,10,10,1.50160050832624,0,51
/data/final_project_dataset/GMDCSA24/Subject 3/ADL/18.mp4,other,3,1,GMDCSA24,GMDCSA24:3,10,26,26,16,10,10,1.50160050832624,0,51
/data/final_project_dataset/GMDCSA24/Subject 3/ADL/18.mp4,other,3,1,GMDCSA24,GMDCSA24:3,12,28,28,16,10,10,1.50160050832624,0,51
/data/final_project_dataset/GMDCSA24/Subject 3/ADL/18.mp4,other,3,1,GMDCSA24,GMDCSA24:3,14,30,30,16,10,10,1.50160050832624,0,51
/data/final_project_dataset/GMDCSA24/Subject 3/ADL/18.mp4,other,3,1,GMDCSA24,GMDCSA24:3,16,32,32,16,10,10,1.50160050832624,0,51
/data/final_project_dataset/GMDCSA24/Subject 3/ADL/18.mp4,other,3,1,GMDCSA24,GMDCSA24:3,18,34,34,16,10,10,1.50160050832624,0,51
/data/final_project_dataset/GMDCSA24/Subject 3/ADL/18.mp4,other,3,1,GMDCSA24,GMDCSA24:3,20,36,36,16,10,10,1.50160050832624,0,51
/data/final_project_dataset/GMDCSA24/Subject 3/ADL/18.mp4,other,3,1,GMDCSA24,GMDCSA24:3,22,38,38,16,10,10,1.50160050832624,0,51
/data/final_project_dataset/GMDCSA24/Subject 3/ADL/18.mp4,other,3,1,GMDCSA24,GMDCSA24:3,24,40,40,16,10,10,1.50160050832624,0,51
/data/final_project_dataset/GMDCSA24/Subject 3/Fall/21.mp4,fall,3,1,GMDCSA24,GMDCSA24:3,6,22,22,16,10,10,2.9881238435560857,0,51
/data/final_project_dataset/GMDCSA24/Subject 3/Fall/21.mp4,fall,3,1,GMDCSA24,GMDCSA24:3,8,24,24,16,10,10,2.9881238435560857,0,51
/data/final_project_dataset/GMDCSA24/Subject 3/Fall/21.mp4,fall,3,1,GMDCSA24,GMDCSA24:3,10,26,26,16,10,10,2.9881238435560857,0,51
/data/final_project_dataset/GMDCSA24/Subject 3/Fall/21.mp4,fall,3,1,GMDCSA24,GMDCSA24:3,12,28,28,16,10,10,2.9881238435560857,0,51
/data/final_project_dataset/GMDCSA24/Subject 3/Fall/21.mp4,fall,3,1,GMDCSA24,GMDCSA24:3,14,30,30,16,10,10,2.9881238435560857,0,51
/data/final_project_dataset/GMDCSA24/Subject 3/Fall/21.mp4,fall,3,1,GMDCSA24,GMDCSA24:3,16,32,32,16,10,10,2.9881238435560857,0,51
/data/final_project_dataset/GMDCSA24/Subject 3/Fall/21.mp4,fall,3,1,GMDCSA24,GMDCSA24:3,18,34,34,16,10,10,2.9881238435560857,0,51
/data/final_project_dataset/GMDCSA24/Subject 3/Fall/21.mp4,fall,3,1,GMDCSA24,GMDCSA24:3,20,36,36,16,10,10,2.9881238435560857,0,51
/data/final_project_dataset/GMDCSA24/Subject 3/Fall/21.mp4,fall,3,1,GMDCSA24,GMDCSA24:3,22,38,38,16,10,10,2.9881238435560857,0,51
/data/final_project_dataset/GMDCSA24/Subject 3/Fall/21.mp4,fall,3,1,GMDCSA24,GMDCSA24:3,24,40,40,16,10,10,2.9881238435560857,0,51
/data/final_project_dataset/GMDCSA24/Subject 3/Fall/21.mp4,fall,3,1,GMDCSA24,GMDCSA24:3,26,42,42,16,10,10,2.9881238435560857,1,51
/data/final_project_dataset/GMDCSA24/Subject 3/Fall/21.mp4,fall,3,1,GMDCSA24,GMDCSA24:3,28,44,44,16,10,10,2.9881238435560857,1,51
/data/final_project_dataset/GMDCSA24/Subject 3/Fall/21.mp4,fall,3,1,GMDCSA24,GMDCSA24:3,30,46,46,16,10,10,2.9881238435560857,1,51
/data/final_project_dataset/GMDCSA24/Subject 3/Fall/21.mp4,fall,3,1,GMDCSA24,GMDCSA24:3,32,48,48,16,10,10,2.9881238435560857,1,51
/data/final_project_dataset/GMDCSA24/Subject 3/Fall/21.mp4,fall,3,1,GMDCSA24,GMDCSA24:3,34,50,50,16,10,10,2.9881238435560857,1,51
/data/final_project_dataset/GMDCSA24/Subject 3/ADL/06.mp4,sit_down,3,1,GMDCSA24,GMDCSA24:3,0,16,16,16,10,10,2.9847742974042526,0,51
/data/final_project_dataset/GMDCSA24/Subject 3/ADL/06.mp4,sit_down,3,1,GMDCSA24,GMDCSA24:3,2,18,18,16,10,10,2.9847742974042526,0,51
/data/final_project_dataset/GMDCSA24/Subject 3/ADL/06.mp4,sit_down,3,1,GMDCSA24,GMDCSA24:3,4,20,20,16,10,10,2.9847742974042526,0,51
/data/final_project_dataset/GMDCSA24/Subject 3/ADL/06.mp4,sit_down,3,1,GMDCSA24,GMDCSA24:3,6,22,22,16,10,10,2.9847742974042526,0,51
/data/final_project_dataset/GMDCSA24/Subject 3/ADL/06.mp4,sit_down,3,1,GMDCSA24,GMDCSA24:3,8,24,24,16,10,10,2.9847742974042526,0,51
/data/final_project_dataset/GMDCSA24/Subject 3/ADL/06.mp4,sit_down,3,1,GMDCSA24,GMDCSA24:3,10,26,26,16,10,10,2.9847742974042526,0,51
/data/final_project_dataset/GMDCSA24/Subject 3/ADL/06.mp4,sit_down,3,1,GMDCSA24,GMDCSA24:3,12,28,28,16,10,10,2.9847742974042526,0,51
/data/final_project_dataset/GMDCSA24/Subject 3/ADL/06.mp4,sit_down,3,1,GMDCSA24,GMDCSA24:3,14,30,30,16,10,10,2.9847742974042526,0,51
/data/final_project_dataset/GMDCSA24/Subject 3/ADL/06.mp4,sit_down,3,1,GMDCSA24,GMDCSA24:3,16,32,32,16,10,10,2.9847742974042526,0,51
/data/final_project_dataset/GMDCSA24/Subject 3/ADL/06.mp4,sit_down,3,1,GMDCSA24,GMDCSA24:3,18,34,34,16,10,10,2.9847742974042526,0,51
/data/final_project_dataset/GMDCSA24/Subject 3/ADL/06.mp4,sit_down,3,1,GMDCSA24,GMDCSA24:3,20,36,36,16,10,10,2.9847742974042526,0,51
/data/final_project_dataset/GMDCSA24/Subject 3/ADL/06.mp4,sit_down,3,1,GMDCSA24,GMDCSA24:3,22,38,38,16,10,10,2.9847742974042526,0,51
/data/final_project_dataset/GMDCSA24/Subject 3/ADL/06.mp4,sit_down,3,1,GMDCSA24,GMDCSA24:3,24,40,40,16,10,10,2.9847742974042526,0,51
/data/final_project_dataset/GMDCSA24/Subject 3/ADL/21.mp4,sitting,3,1,GMDCSA24,GMDCSA24:3,0,16,16,16,10,10,2.982826741775222,0,55
/data/final_project_dataset/GMDCSA24/Subject 3/ADL/21.mp4,sitting,3,1,GMDCSA24,GMDCSA24:3,2,18,18,16,10,10,2.982826741775222,0,55
/data/final_project_dataset/GMDCSA24/Subject 3/ADL/21.mp4,sitting,3,1,GMDCSA24,GMDCSA24:3,4,20,20,16,10,10,2.982826741775222,0,55
/data/final_project_dataset/GMDCSA24/Subject 3/ADL/21.mp4,sitting,3,1,GMDCSA24,GMDCSA24:3,6,22,22,16,10,10,2.982826741775222,0,55
/data/final_project_dataset/GMDCSA24/Subject 3/ADL/21.mp4,sitting,3,1,GMDCSA24,GMDCSA24:3,8,24,24,16,10,10,2.982826741775222,0,55
/data/final_project_dataset/GMDCSA24/Subject 3/ADL/21.mp4,sitting,3,1,GMDCSA24,GMDCSA24:3,10,26,26,16,10,10,2.982826741775222,0,55
/data/final_project_dataset/GMDCSA24/Subject 3/ADL/21.mp4,sitting,3,1,GMDCSA24,GMDCSA24:3,12,28,28,16,10,10,2.982826741775222,0,55
/data/final_project_dataset/GMDCSA24/Subject 3/ADL/21.mp4,sitting,3,1,GMDCSA24,GMDCSA24:3,14,30,30,16,10,10,2.982826741775222,0,55
/data/final_project_dataset/GMDCSA24/Subject 3/ADL/21.mp4,sitting,3,1,GMDCSA24,GMDCSA24:3,16,32,32,16,10,10,2.982826741775222,0,55
/data/final_project_dataset/GMDCSA24/Subject 3/ADL/21.mp4,sitting,3,1,GMDCSA24,GMDCSA24:3,18,34,34,16,10,10,2.982826741775222,0,55
/data/final_project_dataset/GMDCSA24/Subject 3/ADL/21.mp4,sitting,3,1,GMDCSA24,GMDCSA24:3,20,36,36,16,10,10,2.982826741775222,0,55
/data/final_project_dataset/GMDCSA24/Subject 3/ADL/21.mp4,sitting,3,1,GMDCSA24,GMDCSA24:3,22,38,38,16,10,10,2.982826741775222,0,55
/data/final_project_dataset/GMDCSA24/Subject 3/ADL/21.mp4,sitting,3,1,GMDCSA24,GMDCSA24:3,24,40,40,16,10,10,2.982826741775222,0,55
/data/final_project_dataset/GMDCSA24/Subject 3/ADL/21.mp4,sitting,3,1,GMDCSA24,GMDCSA24:3,26,42,42,16,10,10,2.982826741775222,0,55
/data/final_project_dataset/GMDCSA24/Subject 3/ADL/21.mp4,sitting,3,1,GMDCSA24,GMDCSA24:3,28,44,44,16,10,10,2.982826741775222,0,55
/data/final_project_dataset/GMDCSA24/Subject 3/ADL/14.mp4,sitting,3,1,GMDCSA24,GMDCSA24:3,8,24,24,16,10,10,1.5001748324052804,0,61
/data/final_project_dataset/GMDCSA24/Subject 3/ADL/14.mp4,sitting,3,1,GMDCSA24,GMDCSA24:3,10,26,26,16,10,10,1.5001748324052804,0,61
/data/final_project_dataset/GMDCSA24/Subject 3/ADL/14.mp4,sitting,3,1,GMDCSA24,GMDCSA24:3,12,28,28,16,10,10,1.5001748324052804,0,61
/data/final_project_dataset/GMDCSA24/Subject 3/ADL/14.mp4,sitting,3,1,GMDCSA24,GMDCSA24:3,14,30,30,16,10,10,1.5001748324052804,0,61
/data/final_project_dataset/GMDCSA24/Subject 3/ADL/14.mp4,sitting,3,1,GMDCSA24,GMDCSA24:3,16,32,32,16,10,10,1.5001748324052804,0,61
/data/final_project_dataset/GMDCSA24/Subject 3/ADL/14.mp4,sitting,3,1,GMDCSA24,GMDCSA24:3,18,34,34,16,10,10,1.5001748324052804,0,61
/data/final_project_dataset/GMDCSA24/Subject 3/ADL/14.mp4,sitting,3,1,GMDCSA24,GMDCSA24:3,20,36,36,16,10,10,1.5001748324052804,0,61
/data/final_project_dataset/GMDCSA24/Subject 3/ADL/14.mp4,sitting,3,1,GMDCSA24,GMDCSA24:3,22,38,38,16,10,10,1.5001748324052804,0,61
/data/final_project_dataset/GMDCSA24/Subject 3/ADL/14.mp4,sitting,3,1,GMDCSA24,GMDCSA24:3,24,40,40,16,10,10,1.5001748324052804,0,61
/data/final_project_dataset/GMDCSA24/Subject 3/ADL/14.mp4,sitting,3,1,GMDCSA24,GMDCSA24:3,26,42,42,16,10,10,1.5001748324052804,0,61
/data/final_project_dataset/GMDCSA24/Subject 3/ADL/14.mp4,sitting,3,1,GMDCSA24,GMDCSA24:3,28,44,44,16,10,10,1.5001748324052804,0,61
/data/final_project_dataset/GMDCSA24/Subject 3/ADL/14.mp4,sitting,3,1,GMDCSA24,GMDCSA24:3,30,46,46,16,10,10,1.5001748324052804,0,61
/data/final_project_dataset/GMDCSA24/Subject 3/ADL/14.mp4,sitting,3,1,GMDCSA24,GMDCSA24:3,32,48,48,16,10,10,1.5001748324052804,0,61
/data/final_project_dataset/GMDCSA24/Subject 3/ADL/14.mp4,sitting,3,1,GMDCSA24,GMDCSA24:3,34,50,50,16,10,10,1.5001748324052804,0,61
/data/final_project_dataset/GMDCSA24/Subject 3/ADL/09.mp4,standing,3,1,GMDCSA24,GMDCSA24:3,0,16,16,16,10,10,2.9835518842244695,0,62
/data/final_project_dataset/GMDCSA24/Subject 3/ADL/09.mp4,standing,3,1,GMDCSA24,GMDCSA24:3,2,18,18,16,10,10,2.9835518842244695,0,62
/data/final_project_dataset/GMDCSA24/Subject 3/ADL/09.mp4,standing,3,1,GMDCSA24,GMDCSA24:3,4,20,20,16,10,10,2.9835518842244695,0,62
/data/final_project_dataset/GMDCSA24/Subject 3/ADL/09.mp4,standing,3,1,GMDCSA24,GMDCSA24:3,6,22,22,16,10,10,2.9835518842244695,0,62
/data/final_project_dataset/GMDCSA24/Subject 3/ADL/09.mp4,standing,3,1,GMDCSA24,GMDCSA24:3,8,24,24,16,10,10,2.9835518842244695,0,62
/data/final_project_dataset/GMDCSA24/Subject 3/ADL/09.mp4,standing,3,1,GMDCSA24,GMDCSA24:3,10,26,26,16,10,10,2.9835518842244695,0,62
/data/final_project_dataset/GMDCSA24/Subject 3/ADL/09.mp4,standing,3,1,GMDCSA24,GMDCSA24:3,12,28,28,16,10,10,2.9835518842244695,0,62
/data/final_project_dataset/GMDCSA24/Subject 3/ADL/09.mp4,standing,3,1,GMDCSA24,GMDCSA24:3,14,30,30,16,10,10,2.9835518842244695,0,62
/data/final_project_dataset/GMDCSA24/Subject 3/ADL/09.mp4,standing,3,1,GMDCSA24,GMDCSA24:3,16,32,32,16,10,10,2.9835518842244695,0,62
/data/final_project_dataset/GMDCSA24/Subject 3/ADL/09.mp4,standing,3,1,GMDCSA24,GMDCSA24:3,18,34,34,16,10,10,2.9835518842244695,0,62
/data/final_project_dataset/GMDCSA24/Subject 3/ADL/09.mp4,standing,3,1,GMDCSA24,GMDCSA24:3,20,36,36,16,10,10,2.9835518842244695,0,62
/data/final_project_dataset/GMDCSA24/Subject 3/ADL/09.mp4,standing,3,1,GMDCSA24,GMDCSA24:3,22,38,38,16,10,10,2.9835518842244695,0,62
/data/final_project_dataset/GMDCSA24/Subject 3/ADL/09.mp4,standing,3,1,GMDCSA24,GMDCSA24:3,24,40,40,16,10,10,2.9835518842244695,0,62
/data/final_project_dataset/GMDCSA24/Subject 3/ADL/09.mp4,standing,3,1,GMDCSA24,GMDCSA24:3,26,42,42,16,10,10,2.9835518842244695,0,62
/data/final_project_dataset/GMDCSA24/Subject 3/ADL/09.mp4,standing,3,1,GMDCSA24,GMDCSA24:3,28,44,44,16,10,10,2.9835518842244695,0,62
/data/final_project_dataset/GMDCSA24/Subject 3/ADL/09.mp4,standing,3,1,GMDCSA24,GMDCSA24:3,30,46,46,16,10,10,2.9835518842244695,0,62
/data/final_project_dataset/GMDCSA24/Subject 3/ADL/09.mp4,standing,3,1,GMDCSA24,GMDCSA24:3,32,48,48,16,10,10,2.9835518842244695,0,62
/data/final_project_dataset/GMDCSA24/Subject 3/ADL/09.mp4,standing,3,1,GMDCSA24,GMDCSA24:3,34,50,50,16,10,10,2.9835518842244695,0,62
/data/final_project_dataset/GMDCSA24/Subject 3/ADL/09.mp4,standing,3,1,GMDCSA24,GMDCSA24:3,36,52,52,16,10,10,2.9835518842244695,0,62
/data/final_project_dataset/GMDCSA24/Subject 3/ADL/12.mp4,stand_up,3,1,GMDCSA24,GMDCSA24:3,4,20,20,16,10,10,1.499063085571518,0,62
/data/final_project_dataset/GMDCSA24/Subject 3/ADL/12.mp4,stand_up,3,1,GMDCSA24,GMDCSA24:3,6,22,22,16,10,10,1.499063085571518,0,62
/data/final_project_dataset/GMDCSA24/Subject 3/ADL/12.mp4,stand_up,3,1,GMDCSA24,GMDCSA24:3,8,24,24,16,10,10,1.499063085571518,0,62
/data/final_project_dataset/GMDCSA24/Subject 3/ADL/12.mp4,stand_up,3,1,GMDCSA24,GMDCSA24:3,10,26,26,16,10,10,1.499063085571518,0,62
/data/final_project_dataset/GMDCSA24/Subject 3/ADL/12.mp4,stand_up,3,1,GMDCSA24,GMDCSA24:3,12,28,28,16,10,10,1.499063085571518,0,62
/data/final_project_dataset/GMDCSA24/Subject 3/ADL/12.mp4,stand_up,3,1,GMDCSA24,GMDCSA24:3,14,30,30,16,10,10,1.499063085571518,0,62
/data/final_project_dataset/GMDCSA24/Subject 3/ADL/12.mp4,stand_up,3,1,GMDCSA24,GMDCSA24:3,16,32,32,16,10,10,1.499063085571518,0,62
/data/final_project_dataset/GMDCSA24/Subject 3/ADL/12.mp4,stand_up,3,1,GMDCSA24,GMDCSA24:3,18,34,34,16,10,10,1.499063085571518,0,62
/data/final_project_dataset/GMDCSA24/Subject 3/ADL/12.mp4,stand_up,3,1,GMDCSA24,GMDCSA24:3,20,36,36,16,10,10,1.499063085571518,0,62
/data/final_project_dataset/GMDCSA24/Subject 3/ADL/12.mp4,stand_up,3,1,GMDCSA24,GMDCSA24:3,22,38,38,16,10,10,1.499063085571518,0,62
/data/final_project_dataset/GMDCSA24/Subject 3/ADL/12.mp4,stand_up,3,1,GMDCSA24,GMDCSA24:3,24,40,40,16,10,10,1.499063085571518,0,62
/data/final_project_dataset/GMDCSA24/Subject 3/ADL/12.mp4,stand_up,3,1,GMDCSA24,GMDCSA24:3,26,42,42,16,10,10,1.499063085571518,0,62
/data/final_project_dataset/GMDCSA24/Subject 3/ADL/12.mp4,stand_up,3,1,GMDCSA24,GMDCSA24:3,28,44,44,16,10,10,1.499063085571518,0,62
/data/final_project_dataset/GMDCSA24/Subject 3/ADL/12.mp4,stand_up,3,1,GMDCSA24,GMDCSA24:3,30,46,46,16,10,10,1.499063085571518,0,62
/data/final_project_dataset/GMDCSA24/Subject 3/ADL/12.mp4,stand_up,3,1,GMDCSA24,GMDCSA24:3,32,48,48,16,10,10,1.499063085571518,0,62
/data/final_project_dataset/GMDCSA24/Subject 3/ADL/12.mp4,stand_up,3,1,GMDCSA24,GMDCSA24:3,34,50,50,16,10,10,1.499063085571518,0,62
/data/final_project_dataset/GMDCSA24/Subject 3/ADL/12.mp4,stand_up,3,1,GMDCSA24,GMDCSA24:3,36,52,52,16,10,10,1.499063085571518,0,62
/data/final_project_dataset/GMDCSA24/Subject 3/ADL/18.mp4,sitting,3,1,GMDCSA24,GMDCSA24:3,26,42,42,16,10,10,1.50160050832624,0,62
/data/final_project_dataset/GMDCSA24/Subject 3/ADL/18.mp4,sitting,3,1,GMDCSA24,GMDCSA24:3,28,44,44,16,10,10,1.50160050832624,0,62
/data/final_project_dataset/GMDCSA24/Subject 3/ADL/18.mp4,sitting,3,1,GMDCSA24,GMDCSA24:3,30,46,46,16,10,10,1.50160050832624,0,62
/data/final_project_dataset/GMDCSA24/Subject 3/ADL/18.mp4,sitting,3,1,GMDCSA24,GMDCSA24:3,32,48,48,16,10,10,1.50160050832624,0,62
/data/final_project_dataset/GMDCSA24/Subject 3/ADL/18.mp4,sitting,3,1,GMDCSA24,GMDCSA24:3,34,50,50,16,10,10,1.50160050832624,0,62
/data/final_project_dataset/GMDCSA24/Subject 3/ADL/18.mp4,sitting,3,1,GMDCSA24,GMDCSA24:3,36,52,52,16,10,10,1.50160050832624,0,62
/data/final_project_dataset/GMDCSA24/Subject 3/ADL/03.mp4,stand_up,3,1,GMDCSA24,GMDCSA24:3,24,40,40,16,10,10,2.9833396606115175,0,71
/data/final_project_dataset/GMDCSA24/Subject 3/ADL/03.mp4,stand_up,3,1,GMDCSA24,GMDCSA24:3,26,42,42,16,10,10,2.9833396606115175,0,71
/data/final_project_dataset/GMDCSA24/Subject 3/ADL/03.mp4,stand_up,3,1,GMDCSA24,GMDCSA24:3,28,44,44,16,10,10,2.9833396606115175,0,71
/data/final_project_dataset/GMDCSA24/Subject 3/ADL/03.mp4,stand_up,3,1,GMDCSA24,GMDCSA24:3,30,46,46,16,10,10,2.9833396606115175,0,71
/data/final_project_dataset/GMDCSA24/Subject 3/ADL/03.mp4,stand_up,3,1,GMDCSA24,GMDCSA24:3,32,48,48,16,10,10,2.9833396606115175,0,71
/data/final_project_dataset/GMDCSA24/Subject 3/ADL/03.mp4,stand_up,3,1,GMDCSA24,GMDCSA24:3,34,50,50,16,10,10,2.9833396606115175,0,71
/data/final_project_dataset/GMDCSA24/Subject 3/ADL/03.mp4,stand_up,3,1,GMDCSA24,GMDCSA24:3,36,52,52,16,10,10,2.9833396606115175,0,71
/data/final_project_dataset/GMDCSA24/Subject 3/ADL/03.mp4,stand_up,3,1,GMDCSA24,GMDCSA24:3,38,54,54,16,10,10,2.9833396606115175,0,71
/data/final_project_dataset/GMDCSA24/Subject 3/ADL/03.mp4,stand_up,3,1,GMDCSA24,GMDCSA24:3,40,56,56,16,10,10,2.9833396606115175,0,71
/data/final_project_dataset/GMDCSA24/Subject 3/ADL/03.mp4,stand_up,3,1,GMDCSA24,GMDCSA24:3,42,58,58,16,10,10,2.9833396606115175,0,71
/data/final_project_dataset/GMDCSA24/Subject 3/ADL/03.mp4,stand_up,3,1,GMDCSA24,GMDCSA24:3,44,60,60,16,10,10,2.9833396606115175,0,71
/data/final_project_dataset/GMDCSA24/Subject 3/ADL/04.mp4,walk,3,1,GMDCSA24,GMDCSA24:3,20,36,36,16,10,10,2.985223145430121,0,71
/data/final_project_dataset/GMDCSA24/Subject 3/ADL/04.mp4,walk,3,1,GMDCSA24,GMDCSA24:3,22,38,38,16,10,10,2.985223145430121,0,71
/data/final_project_dataset/GMDCSA24/Subject 3/ADL/04.mp4,walk,3,1,GMDCSA24,GMDCSA24:3,24,40,40,16,10,10,2.985223145430121,0,71
/data/final_project_dataset/GMDCSA24/Subject 3/ADL/04.mp4,walk,3,1,GMDCSA24,GMDCSA24:3,26,42,42,16,10,10,2.985223145430121,0,71
/data/final_project_dataset/GMDCSA24/Subject 3/ADL/04.mp4,walk,3,1,GMDCSA24,GMDCSA24:3,28,44,44,16,10,10,2.985223145430121,0,71
/data/final_project_dataset/GMDCSA24/Subject 3/ADL/04.mp4,walk,3,1,GMDCSA24,GMDCSA24:3,30,46,46,16,10,10,2.985223145430121,0,71
/data/final_project_dataset/GMDCSA24/Subject 3/ADL/04.mp4,walk,3,1,GMDCSA24,GMDCSA24:3,32,48,48,16,10,10,2.985223145430121,0,71
/data/final_project_dataset/GMDCSA24/Subject 3/ADL/04.mp4,walk,3,1,GMDCSA24,GMDCSA24:3,34,50,50,16,10,10,2.985223145430121,0,71
/data/final_project_dataset/GMDCSA24/Subject 3/ADL/04.mp4,walk,3,1,GMDCSA24,GMDCSA24:3,36,52,52,16,10,10,2.985223145430121,0,71
/data/final_project_dataset/GMDCSA24/Subject 3/ADL/04.mp4,walk,3,1,GMDCSA24,GMDCSA24:3,38,54,54,16,10,10,2.985223145430121,0,71
/data/final_project_dataset/GMDCSA24/Subject 3/ADL/04.mp4,walk,3,1,GMDCSA24,GMDCSA24:3,40,56,56,16,10,10,2.985223145430121,0,71
/data/final_project_dataset/GMDCSA24/Subject 3/ADL/04.mp4,walk,3,1,GMDCSA24,GMDCSA24:3,42,58,58,16,10,10,2.985223145430121,0,71
/data/final_project_dataset/GMDCSA24/Subject 3/ADL/04.mp4,walk,3,1,GMDCSA24,GMDCSA24:3,44,60,60,16,10,10,2.985223145430121,0,71
/data/final_project_dataset/GMDCSA24/Subject 3/ADL/06.mp4,sitting,3,1,GMDCSA24,GMDCSA24:3,26,42,42,16,10,10,2.9847742974042526,0,71
/data/final_project_dataset/GMDCSA24/Subject 3/ADL/06.mp4,sitting,3,1,GMDCSA24,GMDCSA24:3,28,44,44,16,10,10,2.9847742974042526,0,71
/data/final_project_dataset/GMDCSA24/Subject 3/ADL/06.mp4,sitting,3,1,GMDCSA24,GMDCSA24:3,30,46,46,16,10,10,2.9847742974042526,0,71
/data/final_project_dataset/GMDCSA24/Subject 3/ADL/06.mp4,sitting,3,1,GMDCSA24,GMDCSA24:3,32,48,48,16,10,10,2.9847742974042526,0,71
/data/final_project_dataset/GMDCSA24/Subject 3/ADL/06.mp4,sitting,3,1,GMDCSA24,GMDCSA24:3,34,50,50,16,10,10,2.9847742974042526,0,71
/data/final_project_dataset/GMDCSA24/Subject 3/ADL/06.mp4,sitting,3,1,GMDCSA24,GMDCSA24:3,36,52,52,16,10,10,2.9847742974042526,0,71
/data/final_project_dataset/GMDCSA24/Subject 3/ADL/06.mp4,sitting,3,1,GMDCSA24,GMDCSA24:3,38,54,54,16,10,10,2.9847742974042526,0,71
/data/final_project_dataset/GMDCSA24/Subject 3/ADL/06.mp4,sitting,3,1,GMDCSA24,GMDCSA24:3,40,56,56,16,10,10,2.9847742974042526,0,71
/data/final_project_dataset/GMDCSA24/Subject 3/ADL/06.mp4,sitting,3,1,GMDCSA24,GMDCSA24:3,42,58,58,16,10,10,2.9847742974042526,0,71
/data/final_project_dataset/GMDCSA24/Subject 3/ADL/06.mp4,sitting,3,1,GMDCSA24,GMDCSA24:3,44,60,60,16,10,10,2.9847742974042526,0,71
/data/final_project_dataset/GMDCSA24/Subject 3/ADL/21.mp4,other,3,1,GMDCSA24,GMDCSA24:3,30,46,46,16,10,10,2.982826741775222,0,76
/data/final_project_dataset/GMDCSA24/Subject 3/ADL/21.mp4,other,3,1,GMDCSA24,GMDCSA24:3,32,48,48,16,10,10,2.982826741775222,0,76
/data/final_project_dataset/GMDCSA24/Subject 3/ADL/21.mp4,other,3,1,GMDCSA24,GMDCSA24:3,34,50,50,16,10,10,2.982826741775222,0,76
/data/final_project_dataset/GMDCSA24/Subject 3/ADL/21.mp4,other,3,1,GMDCSA24,GMDCSA24:3,36,52,52,16,10,10,2.982826741775222,0,76
/data/final_project_dataset/GMDCSA24/Subject 3/ADL/21.mp4,other,3,1,GMDCSA24,GMDCSA24:3,38,54,54,16,10,10,2.982826741775222,0,76
/data/final_project_dataset/GMDCSA24/Subject 3/ADL/21.mp4,other,3,1,GMDCSA24,GMDCSA24:3,40,56,56,16,10,10,2.982826741775222,0,76
/data/final_project_dataset/GMDCSA24/Subject 3/ADL/21.mp4,other,3,1,GMDCSA24,GMDCSA24:3,42,58,58,16,10,10,2.982826741775222,0,76
/data/final_project_dataset/GMDCSA24/Subject 3/ADL/21.mp4,other,3,1,GMDCSA24,GMDCSA24:3,44,60,60,16,10,10,2.982826741775222,0,76
/data/final_project_dataset/GMDCSA24/Subject 3/ADL/21.mp4,other,3,1,GMDCSA24,GMDCSA24:3,46,62,62,16,10,10,2.982826741775222,0,76
/data/final_project_dataset/GMDCSA24/Subject 3/ADL/21.mp4,other,3,1,GMDCSA24,GMDCSA24:3,48,64,64,16,10,10,2.982826741775222,0,76
/data/final_project_dataset/GMDCSA24/Subject 3/ADL/21.mp4,other,3,1,GMDCSA24,GMDCSA24:3,50,66,66,16,10,10,2.982826741775222,0,76
/data/final_project_dataset/GMDCSA24/Subject 3/Fall/14.mp4,fall,3,1,GMDCSA24,GMDCSA24:3,22,38,38,16,10,10,2.98238200494084,0,81
/data/final_project_dataset/GMDCSA24/Subject 3/Fall/14.mp4,fall,3,1,GMDCSA24,GMDCSA24:3,24,40,40,16,10,10,2.98238200494084,0,81
/data/final_project_dataset/GMDCSA24/Subject 3/Fall/14.mp4,fall,3,1,GMDCSA24,GMDCSA24:3,26,42,42,16,10,10,2.98238200494084,0,81
/data/final_project_dataset/GMDCSA24/Subject 3/Fall/14.mp4,fall,3,1,GMDCSA24,GMDCSA24:3,28,44,44,16,10,10,2.98238200494084,0,81
/data/final_project_dataset/GMDCSA24/Subject 3/Fall/14.mp4,fall,3,1,GMDCSA24,GMDCSA24:3,30,46,46,16,10,10,2.98238200494084,0,81
/data/final_project_dataset/GMDCSA24/Subject 3/Fall/14.mp4,fall,3,1,GMDCSA24,GMDCSA24:3,32,48,48,16,10,10,2.98238200494084,0,81
/data/final_project_dataset/GMDCSA24/Subject 3/Fall/14.mp4,fall,3,1,GMDCSA24,GMDCSA24:3,34,50,50,16,10,10,2.98238200494084,0,81
/data/final_project_dataset/GMDCSA24/Subject 3/Fall/14.mp4,fall,3,1,GMDCSA24,GMDCSA24:3,36,52,52,16,10,10,2.98238200494084,0,81
/data/final_project_dataset/GMDCSA24/Subject 3/Fall/14.mp4,fall,3,1,GMDCSA24,GMDCSA24:3,38,54,54,16,10,10,2.98238200494084,0,81
/data/final_project_dataset/GMDCSA24/Subject 3/Fall/14.mp4,fall,3,1,GMDCSA24,GMDCSA24:3,40,56,56,16,10,10,2.98238200494084,0,81
/data/final_project_dataset/GMDCSA24/Subject 3/Fall/14.mp4,fall,3,1,GMDCSA24,GMDCSA24:3,42,58,58,16,10,10,2.98238200494084,0,81
/data/final_project_dataset/GMDCSA24/Subject 3/Fall/14.mp4,fall,3,1,GMDCSA24,GMDCSA24:3,44,60,60,16,10,10,2.98238200494084,0,81
/data/final_project_dataset/GMDCSA24/Subject 3/Fall/14.mp4,fall,3,1,GMDCSA24,GMDCSA24:3,46,62,62,16,10,10,2.98238200494084,0,81
/data/final_project_dataset/GMDCSA24/Subject 3/Fall/14.mp4,fall,3,1,GMDCSA24,GMDCSA24:3,48,64,64,16,10,10,2.98238200494084,0,81
/data/final_project_dataset/GMDCSA24/Subject 3/Fall/14.mp4,fall,3,1,GMDCSA24,GMDCSA24:3,50,66,66,16,10,10,2.98238200494084,0,81
/data/final_project_dataset/GMDCSA24/Subject 3/Fall/14.mp4,fall,3,1,GMDCSA24,GMDCSA24:3,52,68,68,16,10,10,2.98238200494084,0,81
/data/final_project_dataset/GMDCSA24/Subject 3/Fall/14.mp4,fall,3,1,GMDCSA24,GMDCSA24:3,54,70,70,16,10,10,2.98238200494084,0,81
/data/final_project_dataset/GMDCSA24/Subject 3/Fall/14.mp4,fall,3,1,GMDCSA24,GMDCSA24:3,56,72,72,16,10,10,2.98238200494084,1,81
/data/final_project_dataset/GMDCSA24/Subject 3/Fall/14.mp4,fall,3,1,GMDCSA24,GMDCSA24:3,58,74,74,16,10,10,2.98238200494084,1,81
/data/final_project_dataset/GMDCSA24/Subject 3/Fall/14.mp4,fall,3,1,GMDCSA24,GMDCSA24:3,60,76,76,16,10,10,2.98238200494084,1,81
/data/final_project_dataset/GMDCSA24/Subject 3/Fall/14.mp4,fall,3,1,GMDCSA24,GMDCSA24:3,62,78,78,16,10,10,2.98238200494084,1,81
/data/final_project_dataset/GMDCSA24/Subject 3/Fall/14.mp4,fall,3,1,GMDCSA24,GMDCSA24:3,64,80,80,16,10,10,2.98238200494084,1,81
/data/final_project_dataset/GMDCSA24/Subject 3/ADL/03.mp4,walk,3,1,GMDCSA24,GMDCSA24:3,46,62,62,16,10,10,2.9833396606115175,0,85
/data/final_project_dataset/GMDCSA24/Subject 3/ADL/03.mp4,walk,3,1,GMDCSA24,GMDCSA24:3,48,64,64,16,10,10,2.9833396606115175,0,85
/data/final_project_dataset/GMDCSA24/Subject 3/ADL/03.mp4,walk,3,1,GMDCSA24,GMDCSA24:3,50,66,66,16,10,10,2.9833396606115175,0,85
/data/final_project_dataset/GMDCSA24/Subject 3/ADL/03.mp4,walk,3,1,GMDCSA24,GMDCSA24:3,52,68,68,16,10,10,2.9833396606115175,0,85
/data/final_project_dataset/GMDCSA24/Subject 3/ADL/03.mp4,walk,3,1,GMDCSA24,GMDCSA24:3,54,70,70,16,10,10,2.9833396606115175,0,85
/data/final_project_dataset/GMDCSA24/Subject 3/ADL/03.mp4,walk,3,1,GMDCSA24,GMDCSA24:3,56,72,72,16,10,10,2.9833396606115175,0,85
/data/final_project_dataset/GMDCSA24/Subject 3/ADL/03.mp4,walk,3,1,GMDCSA24,GMDCSA24:3,58,74,74,16,10,10,2.9833396606115175,0,85
/data/final_project_dataset/GMDCSA24/Subject 3/ADL/04.mp4,sit_down,3,1,GMDCSA24,GMDCSA24:3,46,62,62,16,10,10,2.985223145430121,0,90
/data/final_project_dataset/GMDCSA24/Subject 3/ADL/04.mp4,sit_down,3,1,GMDCSA24,GMDCSA24:3,48,64,64,16,10,10,2.985223145430121,0,90
/data/final_project_dataset/GMDCSA24/Subject 3/ADL/04.mp4,sit_down,3,1,GMDCSA24,GMDCSA24:3,50,66,66,16,10,10,2.985223145430121,0,90
/data/final_project_dataset/GMDCSA24/Subject 3/ADL/04.mp4,sit_down,3,1,GMDCSA24,GMDCSA24:3,52,68,68,16,10,10,2.985223145430121,0,90
/data/final_project_dataset/GMDCSA24/Subject 3/ADL/04.mp4,sit_down,3,1,GMDCSA24,GMDCSA24:3,54,70,70,16,10,10,2.985223145430121,0,90
/data/final_project_dataset/GMDCSA24/Subject 3/ADL/04.mp4,sit_down,3,1,GMDCSA24,GMDCSA24:3,56,72,72,16,10,10,2.985223145430121,0,90
/data/final_project_dataset/GMDCSA24/Subject 3/ADL/04.mp4,sit_down,3,1,GMDCSA24,GMDCSA24:3,58,74,74,16,10,10,2.985223145430121,0,90
/data/final_project_dataset/GMDCSA24/Subject 3/ADL/04.mp4,sit_down,3,1,GMDCSA24,GMDCSA24:3,60,76,76,16,10,10,2.985223145430121,0,90
/data/final_project_dataset/GMDCSA24/Subject 3/ADL/04.mp4,sit_down,3,1,GMDCSA24,GMDCSA24:3,62,78,78,16,10,10,2.985223145430121,0,90
/data/final_project_dataset/GMDCSA24/Subject 3/ADL/04.mp4,sit_down,3,1,GMDCSA24,GMDCSA24:3,64,80,80,16,10,10,2.985223145430121,0,90
/data/final_project_dataset/GMDCSA24/Subject 3/ADL/12.mp4,walk,3,1,GMDCSA24,GMDCSA24:3,38,54,54,16,10,10,1.499063085571518,0,91
/data/final_project_dataset/GMDCSA24/Subject 3/ADL/12.mp4,walk,3,1,GMDCSA24,GMDCSA24:3,40,56,56,16,10,10,1.499063085571518,0,91
/data/final_project_dataset/GMDCSA24/Subject 3/ADL/12.mp4,walk,3,1,GMDCSA24,GMDCSA24:3,42,58,58,16,10,10,1.499063085571518,0,91
/data/final_project_dataset/GMDCSA24/Subject 3/ADL/12.mp4,walk,3,1,GMDCSA24,GMDCSA24:3,44,60,60,16,10,10,1.499063085571518,0,91
/data/final_project_dataset/GMDCSA24/Subject 3/ADL/12.mp4,walk,3,1,GMDCSA24,GMDCSA24:3,46,62,62,16,10,10,1.499063085571518,0,91
/data/final_project_dataset/GMDCSA24/Subject 3/ADL/12.mp4,walk,3,1,GMDCSA24,GMDCSA24:3,48,64,64,16,10,10,1.499063085571518,0,91
/data/final_project_dataset/GMDCSA24/Subject 3/ADL/12.mp4,walk,3,1,GMDCSA24,GMDCSA24:3,50,66,66,16,10,10,1.499063085571518,0,91
/data/final_project_dataset/GMDCSA24/Subject 3/ADL/12.mp4,walk,3,1,GMDCSA24,GMDCSA24:3,52,68,68,16,10,10,1.499063085571518,0,91
/data/final_project_dataset/GMDCSA24/Subject 3/ADL/12.mp4,walk,3,1,GMDCSA24,GMDCSA24:3,54,70,70,16,10,10,1.499063085571518,0,91
/data/final_project_dataset/GMDCSA24/Subject 3/ADL/12.mp4,walk,3,1,GMDCSA24,GMDCSA24:3,56,72,72,16,10,10,1.499063085571518,0,91
/data/final_project_dataset/GMDCSA24/Subject 3/ADL/12.mp4,walk,3,1,GMDCSA24,GMDCSA24:3,58,74,74,16,10,10,1.499063085571518,0,91
/data/final_project_dataset/GMDCSA24/Subject 3/ADL/12.mp4,walk,3,1,GMDCSA24,GMDCSA24:3,60,76,76,16,10,10,1.499063085571518,0,91
/data/final_project_dataset/GMDCSA24/Subject 3/ADL/12.mp4,walk,3,1,GMDCSA24,GMDCSA24:3,62,78,78,16,10,10,1.499063085571518,0,91
/data/final_project_dataset/GMDCSA24/Subject 3/ADL/12.mp4,walk,3,1,GMDCSA24,GMDCSA24:3,64,80,80,16,10,10,1.499063085571518,0,91
/data/final_project_dataset/GMDCSA24/Subject 3/ADL/10.mp4,walk,3,1,GMDCSA24,GMDCSA24:3,0,16,16,16,10,10,2.9838582117761865,0,120
/data/final_project_dataset/GMDCSA24/Subject 3/ADL/10.mp4,walk,3,1,GMDCSA24,GMDCSA24:3,2,18,18,16,10,10,2.9838582117761865,0,120
/data/final_project_dataset/GMDCSA24/Subject 3/ADL/10.mp4,walk,3,1,GMDCSA24,GMDCSA24:3,4,20,20,16,10,10,2.9838582117761865,0,120
/data/final_project_dataset/GMDCSA24/Subject 3/ADL/10.mp4,walk,3,1,GMDCSA24,GMDCSA24:3,6,22,22,16,10,10,2.9838582117761865,0,120
/data/final_project_dataset/GMDCSA24/Subject 3/ADL/10.mp4,walk,3,1,GMDCSA24,GMDCSA24:3,8,24,24,16,10,10,2.9838582117761865,0,120
/data/final_project_dataset/GMDCSA24/Subject 3/ADL/10.mp4,walk,3,1,GMDCSA24,GMDCSA24:3,10,26,26,16,10,10,2.9838582117761865,0,120
/data/final_project_dataset/GMDCSA24/Subject 3/ADL/10.mp4,walk,3,1,GMDCSA24,GMDCSA24:3,12,28,28,16,10,10,2.9838582117761865,0,120
/data/final_project_dataset/GMDCSA24/Subject 3/ADL/10.mp4,walk,3,1,GMDCSA24,GMDCSA24:3,14,30,30,16,10,10,2.9838582117761865,0,120
/data/final_project_dataset/GMDCSA24/Subject 3/ADL/10.mp4,walk,3,1,GMDCSA24,GMDCSA24:3,16,32,32,16,10,10,2.9838582117761865,0,120
/data/final_project_dataset/GMDCSA24/Subject 3/ADL/10.mp4,walk,3,1,GMDCSA24,GMDCSA24:3,18,34,34,16,10,10,2.9838582117761865,0,120
/data/final_project_dataset/GMDCSA24/Subject 3/ADL/10.mp4,walk,3,1,GMDCSA24,GMDCSA24:3,20,36,36,16,10,10,2.9838582117761865,0,120
/data/final_project_dataset/GMDCSA24/Subject 3/ADL/10.mp4,walk,3,1,GMDCSA24,GMDCSA24:3,22,38,38,16,10,10,2.9838582117761865,0,120
/data/final_project_dataset/GMDCSA24/Subject 3/ADL/10.mp4,walk,3,1,GMDCSA24,GMDCSA24:3,24,40,40,16,10,10,2.9838582117761865,0,120
/data/final_project_dataset/GMDCSA24/Subject 3/ADL/10.mp4,walk,3,1,GMDCSA24,GMDCSA24:3,26,42,42,16,10,10,2.9838582117761865,0,120
/data/final_project_dataset/GMDCSA24/Subject 3/ADL/10.mp4,walk,3,1,GMDCSA24,GMDCSA24:3,28,44,44,16,10,10,2.9838582117761865,0,120
/data/final_project_dataset/GMDCSA24/Subject 3/ADL/10.mp4,walk,3,1,GMDCSA24,GMDCSA24:3,30,46,46,16,10,10,2.9838582117761865,0,120
/data/final_project_dataset/GMDCSA24/Subject 3/ADL/10.mp4,walk,3,1,GMDCSA24,GMDCSA24:3,32,48,48,16,10,10,2.9838582117761865,0,120
/data/final_project_dataset/GMDCSA24/Subject 3/ADL/10.mp4,walk,3,1,GMDCSA24,GMDCSA24:3,34,50,50,16,10,10,2.9838582117761865,0,120
/data/final_project_dataset/GMDCSA24/Subject 3/ADL/10.mp4,walk,3,1,GMDCSA24,GMDCSA24:3,36,52,52,16,10,10,2.9838582117761865,0,120
/data/final_project_dataset/GMDCSA24/Subject 3/ADL/10.mp4,walk,3,1,GMDCSA24,GMDCSA24:3,38,54,54,16,10,10,2.9838582117761865,0,120
/data/final_project_dataset/GMDCSA24/Subject 3/ADL/10.mp4,walk,3,1,GMDCSA24,GMDCSA24:3,40,56,56,16,10,10,2.9838582117761865,0,120
/data/final_project_dataset/GMDCSA24/Subject 3/ADL/10.mp4,walk,3,1,GMDCSA24,GMDCSA24:3,42,58,58,16,10,10,2.9838582117761865,0,120
/data/final_project_dataset/GMDCSA24/Subject 3/ADL/10.mp4,walk,3,1,GMDCSA24,GMDCSA24:3,44,60,60,16,10,10,2.9838582117761865,0,120
/data/final_project_dataset/GMDCSA24/Subject 3/ADL/10.mp4,walk,3,1,GMDCSA24,GMDCSA24:3,46,62,62,16,10,10,2.9838582117761865,0,120
/data/final_project_dataset/GMDCSA24/Subject 3/ADL/10.mp4,walk,3,1,GMDCSA24,GMDCSA24:3,48,64,64,16,10,10,2.9838582117761865,0,120
/data/final_project_dataset/GMDCSA24/Subject 3/ADL/10.mp4,walk,3,1,GMDCSA24,GMDCSA24:3,50,66,66,16,10,10,2.9838582117761865,0,120
/data/final_project_dataset/GMDCSA24/Subject 3/ADL/10.mp4,walk,3,1,GMDCSA24,GMDCSA24:3,52,68,68,16,10,10,2.9838582117761865,0,120
/data/final_project_dataset/GMDCSA24/Subject 3/ADL/10.mp4,walk,3,1,GMDCSA24,GMDCSA24:3,54,70,70,16,10,10,2.9838582117761865,0,120
/data/final_project_dataset/GMDCSA24/Subject 3/ADL/10.mp4,walk,3,1,GMDCSA24,GMDCSA24:3,56,72,72,16,10,10,2.9838582117761865,0,120
/data/final_project_dataset/GMDCSA24/Subject 3/ADL/10.mp4,walk,3,1,GMDCSA24,GMDCSA24:3,58,74,74,16,10,10,2.9838582117761865,0,120
/data/final_project_dataset/GMDCSA24/Subject 3/ADL/10.mp4,walk,3,1,GMDCSA24,GMDCSA24:3,60,76,76,16,10,10,2.9838582117761865,0,120
/data/final_project_dataset/GMDCSA24/Subject 3/ADL/10.mp4,walk,3,1,GMDCSA24,GMDCSA24:3,62,78,78,16,10,10,2.9838582117761865,0,120
/data/final_project_dataset/GMDCSA24/Subject 3/ADL/10.mp4,walk,3,1,GMDCSA24,GMDCSA24:3,64,80,80,16,10,10,2.9838582117761865,0,120
/data/final_project_dataset/GMDCSA24/Subject 3/ADL/10.mp4,walk,3,1,GMDCSA24,GMDCSA24:3,66,82,82,16,10,10,2.9838582117761865,0,120
/data/final_project_dataset/GMDCSA24/Subject 3/ADL/10.mp4,walk,3,1,GMDCSA24,GMDCSA24:3,68,84,84,16,10,10,2.9838582117761865,0,120
/data/final_project_dataset/GMDCSA24/Subject 3/ADL/10.mp4,walk,3,1,GMDCSA24,GMDCSA24:3,70,86,86,16,10,10,2.9838582117761865,0,120
/data/final_project_dataset/GMDCSA24/Subject 3/ADL/10.mp4,walk,3,1,GMDCSA24,GMDCSA24:3,72,88,88,16,10,10,2.9838582117761865,0,120
/data/final_project_dataset/GMDCSA24/Subject 3/ADL/10.mp4,walk,3,1,GMDCSA24,GMDCSA24:3,74,90,90,16,10,10,2.9838582117761865,0,120
/data/final_project_dataset/GMDCSA24/Subject 3/ADL/10.mp4,walk,3,1,GMDCSA24,GMDCSA24:3,76,92,92,16,10,10,2.9838582117761865,0,120
/data/final_project_dataset/GMDCSA24/Subject 3/ADL/10.mp4,walk,3,1,GMDCSA24,GMDCSA24:3,78,94,94,16,10,10,2.9838582117761865,0,120
/data/final_project_dataset/GMDCSA24/Subject 3/ADL/10.mp4,walk,3,1,GMDCSA24,GMDCSA24:3,80,96,96,16,10,10,2.9838582117761865,0,120
/data/final_project_dataset/GMDCSA24/Subject 3/ADL/10.mp4,walk,3,1,GMDCSA24,GMDCSA24:3,82,98,98,16,10,10,2.9838582117761865,0,120
/data/final_project_dataset/GMDCSA24/Subject 3/ADL/10.mp4,walk,3,1,GMDCSA24,GMDCSA24:3,84,100,100,16,10,10,2.9838582117761865,0,120
/data/final_project_dataset/GMDCSA24/Subject 3/ADL/10.mp4,walk,3,1,GMDCSA24,GMDCSA24:3,86,102,102,16,10,10,2.9838582117761865,0,120
/data/final_project_dataset/GMDCSA24/Subject 3/ADL/10.mp4,walk,3,1,GMDCSA24,GMDCSA24:3,88,104,104,16,10,10,2.9838582117761865,0,120
/data/final_project_dataset/GMDCSA24/Subject 3/ADL/10.mp4,walk,3,1,GMDCSA24,GMDCSA24:3,90,106,106,16,10,10,2.9838582117761865,0,120
/data/final_project_dataset/GMDCSA24/Subject 3/ADL/10.mp4,walk,3,1,GMDCSA24,GMDCSA24:3,92,108,108,16,10,10,2.9838582117761865,0,120
/data/final_project_dataset/GMDCSA24/Subject 3/ADL/10.mp4,walk,3,1,GMDCSA24,GMDCSA24:3,94,110,110,16,10,10,2.9838582117761865,0,120
/data/final_project_dataset/GMDCSA24/Subject 4/Fall/05.mp4,fall,4,1,GMDCSA24,GMDCSA24:4,0,16,16,16,10,10,2.9826037275798623,1,19
/data/final_project_dataset/GMDCSA24/Subject 4/Fall/05.mp4,fall,4,1,GMDCSA24,GMDCSA24:4,2,18,18,16,10,10,2.9826037275798623,1,19
/data/final_project_dataset/GMDCSA24/Subject 4/Fall/07.mp4,fall,4,1,GMDCSA24,GMDCSA24:4,0,16,16,16,10,10,2.9817447436175333,1,20
/data/final_project_dataset/GMDCSA24/Subject 4/Fall/07.mp4,fall,4,1,GMDCSA24,GMDCSA24:4,2,18,18,16,10,10,2.9817447436175333,1,20
/data/final_project_dataset/GMDCSA24/Subject 4/Fall/17.mp4,fall,4,1,GMDCSA24,GMDCSA24:4,0,16,16,16,10,10,2.98725725528302,1,21
/data/final_project_dataset/GMDCSA24/Subject 4/Fall/17.mp4,fall,4,1,GMDCSA24,GMDCSA24:4,2,18,18,16,10,10,2.98725725528302,1,21
/data/final_project_dataset/GMDCSA24/Subject 4/Fall/17.mp4,fall,4,1,GMDCSA24,GMDCSA24:4,4,20,20,16,10,10,2.98725725528302,1,21
/data/final_project_dataset/GMDCSA24/Subject 4/Fall/16.mp4,fall,4,1,GMDCSA24,GMDCSA24:4,0,16,16,16,10,10,2.983548264522515,0,29
/data/final_project_dataset/GMDCSA24/Subject 4/Fall/16.mp4,fall,4,1,GMDCSA24,GMDCSA24:4,2,18,18,16,10,10,2.983548264522515,0,29
/data/final_project_dataset/GMDCSA24/Subject 4/Fall/16.mp4,fall,4,1,GMDCSA24,GMDCSA24:4,4,20,20,16,10,10,2.983548264522515,1,29
/data/final_project_dataset/GMDCSA24/Subject 4/Fall/16.mp4,fall,4,1,GMDCSA24,GMDCSA24:4,6,22,22,16,10,10,2.983548264522515,1,29
/data/final_project_dataset/GMDCSA24/Subject 4/Fall/16.mp4,fall,4,1,GMDCSA24,GMDCSA24:4,8,24,24,16,10,10,2.983548264522515,1,29
/data/final_project_dataset/GMDCSA24/Subject 4/Fall/16.mp4,fall,4,1,GMDCSA24,GMDCSA24:4,10,26,26,16,10,10,2.983548264522515,1,29
/data/final_project_dataset/GMDCSA24/Subject 4/Fall/16.mp4,fall,4,1,GMDCSA24,GMDCSA24:4,12,28,28,16,10,10,2.983548264522515,1,29
/data/final_project_dataset/GMDCSA24/Subject 4/ADL/20.mp4,other,4,1,GMDCSA24,GMDCSA24:4,0,16,16,16,10,10,2.984921296243451,0,32
/data/final_project_dataset/GMDCSA24/Subject 4/ADL/20.mp4,other,4,1,GMDCSA24,GMDCSA24:4,2,18,18,16,10,10,2.984921296243451,0,32
/data/final_project_dataset/GMDCSA24/Subject 4/ADL/20.mp4,other,4,1,GMDCSA24,GMDCSA24:4,4,20,20,16,10,10,2.984921296243451,0,32
/data/final_project_dataset/GMDCSA24/Subject 4/ADL/20.mp4,other,4,1,GMDCSA24,GMDCSA24:4,6,22,22,16,10,10,2.984921296243451,0,32
/data/final_project_dataset/GMDCSA24/Subject 4/ADL/15.mp4,lying,4,1,GMDCSA24,GMDCSA24:4,0,16,16,16,10,10,2.983356995878339,0,35
/data/final_project_dataset/GMDCSA24/Subject 4/ADL/15.mp4,lying,4,1,GMDCSA24,GMDCSA24:4,2,18,18,16,10,10,2.983356995878339,0,35
/data/final_project_dataset/GMDCSA24/Subject 4/ADL/15.mp4,lying,4,1,GMDCSA24,GMDCSA24:4,4,20,20,16,10,10,2.983356995878339,0,35
/data/final_project_dataset/GMDCSA24/Subject 4/ADL/15.mp4,lying,4,1,GMDCSA24,GMDCSA24:4,6,22,22,16,10,10,2.983356995878339,0,35
/data/final_project_dataset/GMDCSA24/Subject 4/ADL/15.mp4,lying,4,1,GMDCSA24,GMDCSA24:4,8,24,24,16,10,10,2.983356995878339,0,35
/data/final_project_dataset/GMDCSA24/Subject 4/ADL/08.mp4,sitting,4,1,GMDCSA24,GMDCSA24:4,0,16,16,16,10,10,2.982776089159068,0,38
/data/final_project_dataset/GMDCSA24/Subject 4/ADL/08.mp4,sitting,4,1,GMDCSA24,GMDCSA24:4,2,18,18,16,10,10,2.982776089159068,0,38
/data/final_project_dataset/GMDCSA24/Subject 4/ADL/08.mp4,sitting,4,1,GMDCSA24,GMDCSA24:4,4,20,20,16,10,10,2.982776089159068,0,38
/data/final_project_dataset/GMDCSA24/Subject 4/ADL/08.mp4,sitting,4,1,GMDCSA24,GMDCSA24:4,6,22,22,16,10,10,2.982776089159068,0,38
/data/final_project_dataset/GMDCSA24/Subject 4/ADL/08.mp4,sitting,4,1,GMDCSA24,GMDCSA24:4,8,24,24,16,10,10,2.982776089159068,0,38
/data/final_project_dataset/GMDCSA24/Subject 4/ADL/08.mp4,sitting,4,1,GMDCSA24,GMDCSA24:4,10,26,26,16,10,10,2.982776089159068,0,38
/data/final_project_dataset/GMDCSA24/Subject 4/ADL/08.mp4,sitting,4,1,GMDCSA24,GMDCSA24:4,12,28,28,16,10,10,2.982776089159068,0,38
/data/final_project_dataset/GMDCSA24/Subject 4/ADL/17.mp4,walk,4,1,GMDCSA24,GMDCSA24:4,0,16,16,16,10,10,2.987775820433602,0,42
/data/final_project_dataset/GMDCSA24/Subject 4/ADL/17.mp4,walk,4,1,GMDCSA24,GMDCSA24:4,2,18,18,16,10,10,2.987775820433602,0,42
/data/final_project_dataset/GMDCSA24/Subject 4/ADL/17.mp4,walk,4,1,GMDCSA24,GMDCSA24:4,4,20,20,16,10,10,2.987775820433602,0,42
/data/final_project_dataset/GMDCSA24/Subject 4/ADL/17.mp4,walk,4,1,GMDCSA24,GMDCSA24:4,6,22,22,16,10,10,2.987775820433602,0,42
/data/final_project_dataset/GMDCSA24/Subject 4/ADL/17.mp4,walk,4,1,GMDCSA24,GMDCSA24:4,8,24,24,16,10,10,2.987775820433602,0,42
/data/final_project_dataset/GMDCSA24/Subject 4/ADL/17.mp4,walk,4,1,GMDCSA24,GMDCSA24:4,10,26,26,16,10,10,2.987775820433602,0,42
/data/final_project_dataset/GMDCSA24/Subject 4/ADL/17.mp4,walk,4,1,GMDCSA24,GMDCSA24:4,12,28,28,16,10,10,2.987775820433602,0,42
/data/final_project_dataset/GMDCSA24/Subject 4/ADL/17.mp4,walk,4,1,GMDCSA24,GMDCSA24:4,14,30,30,16,10,10,2.987775820433602,0,42
/data/final_project_dataset/GMDCSA24/Subject 4/ADL/17.mp4,walk,4,1,GMDCSA24,GMDCSA24:4,16,32,32,16,10,10,2.987775820433602,0,42
/data/final_project_dataset/GMDCSA24/Subject 4/ADL/12.mp4,other,4,1,GMDCSA24,GMDCSA24:4,0,16,16,16,10,10,2.985143972216092,0,45
/data/final_project_dataset/GMDCSA24/Subject 4/ADL/12.mp4,other,4,1,GMDCSA24,GMDCSA24:4,2,18,18,16,10,10,2.985143972216092,0,45
/data/final_project_dataset/GMDCSA24/Subject 4/ADL/12.mp4,other,4,1,GMDCSA24,GMDCSA24:4,4,20,20,16,10,10,2.985143972216092,0,45
/data/final_project_dataset/GMDCSA24/Subject 4/ADL/12.mp4,other,4,1,GMDCSA24,GMDCSA24:4,6,22,22,16,10,10,2.985143972216092,0,45
/data/final_project_dataset/GMDCSA24/Subject 4/ADL/12.mp4,other,4,1,GMDCSA24,GMDCSA24:4,8,24,24,16,10,10,2.985143972216092,0,45
/data/final_project_dataset/GMDCSA24/Subject 4/ADL/12.mp4,other,4,1,GMDCSA24,GMDCSA24:4,10,26,26,16,10,10,2.985143972216092,0,45
/data/final_project_dataset/GMDCSA24/Subject 4/ADL/12.mp4,other,4,1,GMDCSA24,GMDCSA24:4,12,28,28,16,10,10,2.985143972216092,0,45
/data/final_project_dataset/GMDCSA24/Subject 4/ADL/12.mp4,other,4,1,GMDCSA24,GMDCSA24:4,14,30,30,16,10,10,2.985143972216092,0,45
/data/final_project_dataset/GMDCSA24/Subject 4/ADL/12.mp4,other,4,1,GMDCSA24,GMDCSA24:4,16,32,32,16,10,10,2.985143972216092,0,45
/data/final_project_dataset/GMDCSA24/Subject 4/ADL/12.mp4,other,4,1,GMDCSA24,GMDCSA24:4,18,34,34,16,10,10,2.985143972216092,0,45
/data/final_project_dataset/GMDCSA24/Subject 4/ADL/08.mp4,other,4,1,GMDCSA24,GMDCSA24:4,14,30,30,16,10,10,2.982776089159068,0,55
/data/final_project_dataset/GMDCSA24/Subject 4/ADL/08.mp4,other,4,1,GMDCSA24,GMDCSA24:4,16,32,32,16,10,10,2.982776089159068,0,55
/data/final_project_dataset/GMDCSA24/Subject 4/ADL/08.mp4,other,4,1,GMDCSA24,GMDCSA24:4,18,34,34,16,10,10,2.982776089159068,0,55
/data/final_project_dataset/GMDCSA24/Subject 4/ADL/08.mp4,other,4,1,GMDCSA24,GMDCSA24:4,20,36,36,16,10,10,2.982776089159068,0,55
/data/final_project_dataset/GMDCSA24/Subject 4/ADL/08.mp4,other,4,1,GMDCSA24,GMDCSA24:4,22,38,38,16,10,10,2.982776089159068,0,55
/data/final_project_dataset/GMDCSA24/Subject 4/ADL/08.mp4,other,4,1,GMDCSA24,GMDCSA24:4,24,40,40,16,10,10,2.982776089159068,0,55
/data/final_project_dataset/GMDCSA24/Subject 4/ADL/08.mp4,other,4,1,GMDCSA24,GMDCSA24:4,26,42,42,16,10,10,2.982776089159068,0,55
/data/final_project_dataset/GMDCSA24/Subject 4/ADL/08.mp4,other,4,1,GMDCSA24,GMDCSA24:4,28,44,44,16,10,10,2.982776089159068,0,55
/data/final_project_dataset/GMDCSA24/Subject 4/ADL/16.mp4,lying,4,1,GMDCSA24,GMDCSA24:4,0,16,16,16,10,10,2.9842103050993103,0,58
/data/final_project_dataset/GMDCSA24/Subject 4/ADL/16.mp4,lying,4,1,GMDCSA24,GMDCSA24:4,2,18,18,16,10,10,2.9842103050993103,0,58
/data/final_project_dataset/GMDCSA24/Subject 4/ADL/16.mp4,lying,4,1,GMDCSA24,GMDCSA24:4,4,20,20,16,10,10,2.9842103050993103,0,58
/data/final_project_dataset/GMDCSA24/Subject 4/ADL/16.mp4,lying,4,1,GMDCSA24,GMDCSA24:4,6,22,22,16,10,10,2.9842103050993103,0,58
/data/final_project_dataset/GMDCSA24/Subject 4/ADL/16.mp4,lying,4,1,GMDCSA24,GMDCSA24:4,8,24,24,16,10,10,2.9842103050993103,0,58
/data/final_project_dataset/GMDCSA24/Subject 4/ADL/16.mp4,lying,4,1,GMDCSA24,GMDCSA24:4,10,26,26,16,10,10,2.9842103050993103,0,58
/data/final_project_dataset/GMDCSA24/Subject 4/ADL/16.mp4,lying,4,1,GMDCSA24,GMDCSA24:4,12,28,28,16,10,10,2.9842103050993103,0,58
/data/final_project_dataset/GMDCSA24/Subject 4/ADL/16.mp4,lying,4,1,GMDCSA24,GMDCSA24:4,14,30,30,16,10,10,2.9842103050993103,0,58
/data/final_project_dataset/GMDCSA24/Subject 4/ADL/16.mp4,lying,4,1,GMDCSA24,GMDCSA24:4,16,32,32,16,10,10,2.9842103050993103,0,58
/data/final_project_dataset/GMDCSA24/Subject 4/ADL/16.mp4,lying,4,1,GMDCSA24,GMDCSA24:4,18,34,34,16,10,10,2.9842103050993103,0,58
/data/final_project_dataset/GMDCSA24/Subject 4/ADL/16.mp4,lying,4,1,GMDCSA24,GMDCSA24:4,20,36,36,16,10,10,2.9842103050993103,0,58
/data/final_project_dataset/GMDCSA24/Subject 4/ADL/16.mp4,lying,4,1,GMDCSA24,GMDCSA24:4,22,38,38,16,10,10,2.9842103050993103,0,58
/data/final_project_dataset/GMDCSA24/Subject 4/ADL/16.mp4,lying,4,1,GMDCSA24,GMDCSA24:4,24,40,40,16,10,10,2.9842103050993103,0,58
/data/final_project_dataset/GMDCSA24/Subject 4/ADL/16.mp4,lying,4,1,GMDCSA24,GMDCSA24:4,26,42,42,16,10,10,2.9842103050993103,0,58
/data/final_project_dataset/GMDCSA24/Subject 4/ADL/16.mp4,lying,4,1,GMDCSA24,GMDCSA24:4,28,44,44,16,10,10,2.9842103050993103,0,58
/data/final_project_dataset/GMDCSA24/Subject 4/ADL/16.mp4,lying,4,1,GMDCSA24,GMDCSA24:4,30,46,46,16,10,10,2.9842103050993103,0,58
/data/final_project_dataset/GMDCSA24/Subject 4/ADL/16.mp4,lying,4,1,GMDCSA24,GMDCSA24:4,32,48,48,16,10,10,2.9842103050993103,0,58
/data/final_project_dataset/GMDCSA24/Subject 4/ADL/10.mp4,lying,4,1,GMDCSA24,GMDCSA24:4,0,16,16,16,10,10,2.9840952410711497,0,70
/data/final_project_dataset/GMDCSA24/Subject 4/ADL/10.mp4,lying,4,1,GMDCSA24,GMDCSA24:4,2,18,18,16,10,10,2.9840952410711497,0,70
/data/final_project_dataset/GMDCSA24/Subject 4/ADL/10.mp4,lying,4,1,GMDCSA24,GMDCSA24:4,4,20,20,16,10,10,2.9840952410711497,0,70
/data/final_project_dataset/GMDCSA24/Subject 4/ADL/10.mp4,lying,4,1,GMDCSA24,GMDCSA24:4,6,22,22,16,10,10,2.9840952410711497,0,70
/data/final_project_dataset/GMDCSA24/Subject 4/ADL/10.mp4,lying,4,1,GMDCSA24,GMDCSA24:4,8,24,24,16,10,10,2.9840952410711497,0,70
/data/final_project_dataset/GMDCSA24/Subject 4/ADL/10.mp4,lying,4,1,GMDCSA24,GMDCSA24:4,10,26,26,16,10,10,2.9840952410711497,0,70
/data/final_project_dataset/GMDCSA24/Subject 4/ADL/10.mp4,lying,4,1,GMDCSA24,GMDCSA24:4,12,28,28,16,10,10,2.9840952410711497,0,70
/data/final_project_dataset/GMDCSA24/Subject 4/ADL/10.mp4,lying,4,1,GMDCSA24,GMDCSA24:4,14,30,30,16,10,10,2.9840952410711497,0,70
/data/final_project_dataset/GMDCSA24/Subject 4/ADL/10.mp4,lying,4,1,GMDCSA24,GMDCSA24:4,16,32,32,16,10,10,2.9840952410711497,0,70
/data/final_project_dataset/GMDCSA24/Subject 4/ADL/10.mp4,lying,4,1,GMDCSA24,GMDCSA24:4,18,34,34,16,10,10,2.9840952410711497,0,70
/data/final_project_dataset/GMDCSA24/Subject 4/ADL/10.mp4,lying,4,1,GMDCSA24,GMDCSA24:4,20,36,36,16,10,10,2.9840952410711497,0,70
/data/final_project_dataset/GMDCSA24/Subject 4/ADL/10.mp4,lying,4,1,GMDCSA24,GMDCSA24:4,22,38,38,16,10,10,2.9840952410711497,0,70
/data/final_project_dataset/GMDCSA24/Subject 4/ADL/10.mp4,lying,4,1,GMDCSA24,GMDCSA24:4,24,40,40,16,10,10,2.9840952410711497,0,70
/data/final_project_dataset/GMDCSA24/Subject 4/ADL/10.mp4,lying,4,1,GMDCSA24,GMDCSA24:4,26,42,42,16,10,10,2.9840952410711497,0,70
/data/final_project_dataset/GMDCSA24/Subject 4/ADL/10.mp4,lying,4,1,GMDCSA24,GMDCSA24:4,28,44,44,16,10,10,2.9840952410711497,0,70
/data/final_project_dataset/GMDCSA24/Subject 4/ADL/10.mp4,lying,4,1,GMDCSA24,GMDCSA24:4,30,46,46,16,10,10,2.9840952410711497,0,70
/data/final_project_dataset/GMDCSA24/Subject 4/ADL/10.mp4,lying,4,1,GMDCSA24,GMDCSA24:4,32,48,48,16,10,10,2.9840952410711497,0,70
/data/final_project_dataset/GMDCSA24/Subject 4/ADL/10.mp4,lying,4,1,GMDCSA24,GMDCSA24:4,34,50,50,16,10,10,2.9840952410711497,0,70
/data/final_project_dataset/GMDCSA24/Subject 4/ADL/10.mp4,lying,4,1,GMDCSA24,GMDCSA24:4,36,52,52,16,10,10,2.9840952410711497,0,70
/data/final_project_dataset/GMDCSA24/Subject 4/ADL/10.mp4,lying,4,1,GMDCSA24,GMDCSA24:4,38,54,54,16,10,10,2.9840952410711497,0,70
/data/final_project_dataset/GMDCSA24/Subject 4/ADL/10.mp4,lying,4,1,GMDCSA24,GMDCSA24:4,40,56,56,16,10,10,2.9840952410711497,0,70
/data/final_project_dataset/GMDCSA24/Subject 4/ADL/10.mp4,lying,4,1,GMDCSA24,GMDCSA24:4,42,58,58,16,10,10,2.9840952410711497,0,70
/data/final_project_dataset/GMDCSA24/Subject 4/ADL/10.mp4,lying,4,1,GMDCSA24,GMDCSA24:4,44,60,60,16,10,10,2.9840952410711497,0,70
/data/final_project_dataset/GMDCSA24/Subject 4/ADL/14.mp4,standing,4,1,GMDCSA24,GMDCSA24:4,0,16,16,16,10,10,2.9859132319300077,0,72
/data/final_project_dataset/GMDCSA24/Subject 4/ADL/14.mp4,standing,4,1,GMDCSA24,GMDCSA24:4,2,18,18,16,10,10,2.9859132319300077,0,72
/data/final_project_dataset/GMDCSA24/Subject 4/ADL/14.mp4,standing,4,1,GMDCSA24,GMDCSA24:4,4,20,20,16,10,10,2.9859132319300077,0,72
/data/final_project_dataset/GMDCSA24/Subject 4/ADL/14.mp4,standing,4,1,GMDCSA24,GMDCSA24:4,6,22,22,16,10,10,2.9859132319300077,0,72
/data/final_project_dataset/GMDCSA24/Subject 4/ADL/14.mp4,standing,4,1,GMDCSA24,GMDCSA24:4,8,24,24,16,10,10,2.9859132319300077,0,72
/data/final_project_dataset/GMDCSA24/Subject 4/ADL/14.mp4,standing,4,1,GMDCSA24,GMDCSA24:4,10,26,26,16,10,10,2.9859132319300077,0,72
/data/final_project_dataset/GMDCSA24/Subject 4/ADL/14.mp4,standing,4,1,GMDCSA24,GMDCSA24:4,12,28,28,16,10,10,2.9859132319300077,0,72
/data/final_project_dataset/GMDCSA24/Subject 4/ADL/14.mp4,standing,4,1,GMDCSA24,GMDCSA24:4,14,30,30,16,10,10,2.9859132319300077,0,72
/data/final_project_dataset/GMDCSA24/Subject 4/ADL/14.mp4,standing,4,1,GMDCSA24,GMDCSA24:4,16,32,32,16,10,10,2.9859132319300077,0,72
/data/final_project_dataset/GMDCSA24/Subject 4/ADL/14.mp4,standing,4,1,GMDCSA24,GMDCSA24:4,18,34,34,16,10,10,2.9859132319300077,0,72
/data/final_project_dataset/GMDCSA24/Subject 4/ADL/14.mp4,standing,4,1,GMDCSA24,GMDCSA24:4,20,36,36,16,10,10,2.9859132319300077,0,72
/data/final_project_dataset/GMDCSA24/Subject 4/ADL/14.mp4,standing,4,1,GMDCSA24,GMDCSA24:4,22,38,38,16,10,10,2.9859132319300077,0,72
/data/final_project_dataset/GMDCSA24/Subject 4/ADL/14.mp4,standing,4,1,GMDCSA24,GMDCSA24:4,24,40,40,16,10,10,2.9859132319300077,0,72
/data/final_project_dataset/GMDCSA24/Subject 4/ADL/14.mp4,standing,4,1,GMDCSA24,GMDCSA24:4,26,42,42,16,10,10,2.9859132319300077,0,72
/data/final_project_dataset/GMDCSA24/Subject 4/ADL/14.mp4,standing,4,1,GMDCSA24,GMDCSA24:4,28,44,44,16,10,10,2.9859132319300077,0,72
/data/final_project_dataset/GMDCSA24/Subject 4/ADL/14.mp4,standing,4,1,GMDCSA24,GMDCSA24:4,30,46,46,16,10,10,2.9859132319300077,0,72
/data/final_project_dataset/GMDCSA24/Subject 4/ADL/14.mp4,standing,4,1,GMDCSA24,GMDCSA24:4,32,48,48,16,10,10,2.9859132319300077,0,72
/data/final_project_dataset/GMDCSA24/Subject 4/ADL/14.mp4,standing,4,1,GMDCSA24,GMDCSA24:4,34,50,50,16,10,10,2.9859132319300077,0,72
/data/final_project_dataset/GMDCSA24/Subject 4/ADL/14.mp4,standing,4,1,GMDCSA24,GMDCSA24:4,36,52,52,16,10,10,2.9859132319300077,0,72
/data/final_project_dataset/GMDCSA24/Subject 4/ADL/14.mp4,standing,4,1,GMDCSA24,GMDCSA24:4,38,54,54,16,10,10,2.9859132319300077,0,72
/data/final_project_dataset/GMDCSA24/Subject 4/ADL/14.mp4,standing,4,1,GMDCSA24,GMDCSA24:4,40,56,56,16,10,10,2.9859132319300077,0,72
/data/final_project_dataset/GMDCSA24/Subject 4/ADL/14.mp4,standing,4,1,GMDCSA24,GMDCSA24:4,42,58,58,16,10,10,2.9859132319300077,0,72
/data/final_project_dataset/GMDCSA24/Subject 4/ADL/14.mp4,standing,4,1,GMDCSA24,GMDCSA24:4,44,60,60,16,10,10,2.9859132319300077,0,72
/data/final_project_dataset/GMDCSA24/Subject 4/ADL/14.mp4,standing,4,1,GMDCSA24,GMDCSA24:4,46,62,62,16,10,10,2.9859132319300077,0,72
/data/final_project_dataset/GMDCSA24/Subject 4/ADL/08.mp4,sitting,4,1,GMDCSA24,GMDCSA24:4,30,46,46,16,10,10,2.982776089159068,0,75
/data/final_project_dataset/GMDCSA24/Subject 4/ADL/08.mp4,sitting,4,1,GMDCSA24,GMDCSA24:4,32,48,48,16,10,10,2.982776089159068,0,75
/data/final_project_dataset/GMDCSA24/Subject 4/ADL/08.mp4,sitting,4,1,GMDCSA24,GMDCSA24:4,34,50,50,16,10,10,2.982776089159068,0,75
/data/final_project_dataset/GMDCSA24/Subject 4/ADL/08.mp4,sitting,4,1,GMDCSA24,GMDCSA24:4,36,52,52,16,10,10,2.982776089159068,0,75
/data/final_project_dataset/GMDCSA24/Subject 4/ADL/08.mp4,sitting,4,1,GMDCSA24,GMDCSA24:4,38,54,54,16,10,10,2.982776089159068,0,75
/data/final_project_dataset/GMDCSA24/Subject 4/ADL/08.mp4,sitting,4,1,GMDCSA24,GMDCSA24:4,40,56,56,16,10,10,2.982776089159068,0,75
/data/final_project_dataset/GMDCSA24/Subject 4/ADL/08.mp4,sitting,4,1,GMDCSA24,GMDCSA24:4,42,58,58,16,10,10,2.982776089159068,0,75
/data/final_project_dataset/GMDCSA24/Subject 4/ADL/08.mp4,sitting,4,1,GMDCSA24,GMDCSA24:4,44,60,60,16,10,10,2.982776089159068,0,75
/data/final_project_dataset/GMDCSA24/Subject 4/ADL/08.mp4,sitting,4,1,GMDCSA24,GMDCSA24:4,46,62,62,16,10,10,2.982776089159068,0,75
/data/final_project_dataset/GMDCSA24/Subject 4/ADL/08.mp4,sitting,4,1,GMDCSA24,GMDCSA24:4,48,64,64,16,10,10,2.982776089159068,0,75
/data/final_project_dataset/GMDCSA24/Subject 4/ADL/08.mp4,other,4,1,GMDCSA24,GMDCSA24:4,50,66,66,16,10,10,2.982776089159068,0,85
/data/final_project_dataset/GMDCSA24/Subject 4/ADL/08.mp4,other,4,1,GMDCSA24,GMDCSA24:4,52,68,68,16,10,10,2.982776089159068,0,85
/data/final_project_dataset/GMDCSA24/Subject 4/ADL/08.mp4,other,4,1,GMDCSA24,GMDCSA24:4,54,70,70,16,10,10,2.982776089159068,0,85
/data/final_project_dataset/GMDCSA24/Subject 4/ADL/08.mp4,other,4,1,GMDCSA24,GMDCSA24:4,56,72,72,16,10,10,2.982776089159068,0,85
/data/final_project_dataset/GMDCSA24/Subject 4/ADL/08.mp4,other,4,1,GMDCSA24,GMDCSA24:4,58,74,74,16,10,10,2.982776089159068,0,85
/data/final_project_dataset/le2i/Coffee_room_01/Coffee_room_01/Videos/video (1).avi,fall,le2i:Coffee_room_01:video (1),1,le2i,le2i:Coffee_room_01:video (1),0,16,16,16,10,10,2.5,1,19
/data/final_project_dataset/le2i/Coffee_room_01/Coffee_room_01/Videos/video (1).avi,fall,le2i:Coffee_room_01:video (1),1,le2i,le2i:Coffee_room_01:video (1),2,18,18,16,10,10,2.5,1,19
/data/final_project_dataset/le2i/Coffee_room_01/Coffee_room_01/Videos/video (10).avi,fall,le2i:Coffee_room_01:video (10),1,le2i,le2i:Coffee_room_01:video (10),0,16,16,16,10,10,2.5,0,84
/data/final_project_dataset/le2i/Coffee_room_01/Coffee_room_01/Videos/video (10).avi,fall,le2i:Coffee_room_01:video (10),1,le2i,le2i:Coffee_room_01:video (10),2,18,18,16,10,10,2.5,0,84
/data/final_project_dataset/le2i/Coffee_room_01/Coffee_room_01/Videos/video (10).avi,fall,le2i:Coffee_room_01:video (10),1,le2i,le2i:Coffee_room_01:video (10),4,20,20,16,10,10,2.5,0,84
/data/final_project_dataset/le2i/Coffee_room_01/Coffee_room_01/Videos/video (10).avi,fall,le2i:Coffee_room_01:video (10),1,le2i,le2i:Coffee_room_01:video (10),6,22,22,16,10,10,2.5,0,84
/data/final_project_dataset/le2i/Coffee_room_01/Coffee_room_01/Videos/video (10).avi,fall,le2i:Coffee_room_01:video (10),1,le2i,le2i:Coffee_room_01:video (10),8,24,24,16,10,10,2.5,0,84
/data/final_project_dataset/le2i/Coffee_room_01/Coffee_room_01/Videos/video (10).avi,fall,le2i:Coffee_room_01:video (10),1,le2i,le2i:Coffee_room_01:video (10),10,26,26,16,10,10,2.5,0,84
/data/final_project_dataset/le2i/Coffee_room_01/Coffee_room_01/Videos/video (10).avi,fall,le2i:Coffee_room_01:video (10),1,le2i,le2i:Coffee_room_01:video (10),12,28,28,16,10,10,2.5,0,84
/data/final_project_dataset/le2i/Coffee_room_01/Coffee_room_01/Videos/video (10).avi,fall,le2i:Coffee_room_01:video (10),1,le2i,le2i:Coffee_room_01:video (10),14,30,30,16,10,10,2.5,0,84
/data/final_project_dataset/le2i/Coffee_room_01/Coffee_room_01/Videos/video (10).avi,fall,le2i:Coffee_room_01:video (10),1,le2i,le2i:Coffee_room_01:video (10),16,32,32,16,10,10,2.5,0,84
/data/final_project_dataset/le2i/Coffee_room_01/Coffee_room_01/Videos/video (10).avi,fall,le2i:Coffee_room_01:video (10),1,le2i,le2i:Coffee_room_01:video (10),18,34,34,16,10,10,2.5,0,84
/data/final_project_dataset/le2i/Coffee_room_01/Coffee_room_01/Videos/video (10).avi,fall,le2i:Coffee_room_01:video (10),1,le2i,le2i:Coffee_room_01:video (10),20,36,36,16,10,10,2.5,0,84
/data/final_project_dataset/le2i/Coffee_room_01/Coffee_room_01/Videos/video (10).avi,fall,le2i:Coffee_room_01:video (10),1,le2i,le2i:Coffee_room_01:video (10),22,38,38,16,10,10,2.5,0,84
/data/final_project_dataset/le2i/Coffee_room_01/Coffee_room_01/Videos/video (10).avi,fall,le2i:Coffee_room_01:video (10),1,le2i,le2i:Coffee_room_01:video (10),24,40,40,16,10,10,2.5,0,84
/data/final_project_dataset/le2i/Coffee_room_01/Coffee_room_01/Videos/video (10).avi,fall,le2i:Coffee_room_01:video (10),1,le2i,le2i:Coffee_room_01:video (10),26,42,42,16,10,10,2.5,0,84
/data/final_project_dataset/le2i/Coffee_room_01/Coffee_room_01/Videos/video (10).avi,fall,le2i:Coffee_room_01:video (10),1,le2i,le2i:Coffee_room_01:video (10),28,44,44,16,10,10,2.5,0,84
/data/final_project_dataset/le2i/Coffee_room_01/Coffee_room_01/Videos/video (10).avi,fall,le2i:Coffee_room_01:video (10),1,le2i,le2i:Coffee_room_01:video (10),30,46,46,16,10,10,2.5,0,84
/data/final_project_dataset/le2i/Coffee_room_01/Coffee_room_01/Videos/video (10).avi,fall,le2i:Coffee_room_01:video (10),1,le2i,le2i:Coffee_room_01:video (10),32,48,48,16,10,10,2.5,0,84
/data/final_project_dataset/le2i/Coffee_room_01/Coffee_room_01/Videos/video (10).avi,fall,le2i:Coffee_room_01:video (10),1,le2i,le2i:Coffee_room_01:video (10),34,50,50,16,10,10,2.5,0,84
/data/final_project_dataset/le2i/Coffee_room_01/Coffee_room_01/Videos/video (10).avi,fall,le2i:Coffee_room_01:video (10),1,le2i,le2i:Coffee_room_01:video (10),36,52,52,16,10,10,2.5,0,84
/data/final_project_dataset/le2i/Coffee_room_01/Coffee_room_01/Videos/video (10).avi,fall,le2i:Coffee_room_01:video (10),1,le2i,le2i:Coffee_room_01:video (10),38,54,54,16,10,10,2.5,0,84
/data/final_project_dataset/le2i/Coffee_room_01/Coffee_room_01/Videos/video (10).avi,fall,le2i:Coffee_room_01:video (10),1,le2i,le2i:Coffee_room_01:video (10),40,56,56,16,10,10,2.5,0,84
/data/final_project_dataset/le2i/Coffee_room_01/Coffee_room_01/Videos/video (10).avi,fall,le2i:Coffee_room_01:video (10),1,le2i,le2i:Coffee_room_01:video (10),42,58,58,16,10,10,2.5,0,84
/data/final_project_dataset/le2i/Coffee_room_01/Coffee_room_01/Videos/video (10).avi,fall,le2i:Coffee_room_01:video (10),1,le2i,le2i:Coffee_room_01:video (10),44,60,60,16,10,10,2.5,0,84
/data/final_project_dataset/le2i/Coffee_room_01/Coffee_room_01/Videos/video (10).avi,fall,le2i:Coffee_room_01:video (10),1,le2i,le2i:Coffee_room_01:video (10),46,62,62,16,10,10,2.5,0,84
/data/final_project_dataset/le2i/Coffee_room_01/Coffee_room_01/Videos/video (10).avi,fall,le2i:Coffee_room_01:video (10),1,le2i,le2i:Coffee_room_01:video (10),48,64,64,16,10,10,2.5,0,84
/data/final_project_dataset/le2i/Coffee_room_01/Coffee_room_01/Videos/video (10).avi,fall,le2i:Coffee_room_01:video (10),1,le2i,le2i:Coffee_room_01:video (10),50,66,66,16,10,10,2.5,0,84
/data/final_project_dataset/le2i/Coffee_room_01/Coffee_room_01/Videos/video (10).avi,fall,le2i:Coffee_room_01:video (10),1,le2i,le2i:Coffee_room_01:video (10),52,68,68,16,10,10,2.5,0,84
/data/final_project_dataset/le2i/Coffee_room_01/Coffee_room_01/Videos/video (10).avi,fall,le2i:Coffee_room_01:video (10),1,le2i,le2i:Coffee_room_01:video (10),54,70,70,16,10,10,2.5,0,84
/data/final_project_dataset/le2i/Coffee_room_01/Coffee_room_01/Videos/video (10).avi,fall,le2i:Coffee_room_01:video (10),1,le2i,le2i:Coffee_room_01:video (10),56,72,72,16,10,10,2.5,0,84
/data/final_project_dataset/le2i/Coffee_room_01/Coffee_room_01/Videos/video (10).avi,fall,le2i:Coffee_room_01:video (10),1,le2i,le2i:Coffee_room_01:video (10),58,74,74,16,10,10,2.5,1,84
/data/final_project_dataset/le2i/Coffee_room_01/Coffee_room_01/Videos/video (10).avi,fall,le2i:Coffee_room_01:video (10),1,le2i,le2i:Coffee_room_01:video (10),60,76,76,16,10,10,2.5,1,84
/data/final_project_dataset/le2i/Coffee_room_01/Coffee_room_01/Videos/video (10).avi,fall,le2i:Coffee_room_01:video (10),1,le2i,le2i:Coffee_room_01:video (10),62,78,78,16,10,10,2.5,1,84
/data/final_project_dataset/le2i/Coffee_room_01/Coffee_room_01/Videos/video (10).avi,fall,le2i:Coffee_room_01:video (10),1,le2i,le2i:Coffee_room_01:video (10),64,80,80,16,10,10,2.5,1,84
/data/final_project_dataset/le2i/Coffee_room_01/Coffee_room_01/Videos/video (10).avi,fall,le2i:Coffee_room_01:video (10),1,le2i,le2i:Coffee_room_01:video (10),66,82,82,16,10,10,2.5,1,84
/data/final_project_dataset/le2i/Coffee_room_01/Coffee_room_01/Videos/video (11).avi,fall,le2i:Coffee_room_01:video (11),1,le2i,le2i:Coffee_room_01:video (11),0,16,16,16,10,10,2.5,0,150
/data/final_project_dataset/le2i/Coffee_room_01/Coffee_room_01/Videos/video (11).avi,fall,le2i:Coffee_room_01:video (11),1,le2i,le2i:Coffee_room_01:video (11),2,18,18,16,10,10,2.5,0,150
/data/final_project_dataset/le2i/Coffee_room_01/Coffee_room_01/Videos/video (11).avi,fall,le2i:Coffee_room_01:video (11),1,le2i,le2i:Coffee_room_01:video (11),4,20,20,16,10,10,2.5,0,150
/data/final_project_dataset/le2i/Coffee_room_01/Coffee_room_01/Videos/video (11).avi,fall,le2i:Coffee_room_01:video (11),1,le2i,le2i:Coffee_room_01:video (11),6,22,22,16,10,10,2.5,0,150
/data/final_project_dataset/le2i/Coffee_room_01/Coffee_room_01/Videos/video (11).avi,fall,le2i:Coffee_room_01:video (11),1,le2i,le2i:Coffee_room_01:video (11),8,24,24,16,10,10,2.5,0,150
/data/final_project_dataset/le2i/Coffee_room_01/Coffee_room_01/Videos/video (11).avi,fall,le2i:Coffee_room_01:video (11),1,le2i,le2i:Coffee_room_01:video (11),10,26,26,16,10,10,2.5,0,150
/data/final_project_dataset/le2i/Coffee_room_01/Coffee_room_01/Videos/video (11).avi,fall,le2i:Coffee_room_01:video (11),1,le2i,le2i:Coffee_room_01:video (11),12,28,28,16,10,10,2.5,0,150
/data/final_project_dataset/le2i/Coffee_room_01/Coffee_room_01/Videos/video (11).avi,fall,le2i:Coffee_room_01:video (11),1,le2i,le2i:Coffee_room_01:video (11),14,30,30,16,10,10,2.5,0,150
/data/final_project_dataset/le2i/Coffee_room_01/Coffee_room_01/Videos/video (11).avi,fall,le2i:Coffee_room_01:video (11),1,le2i,le2i:Coffee_room_01:video (11),16,32,32,16,10,10,2.5,0,150
/data/final_project_dataset/le2i/Coffee_room_01/Coffee_room_01/Videos/video (11).avi,fall,le2i:Coffee_room_01:video (11),1,le2i,le2i:Coffee_room_01:video (11),18,34,34,16,10,10,2.5,0,150
/data/final_project_dataset/le2i/Coffee_room_01/Coffee_room_01/Videos/video (11).avi,fall,le2i:Coffee_room_01:video (11),1,le2i,le2i:Coffee_room_01:video (11),20,36,36,16,10,10,2.5,0,150
/data/final_project_dataset/le2i/Coffee_room_01/Coffee_room_01/Videos/video (11).avi,fall,le2i:Coffee_room_01:video (11),1,le2i,le2i:Coffee_room_01:video (11),22,38,38,16,10,10,2.5,0,150
/data/final_project_dataset/le2i/Coffee_room_01/Coffee_room_01/Videos/video (11).avi,fall,le2i:Coffee_room_01:video (11),1,le2i,le2i:Coffee_room_01:video (11),24,40,40,16,10,10,2.5,0,150
/data/final_project_dataset/le2i/Coffee_room_01/Coffee_room_01/Videos/video (11).avi,fall,le2i:Coffee_room_01:video (11),1,le2i,le2i:Coffee_room_01:video (11),26,42,42,16,10,10,2.5,0,150
/data/final_project_dataset/le2i/Coffee_room_01/Coffee_room_01/Videos/video (11).avi,fall,le2i:Coffee_room_01:video (11),1,le2i,le2i:Coffee_room_01:video (11),28,44,44,16,10,10,2.5,0,150
/data/final_project_dataset/le2i/Coffee_room_01/Coffee_room_01/Videos/video (11).avi,fall,le2i:Coffee_room_01:video (11),1,le2i,le2i:Coffee_room_01:video (11),30,46,46,16,10,10,2.5,0,150
/data/final_project_dataset/le2i/Coffee_room_01/Coffee_room_01/Videos/video (11).avi,fall,le2i:Coffee_room_01:video (11),1,le2i,le2i:Coffee_room_01:video (11),32,48,48,16,10,10,2.5,0,150
/data/final_project_dataset/le2i/Coffee_room_01/Coffee_room_01/Videos/video (11).avi,fall,le2i:Coffee_room_01:video (11),1,le2i,le2i:Coffee_room_01:video (11),34,50,50,16,10,10,2.5,0,150
/data/final_project_dataset/le2i/Coffee_room_01/Coffee_room_01/Videos/video (11).avi,fall,le2i:Coffee_room_01:video (11),1,le2i,le2i:Coffee_room_01:video (11),36,52,52,16,10,10,2.5,0,150
/data/final_project_dataset/le2i/Coffee_room_01/Coffee_room_01/Videos/video (11).avi,fall,le2i:Coffee_room_01:video (11),1,le2i,le2i:Coffee_room_01:video (11),38,54,54,16,10,10,2.5,0,150
/data/final_project_dataset/le2i/Coffee_room_01/Coffee_room_01/Videos/video (11).avi,fall,le2i:Coffee_room_01:video (11),1,le2i,le2i:Coffee_room_01:video (11),40,56,56,16,10,10,2.5,0,150
/data/final_project_dataset/le2i/Coffee_room_01/Coffee_room_01/Videos/video (11).avi,fall,le2i:Coffee_room_01:video (11),1,le2i,le2i:Coffee_room_01:video (11),42,58,58,16,10,10,2.5,0,150
/data/final_project_dataset/le2i/Coffee_room_01/Coffee_room_01/Videos/video (11).avi,fall,le2i:Coffee_room_01:video (11),1,le2i,le2i:Coffee_room_01:video (11),44,60,60,16,10,10,2.5,0,150
/data/final_project_dataset/le2i/Coffee_room_01/Coffee_room_01/Videos/video (11).avi,fall,le2i:Coffee_room_01:video (11),1,le2i,le2i:Coffee_room_01:video (11),46,62,62,16,10,10,2.5,0,150
/data/final_project_dataset/le2i/Coffee_room_01/Coffee_room_01/Videos/video (11).avi,fall,le2i:Coffee_room_01:video (11),1,le2i,le2i:Coffee_room_01:video (11),48,64,64,16,10,10,2.5,0,150
/data/final_project_dataset/le2i/Coffee_room_01/Coffee_room_01/Videos/video (11).avi,fall,le2i:Coffee_room_01:video (11),1,le2i,le2i:Coffee_room_01:video (11),50,66,66,16,10,10,2.5,0,150
/data/final_project_dataset/le2i/Coffee_room_01/Coffee_room_01/Videos/video (11).avi,fall,le2i:Coffee_room_01:video (11),1,le2i,le2i:Coffee_room_01:video (11),52,68,68,16,10,10,2.5,0,150
/data/final_project_dataset/le2i/Coffee_room_01/Coffee_room_01/Videos/video (11).avi,fall,le2i:Coffee_room_01:video (11),1,le2i,le2i:Coffee_room_01:video (11),54,70,70,16,10,10,2.5,0,150
/data/final_project_dataset/le2i/Coffee_room_01/Coffee_room_01/Videos/video (11).avi,fall,le2i:Coffee_room_01:video (11),1,le2i,le2i:Coffee_room_01:video (11),56,72,72,16,10,10,2.5,0,150
/data/final_project_dataset/le2i/Coffee_room_01/Coffee_room_01/Videos/video (11).avi,fall,le2i:Coffee_room_01:video (11),1,le2i,le2i:Coffee_room_01:video (11),58,74,74,16,10,10,2.5,0,150
/data/final_project_dataset/le2i/Coffee_room_01/Coffee_room_01/Videos/video (11).avi,fall,le2i:Coffee_room_01:video (11),1,le2i,le2i:Coffee_room_01:video (11),60,76,76,16,10,10,2.5,0,150
/data/final_project_dataset/le2i/Coffee_room_01/Coffee_room_01/Videos/video (11).avi,fall,le2i:Coffee_room_01:video (11),1,le2i,le2i:Coffee_room_01:video (11),62,78,78,16,10,10,2.5,0,150
/data/final_project_dataset/le2i/Coffee_room_01/Coffee_room_01/Videos/video (11).avi,fall,le2i:Coffee_room_01:video (11),1,le2i,le2i:Coffee_room_01:video (11),64,80,80,16,10,10,2.5,0,150
/data/final_project_dataset/le2i/Coffee_room_01/Coffee_room_01/Videos/video (11).avi,fall,le2i:Coffee_room_01:video (11),1,le2i,le2i:Coffee_room_01:video (11),66,82,82,16,10,10,2.5,0,150
/data/final_project_dataset/le2i/Coffee_room_01/Coffee_room_01/Videos/video (11).avi,fall,le2i:Coffee_room_01:video (11),1,le2i,le2i:Coffee_room_01:video (11),68,84,84,16,10,10,2.5,0,150
/data/final_project_dataset/le2i/Coffee_room_01/Coffee_room_01/Videos/video (11).avi,fall,le2i:Coffee_room_01:video (11),1,le2i,le2i:Coffee_room_01:video (11),70,86,86,16,10,10,2.5,0,150
/data/final_project_dataset/le2i/Coffee_room_01/Coffee_room_01/Videos/video (11).avi,fall,le2i:Coffee_room_01:video (11),1,le2i,le2i:Coffee_room_01:video (11),72,88,88,16,10,10,2.5,0,150
/data/final_project_dataset/le2i/Coffee_room_01/Coffee_room_01/Videos/video (11).avi,fall,le2i:Coffee_room_01:video (11),1,le2i,le2i:Coffee_room_01:video (11),74,90,90,16,10,10,2.5,0,150
/data/final_project_dataset/le2i/Coffee_room_01/Coffee_room_01/Videos/video (11).avi,fall,le2i:Coffee_room_01:video (11),1,le2i,le2i:Coffee_room_01:video (11),76,92,92,16,10,10,2.5,0,150
/data/final_project_dataset/le2i/Coffee_room_01/Coffee_room_01/Videos/video (11).avi,fall,le2i:Coffee_room_01:video (11),1,le2i,le2i:Coffee_room_01:video (11),78,94,94,16,10,10,2.5,0,150
/data/final_project_dataset/le2i/Coffee_room_01/Coffee_room_01/Videos/video (11).avi,fall,le2i:Coffee_room_01:video (11),1,le2i,le2i:Coffee_room_01:video (11),80,96,96,16,10,10,2.5,0,150
/data/final_project_dataset/le2i/Coffee_room_01/Coffee_room_01/Videos/video (11).avi,fall,le2i:Coffee_room_01:video (11),1,le2i,le2i:Coffee_room_01:video (11),82,98,98,16,10,10,2.5,0,150
/data/final_project_dataset/le2i/Coffee_room_01/Coffee_room_01/Videos/video (11).avi,fall,le2i:Coffee_room_01:video (11),1,le2i,le2i:Coffee_room_01:video (11),84,100,100,16,10,10,2.5,0,150
/data/final_project_dataset/le2i/Coffee_room_01/Coffee_room_01/Videos/video (11).avi,fall,le2i:Coffee_room_01:video (11),1,le2i,le2i:Coffee_room_01:video (11),86,102,102,16,10,10,2.5,0,150
/data/final_project_dataset/le2i/Coffee_room_01/Coffee_room_01/Videos/video (11).avi,fall,le2i:Coffee_room_01:video (11),1,le2i,le2i:Coffee_room_01:video (11),88,104,104,16,10,10,2.5,0,150
/data/final_project_dataset/le2i/Coffee_room_01/Coffee_room_01/Videos/video (11).avi,fall,le2i:Coffee_room_01:video (11),1,le2i,le2i:Coffee_room_01:video (11),90,106,106,16,10,10,2.5,0,150
/data/final_project_dataset/le2i/Coffee_room_01/Coffee_room_01/Videos/video (11).avi,fall,le2i:Coffee_room_01:video (11),1,le2i,le2i:Coffee_room_01:video (11),92,108,108,16,10,10,2.5,0,150
/data/final_project_dataset/le2i/Coffee_room_01/Coffee_room_01/Videos/video (11).avi,fall,le2i:Coffee_room_01:video (11),1,le2i,le2i:Coffee_room_01:video (11),94,110,110,16,10,10,2.5,0,150
/data/final_project_dataset/le2i/Coffee_room_01/Coffee_room_01/Videos/video (11).avi,fall,le2i:Coffee_room_01:video (11),1,le2i,le2i:Coffee_room_01:video (11),96,112,112,16,10,10,2.5,0,150
/data/final_project_dataset/le2i/Coffee_room_01/Coffee_room_01/Videos/video (11).avi,fall,le2i:Coffee_room_01:video (11),1,le2i,le2i:Coffee_room_01:video (11),98,114,114,16,10,10,2.5,0,150
/data/final_project_dataset/le2i/Coffee_room_01/Coffee_room_01/Videos/video (11).avi,fall,le2i:Coffee_room_01:video (11),1,le2i,le2i:Coffee_room_01:video (11),100,116,116,16,10,10,2.5,0,150
/data/final_project_dataset/le2i/Coffee_room_01/Coffee_room_01/Videos/video (11).avi,fall,le2i:Coffee_room_01:video (11),1,le2i,le2i:Coffee_room_01:video (11),102,118,118,16,10,10,2.5,0,150
/data/final_project_dataset/le2i/Coffee_room_01/Coffee_room_01/Videos/video (11).avi,fall,le2i:Coffee_room_01:video (11),1,le2i,le2i:Coffee_room_01:video (11),104,120,120,16,10,10,2.5,0,150
/data/final_project_dataset/le2i/Coffee_room_01/Coffee_room_01/Videos/video (11).avi,fall,le2i:Coffee_room_01:video (11),1,le2i,le2i:Coffee_room_01:video (11),106,122,122,16,10,10,2.5,0,150
/data/final_project_dataset/le2i/Coffee_room_01/Coffee_room_01/Videos/video (11).avi,fall,le2i:Coffee_room_01:video (11),1,le2i,le2i:Coffee_room_01:video (11),108,124,124,16,10,10,2.5,0,150
/data/final_project_dataset/le2i/Coffee_room_01/Coffee_room_01/Videos/video (11).avi,fall,le2i:Coffee_room_01:video (11),1,le2i,le2i:Coffee_room_01:video (11),110,126,126,16,10,10,2.5,0,150
/data/final_project_dataset/le2i/Coffee_room_01/Coffee_room_01/Videos/video (11).avi,fall,le2i:Coffee_room_01:video (11),1,le2i,le2i:Coffee_room_01:video (11),112,128,128,16,10,10,2.5,0,150
/data/final_project_dataset/le2i/Coffee_room_01/Coffee_room_01/Videos/video (11).avi,fall,le2i:Coffee_room_01:video (11),1,le2i,le2i:Coffee_room_01:video (11),114,130,130,16,10,10,2.5,0,150
/data/final_project_dataset/le2i/Coffee_room_01/Coffee_room_01/Videos/video (11).avi,fall,le2i:Coffee_room_01:video (11),1,le2i,le2i:Coffee_room_01:video (11),116,132,132,16,10,10,2.5,0,150
/data/final_project_dataset/le2i/Coffee_room_01/Coffee_room_01/Videos/video (11).avi,fall,le2i:Coffee_room_01:video (11),1,le2i,le2i:Coffee_room_01:video (11),118,134,134,16,10,10,2.5,0,150
/data/final_project_dataset/le2i/Coffee_room_01/Coffee_room_01/Videos/video (11).avi,fall,le2i:Coffee_room_01:video (11),1,le2i,le2i:Coffee_room_01:video (11),120,136,136,16,10,10,2.5,0,150
/data/final_project_dataset/le2i/Coffee_room_01/Coffee_room_01/Videos/video (11).avi,fall,le2i:Coffee_room_01:video (11),1,le2i,le2i:Coffee_room_01:video (11),122,138,138,16,10,10,2.5,0,150
/data/final_project_dataset/le2i/Coffee_room_01/Coffee_room_01/Videos/video (11).avi,fall,le2i:Coffee_room_01:video (11),1,le2i,le2i:Coffee_room_01:video (11),124,140,140,16,10,10,2.5,1,150
/data/final_project_dataset/le2i/Coffee_room_01/Coffee_room_01/Videos/video (11).avi,fall,le2i:Coffee_room_01:video (11),1,le2i,le2i:Coffee_room_01:video (11),126,142,142,16,10,10,2.5,1,150
/data/final_project_dataset/le2i/Coffee_room_01/Coffee_room_01/Videos/video (11).avi,fall,le2i:Coffee_room_01:video (11),1,le2i,le2i:Coffee_room_01:video (11),128,144,144,16,10,10,2.5,1,150
/data/final_project_dataset/le2i/Coffee_room_01/Coffee_room_01/Videos/video (11).avi,fall,le2i:Coffee_room_01:video (11),1,le2i,le2i:Coffee_room_01:video (11),130,146,146,16,10,10,2.5,1,150
/data/final_project_dataset/le2i/Coffee_room_01/Coffee_room_01/Videos/video (11).avi,fall,le2i:Coffee_room_01:video (11),1,le2i,le2i:Coffee_room_01:video (11),132,148,148,16,10,10,2.5,1,150
/data/final_project_dataset/le2i/Coffee_room_01/Coffee_room_01/Videos/video (12).avi,fall,le2i:Coffee_room_01:video (12),1,le2i,le2i:Coffee_room_01:video (12),0,16,16,16,10,10,2.5,1,21
/data/final_project_dataset/le2i/Coffee_room_01/Coffee_room_01/Videos/video (12).avi,fall,le2i:Coffee_room_01:video (12),1,le2i,le2i:Coffee_room_01:video (12),2,18,18,16,10,10,2.5,1,21
/data/final_project_dataset/le2i/Coffee_room_01/Coffee_room_01/Videos/video (12).avi,fall,le2i:Coffee_room_01:video (12),1,le2i,le2i:Coffee_room_01:video (12),4,20,20,16,10,10,2.5,1,21
/data/final_project_dataset/le2i/Coffee_room_01/Coffee_room_01/Videos/video (13).avi,fall,le2i:Coffee_room_01:video (13),1,le2i,le2i:Coffee_room_01:video (13),0,16,16,16,10,10,2.5,0,38
/data/final_project_dataset/le2i/Coffee_room_01/Coffee_room_01/Videos/video (13).avi,fall,le2i:Coffee_room_01:video (13),1,le2i,le2i:Coffee_room_01:video (13),2,18,18,16,10,10,2.5,0,38
/data/final_project_dataset/le2i/Coffee_room_01/Coffee_room_01/Videos/video (13).avi,fall,le2i:Coffee_room_01:video (13),1,le2i,le2i:Coffee_room_01:video (13),4,20,20,16,10,10,2.5,0,38
/data/final_project_dataset/le2i/Coffee_room_01/Coffee_room_01/Videos/video (13).avi,fall,le2i:Coffee_room_01:video (13),1,le2i,le2i:Coffee_room_01:video (13),6,22,22,16,10,10,2.5,0,38
/data/final_project_dataset/le2i/Coffee_room_01/Coffee_room_01/Videos/video (13).avi,fall,le2i:Coffee_room_01:video (13),1,le2i,le2i:Coffee_room_01:video (13),8,24,24,16,10,10,2.5,0,38
/data/final_project_dataset/le2i/Coffee_room_01/Coffee_room_01/Videos/video (13).avi,fall,le2i:Coffee_room_01:video (13),1,le2i,le2i:Coffee_room_01:video (13),10,26,26,16,10,10,2.5,0,38
/data/final_project_dataset/le2i/Coffee_room_01/Coffee_room_01/Videos/video (13).avi,fall,le2i:Coffee_room_01:video (13),1,le2i,le2i:Coffee_room_01:video (13),12,28,28,16,10,10,2.5,1,38
/data/final_project_dataset/le2i/Coffee_room_01/Coffee_room_01/Videos/video (13).avi,fall,le2i:Coffee_room_01:video (13),1,le2i,le2i:Coffee_room_01:video (13),14,30,30,16,10,10,2.5,1,38
/data/final_project_dataset/le2i/Coffee_room_01/Coffee_room_01/Videos/video (13).avi,fall,le2i:Coffee_room_01:video (13),1,le2i,le2i:Coffee_room_01:video (13),16,32,32,16,10,10,2.5,1,38
/data/final_project_dataset/le2i/Coffee_room_01/Coffee_room_01/Videos/video (13).avi,fall,le2i:Coffee_room_01:video (13),1,le2i,le2i:Coffee_room_01:video (13),18,34,34,16,10,10,2.5,1,38
/data/final_project_dataset/le2i/Coffee_room_01/Coffee_room_01/Videos/video (13).avi,fall,le2i:Coffee_room_01:video (13),1,le2i,le2i:Coffee_room_01:video (13),20,36,36,16,10,10,2.5,1,38
/data/final_project_dataset/le2i/Coffee_room_01/Coffee_room_01/Videos/video (14).avi,fall,le2i:Coffee_room_01:video (14),1,le2i,le2i:Coffee_room_01:video (14),0,16,16,16,10,10,2.5,1,21
/data/final_project_dataset/le2i/Coffee_room_01/Coffee_room_01/Videos/video (14).avi,fall,le2i:Coffee_room_01:video (14),1,le2i,le2i:Coffee_room_01:video (14),2,18,18,16,10,10,2.5,1,21
/data/final_project_dataset/le2i/Coffee_room_01/Coffee_room_01/Videos/video (14).avi,fall,le2i:Coffee_room_01:video (14),1,le2i,le2i:Coffee_room_01:video (14),4,20,20,16,10,10,2.5,1,21
/data/final_project_dataset/le2i/Coffee_room_01/Coffee_room_01/Videos/video (15).avi,fall,le2i:Coffee_room_01:video (15),1,le2i,le2i:Coffee_room_01:video (15),0,16,16,16,10,10,2.5,1,19
/data/final_project_dataset/le2i/Coffee_room_01/Coffee_room_01/Videos/video (15).avi,fall,le2i:Coffee_room_01:video (15),1,le2i,le2i:Coffee_room_01:video (15),2,18,18,16,10,10,2.5,1,19
/data/final_project_dataset/le2i/Coffee_room_01/Coffee_room_01/Videos/video (16).avi,fall,le2i:Coffee_room_01:video (16),1,le2i,le2i:Coffee_room_01:video (16),0,16,16,16,10,10,2.5,1,18
/data/final_project_dataset/le2i/Coffee_room_01/Coffee_room_01/Videos/video (18).avi,fall,le2i:Coffee_room_01:video (18),1,le2i,le2i:Coffee_room_01:video (18),0,16,16,16,10,10,2.5,0,62
/data/final_project_dataset/le2i/Coffee_room_01/Coffee_room_01/Videos/video (18).avi,fall,le2i:Coffee_room_01:video (18),1,le2i,le2i:Coffee_room_01:video (18),2,18,18,16,10,10,2.5,0,62
/data/final_project_dataset/le2i/Coffee_room_01/Coffee_room_01/Videos/video (18).avi,fall,le2i:Coffee_room_01:video (18),1,le2i,le2i:Coffee_room_01:video (18),4,20,20,16,10,10,2.5,0,62
/data/final_project_dataset/le2i/Coffee_room_01/Coffee_room_01/Videos/video (18).avi,fall,le2i:Coffee_room_01:video (18),1,le2i,le2i:Coffee_room_01:video (18),6,22,22,16,10,10,2.5,0,62
/data/final_project_dataset/le2i/Coffee_room_01/Coffee_room_01/Videos/video (18).avi,fall,le2i:Coffee_room_01:video (18),1,le2i,le2i:Coffee_room_01:video (18),8,24,24,16,10,10,2.5,0,62
/data/final_project_dataset/le2i/Coffee_room_01/Coffee_room_01/Videos/video (18).avi,fall,le2i:Coffee_room_01:video (18),1,le2i,le2i:Coffee_room_01:video (18),10,26,26,16,10,10,2.5,0,62
/data/final_project_dataset/le2i/Coffee_room_01/Coffee_room_01/Videos/video (18).avi,fall,le2i:Coffee_room_01:video (18),1,le2i,le2i:Coffee_room_01:video (18),12,28,28,16,10,10,2.5,0,62
/data/final_project_dataset/le2i/Coffee_room_01/Coffee_room_01/Videos/video (18).avi,fall,le2i:Coffee_room_01:video (18),1,le2i,le2i:Coffee_room_01:video (18),14,30,30,16,10,10,2.5,0,62
/data/final_project_dataset/le2i/Coffee_room_01/Coffee_room_01/Videos/video (18).avi,fall,le2i:Coffee_room_01:video (18),1,le2i,le2i:Coffee_room_01:video (18),16,32,32,16,10,10,2.5,0,62
/data/final_project_dataset/le2i/Coffee_room_01/Coffee_room_01/Videos/video (18).avi,fall,le2i:Coffee_room_01:video (18),1,le2i,le2i:Coffee_room_01:video (18),18,34,34,16,10,10,2.5,0,62
/data/final_project_dataset/le2i/Coffee_room_01/Coffee_room_01/Videos/video (18).avi,fall,le2i:Coffee_room_01:video (18),1,le2i,le2i:Coffee_room_01:video (18),20,36,36,16,10,10,2.5,0,62
/data/final_project_dataset/le2i/Coffee_room_01/Coffee_room_01/Videos/video (18).avi,fall,le2i:Coffee_room_01:video (18),1,le2i,le2i:Coffee_room_01:video (18),22,38,38,16,10,10,2.5,0,62
/data/final_project_dataset/le2i/Coffee_room_01/Coffee_room_01/Videos/video (18).avi,fall,le2i:Coffee_room_01:video (18),1,le2i,le2i:Coffee_room_01:video (18),24,40,40,16,10,10,2.5,0,62
/data/final_project_dataset/le2i/Coffee_room_01/Coffee_room_01/Videos/video (18).avi,fall,le2i:Coffee_room_01:video (18),1,le2i,le2i:Coffee_room_01:video (18),26,42,42,16,10,10,2.5,0,62
/data/final_project_dataset/le2i/Coffee_room_01/Coffee_room_01/Videos/video (18).avi,fall,le2i:Coffee_room_01:video (18),1,le2i,le2i:Coffee_room_01:video (18),28,44,44,16,10,10,2.5,0,62
/data/final_project_dataset/le2i/Coffee_room_01/Coffee_room_01/Videos/video (18).avi,fall,le2i:Coffee_room_01:video (18),1,le2i,le2i:Coffee_room_01:video (18),30,46,46,16,10,10,2.5,0,62
/data/final_project_dataset/le2i/Coffee_room_01/Coffee_room_01/Videos/video (18).avi,fall,le2i:Coffee_room_01:video (18),1,le2i,le2i:Coffee_room_01:video (18),32,48,48,16,10,10,2.5,0,62
/data/final_project_dataset/le2i/Coffee_room_01/Coffee_room_01/Videos/video (18).avi,fall,le2i:Coffee_room_01:video (18),1,le2i,le2i:Coffee_room_01:video (18),34,50,50,16,10,10,2.5,0,62
/data/final_project_dataset/le2i/Coffee_room_01/Coffee_room_01/Videos/video (18).avi,fall,le2i:Coffee_room_01:video (18),1,le2i,le2i:Coffee_room_01:video (18),36,52,52,16,10,10,2.5,1,62
/data/final_project_dataset/le2i/Coffee_room_01/Coffee_room_01/Videos/video (18).avi,fall,le2i:Coffee_room_01:video (18),1,le2i,le2i:Coffee_room_01:video (18),38,54,54,16,10,10,2.5,1,62
/data/final_project_dataset/le2i/Coffee_room_01/Coffee_room_01/Videos/video (18).avi,fall,le2i:Coffee_room_01:video (18),1,le2i,le2i:Coffee_room_01:video (18),40,56,56,16,10,10,2.5,1,62
/data/final_project_dataset/le2i/Coffee_room_01/Coffee_room_01/Videos/video (18).avi,fall,le2i:Coffee_room_01:video (18),1,le2i,le2i:Coffee_room_01:video (18),42,58,58,16,10,10,2.5,1,62
/data/final_project_dataset/le2i/Coffee_room_01/Coffee_room_01/Videos/video (18).avi,fall,le2i:Coffee_room_01:video (18),1,le2i,le2i:Coffee_room_01:video (18),44,60,60,16,10,10,2.5,1,62
/data/final_project_dataset/le2i/Coffee_room_01/Coffee_room_01/Videos/video (19).avi,fall,le2i:Coffee_room_01:video (19),1,le2i,le2i:Coffee_room_01:video (19),0,16,16,16,10,10,2.5,0,36
/data/final_project_dataset/le2i/Coffee_room_01/Coffee_room_01/Videos/video (19).avi,fall,le2i:Coffee_room_01:video (19),1,le2i,le2i:Coffee_room_01:video (19),2,18,18,16,10,10,2.5,0,36
/data/final_project_dataset/le2i/Coffee_room_01/Coffee_room_01/Videos/video (19).avi,fall,le2i:Coffee_room_01:video (19),1,le2i,le2i:Coffee_room_01:video (19),4,20,20,16,10,10,2.5,0,36
/data/final_project_dataset/le2i/Coffee_room_01/Coffee_room_01/Videos/video (19).avi,fall,le2i:Coffee_room_01:video (19),1,le2i,le2i:Coffee_room_01:video (19),6,22,22,16,10,10,2.5,0,36
/data/final_project_dataset/le2i/Coffee_room_01/Coffee_room_01/Videos/video (19).avi,fall,le2i:Coffee_room_01:video (19),1,le2i,le2i:Coffee_room_01:video (19),8,24,24,16,10,10,2.5,0,36
/data/final_project_dataset/le2i/Coffee_room_01/Coffee_room_01/Videos/video (19).avi,fall,le2i:Coffee_room_01:video (19),1,le2i,le2i:Coffee_room_01:video (19),10,26,26,16,10,10,2.5,1,36
/data/final_project_dataset/le2i/Coffee_room_01/Coffee_room_01/Videos/video (19).avi,fall,le2i:Coffee_room_01:video (19),1,le2i,le2i:Coffee_room_01:video (19),12,28,28,16,10,10,2.5,1,36
/data/final_project_dataset/le2i/Coffee_room_01/Coffee_room_01/Videos/video (19).avi,fall,le2i:Coffee_room_01:video (19),1,le2i,le2i:Coffee_room_01:video (19),14,30,30,16,10,10,2.5,1,36
/data/final_project_dataset/le2i/Coffee_room_01/Coffee_room_01/Videos/video (19).avi,fall,le2i:Coffee_room_01:video (19),1,le2i,le2i:Coffee_room_01:video (19),16,32,32,16,10,10,2.5,1,36
/data/final_project_dataset/le2i/Coffee_room_01/Coffee_room_01/Videos/video (19).avi,fall,le2i:Coffee_room_01:video (19),1,le2i,le2i:Coffee_room_01:video (19),18,34,34,16,10,10,2.5,1,36
/data/final_project_dataset/le2i/Coffee_room_01/Coffee_room_01/Videos/video (2).avi,fall,le2i:Coffee_room_01:video (2),1,le2i,le2i:Coffee_room_01:video (2),0,16,16,16,10,10,2.5,0,77
/data/final_project_dataset/le2i/Coffee_room_01/Coffee_room_01/Videos/video (2).avi,fall,le2i:Coffee_room_01:video (2),1,le2i,le2i:Coffee_room_01:video (2),2,18,18,16,10,10,2.5,0,77
/data/final_project_dataset/le2i/Coffee_room_01/Coffee_room_01/Videos/video (2).avi,fall,le2i:Coffee_room_01:video (2),1,le2i,le2i:Coffee_room_01:video (2),4,20,20,16,10,10,2.5,0,77
/data/final_project_dataset/le2i/Coffee_room_01/Coffee_room_01/Videos/video (2).avi,fall,le2i:Coffee_room_01:video (2),1,le2i,le2i:Coffee_room_01:video (2),6,22,22,16,10,10,2.5,0,77
/data/final_project_dataset/le2i/Coffee_room_01/Coffee_room_01/Videos/video (2).avi,fall,le2i:Coffee_room_01:video (2),1,le2i,le2i:Coffee_room_01:video (2),8,24,24,16,10,10,2.5,0,77
/data/final_project_dataset/le2i/Coffee_room_01/Coffee_room_01/Videos/video (2).avi,fall,le2i:Coffee_room_01:video (2),1,le2i,le2i:Coffee_room_01:video (2),10,26,26,16,10,10,2.5,0,77
/data/final_project_dataset/le2i/Coffee_room_01/Coffee_room_01/Videos/video (2).avi,fall,le2i:Coffee_room_01:video (2),1,le2i,le2i:Coffee_room_01:video (2),12,28,28,16,10,10,2.5,0,77
/data/final_project_dataset/le2i/Coffee_room_01/Coffee_room_01/Videos/video (2).avi,fall,le2i:Coffee_room_01:video (2),1,le2i,le2i:Coffee_room_01:video (2),14,30,30,16,10,10,2.5,0,77
/data/final_project_dataset/le2i/Coffee_room_01/Coffee_room_01/Videos/video (2).avi,fall,le2i:Coffee_room_01:video (2),1,le2i,le2i:Coffee_room_01:video (2),16,32,32,16,10,10,2.5,0,77
/data/final_project_dataset/le2i/Coffee_room_01/Coffee_room_01/Videos/video (2).avi,fall,le2i:Coffee_room_01:video (2),1,le2i,le2i:Coffee_room_01:video (2),18,34,34,16,10,10,2.5,0,77
/data/final_project_dataset/le2i/Coffee_room_01/Coffee_room_01/Videos/video (2).avi,fall,le2i:Coffee_room_01:video (2),1,le2i,le2i:Coffee_room_01:video (2),20,36,36,16,10,10,2.5,0,77
/data/final_project_dataset/le2i/Coffee_room_01/Coffee_room_01/Videos/video (2).avi,fall,le2i:Coffee_room_01:video (2),1,le2i,le2i:Coffee_room_01:video (2),22,38,38,16,10,10,2.5,0,77
/data/final_project_dataset/le2i/Coffee_room_01/Coffee_room_01/Videos/video (2).avi,fall,le2i:Coffee_room_01:video (2),1,le2i,le2i:Coffee_room_01:video (2),24,40,40,16,10,10,2.5,0,77
/data/final_project_dataset/le2i/Coffee_room_01/Coffee_room_01/Videos/video (2).avi,fall,le2i:Coffee_room_01:video (2),1,le2i,le2i:Coffee_room_01:video (2),26,42,42,16,10,10,2.5,0,77
/data/final_project_dataset/le2i/Coffee_room_01/Coffee_room_01/Videos/video (2).avi,fall,le2i:Coffee_room_01:video (2),1,le2i,le2i:Coffee_room_01:video (2),28,44,44,16,10,10,2.5,0,77
/data/final_project_dataset/le2i/Coffee_room_01/Coffee_room_01/Videos/video (2).avi,fall,le2i:Coffee_room_01:video (2),1,le2i,le2i:Coffee_room_01:video (2),30,46,46,16,10,10,2.5,0,77
/data/final_project_dataset/le2i/Coffee_room_01/Coffee_room_01/Videos/video (2).avi,fall,le2i:Coffee_room_01:video (2),1,le2i,le2i:Coffee_room_01:video (2),32,48,48,16,10,10,2.5,0,77
/data/final_project_dataset/le2i/Coffee_room_01/Coffee_room_01/Videos/video (2).avi,fall,le2i:Coffee_room_01:video (2),1,le2i,le2i:Coffee_room_01:video (2),34,50,50,16,10,10,2.5,0,77
/data/final_project_dataset/le2i/Coffee_room_01/Coffee_room_01/Videos/video (2).avi,fall,le2i:Coffee_room_01:video (2),1,le2i,le2i:Coffee_room_01:video (2),36,52,52,16,10,10,2.5,0,77
/data/final_project_dataset/le2i/Coffee_room_01/Coffee_room_01/Videos/video (2).avi,fall,le2i:Coffee_room_01:video (2),1,le2i,le2i:Coffee_room_01:video (2),38,54,54,16,10,10,2.5,0,77
/data/final_project_dataset/le2i/Coffee_room_01/Coffee_room_01/Videos/video (2).avi,fall,le2i:Coffee_room_01:video (2),1,le2i,le2i:Coffee_room_01:video (2),40,56,56,16,10,10,2.5,0,77
/data/final_project_dataset/le2i/Coffee_room_01/Coffee_room_01/Videos/video (2).avi,fall,le2i:Coffee_room_01:video (2),1,le2i,le2i:Coffee_room_01:video (2),42,58,58,16,10,10,2.5,0,77
/data/final_project_dataset/le2i/Coffee_room_01/Coffee_room_01/Videos/video (2).avi,fall,le2i:Coffee_room_01:video (2),1,le2i,le2i:Coffee_room_01:video (2),44,60,60,16,10,10,2.5,0,77
/data/final_project_dataset/le2i/Coffee_room_01/Coffee_room_01/Videos/video (2).avi,fall,le2i:Coffee_room_01:video (2),1,le2i,le2i:Coffee_room_01:video (2),46,62,62,16,10,10,2.5,0,77
/data/final_project_dataset/le2i/Coffee_room_01/Coffee_room_01/Videos/video (2).avi,fall,le2i:Coffee_room_01:video (2),1,le2i,le2i:Coffee_room_01:video (2),48,64,64,16,10,10,2.5,0,77
/data/final_project_dataset/le2i/Coffee_room_01/Coffee_room_01/Videos/video (2).avi,fall,le2i:Coffee_room_01:video (2),1,le2i,le2i:Coffee_room_01:video (2),50,66,66,16,10,10,2.5,0,77
/data/final_project_dataset/le2i/Coffee_room_01/Coffee_room_01/Videos/video (2).avi,fall,le2i:Coffee_room_01:video (2),1,le2i,le2i:Coffee_room_01:video (2),52,68,68,16,10,10,2.5,1,77
/data/final_project_dataset/le2i/Coffee_room_01/Coffee_room_01/Videos/video (2).avi,fall,le2i:Coffee_room_01:video (2),1,le2i,le2i:Coffee_room_01:video (2),54,70,70,16,10,10,2.5,1,77
/data/final_project_dataset/le2i/Coffee_room_01/Coffee_room_01/Videos/video (2).avi,fall,le2i:Coffee_room_01:video (2),1,le2i,le2i:Coffee_room_01:video (2),56,72,72,16,10,10,2.5,1,77
/data/final_project_dataset/le2i/Coffee_room_01/Coffee_room_01/Videos/video (2).avi,fall,le2i:Coffee_room_01:video (2),1,le2i,le2i:Coffee_room_01:video (2),58,74,74,16,10,10,2.5,1,77
/data/final_project_dataset/le2i/Coffee_room_01/Coffee_room_01/Videos/video (2).avi,fall,le2i:Coffee_room_01:video (2),1,le2i,le2i:Coffee_room_01:video (2),60,76,76,16,10,10,2.5,1,77
/data/final_project_dataset/le2i/Coffee_room_01/Coffee_room_01/Videos/video (20).avi,fall,le2i:Coffee_room_01:video (20),1,le2i,le2i:Coffee_room_01:video (20),0,16,16,16,10,10,2.5,0,132
/data/final_project_dataset/le2i/Coffee_room_01/Coffee_room_01/Videos/video (20).avi,fall,le2i:Coffee_room_01:video (20),1,le2i,le2i:Coffee_room_01:video (20),2,18,18,16,10,10,2.5,0,132
/data/final_project_dataset/le2i/Coffee_room_01/Coffee_room_01/Videos/video (20).avi,fall,le2i:Coffee_room_01:video (20),1,le2i,le2i:Coffee_room_01:video (20),4,20,20,16,10,10,2.5,0,132
/data/final_project_dataset/le2i/Coffee_room_01/Coffee_room_01/Videos/video (20).avi,fall,le2i:Coffee_room_01:video (20),1,le2i,le2i:Coffee_room_01:video (20),6,22,22,16,10,10,2.5,0,132
/data/final_project_dataset/le2i/Coffee_room_01/Coffee_room_01/Videos/video (20).avi,fall,le2i:Coffee_room_01:video (20),1,le2i,le2i:Coffee_room_01:video (20),8,24,24,16,10,10,2.5,0,132
/data/final_project_dataset/le2i/Coffee_room_01/Coffee_room_01/Videos/video (20).avi,fall,le2i:Coffee_room_01:video (20),1,le2i,le2i:Coffee_room_01:video (20),10,26,26,16,10,10,2.5,0,132
/data/final_project_dataset/le2i/Coffee_room_01/Coffee_room_01/Videos/video (20).avi,fall,le2i:Coffee_room_01:video (20),1,le2i,le2i:Coffee_room_01:video (20),12,28,28,16,10,10,2.5,0,132
/data/final_project_dataset/le2i/Coffee_room_01/Coffee_room_01/Videos/video (20).avi,fall,le2i:Coffee_room_01:video (20),1,le2i,le2i:Coffee_room_01:video (20),14,30,30,16,10,10,2.5,0,132
/data/final_project_dataset/le2i/Coffee_room_01/Coffee_room_01/Videos/video (20).avi,fall,le2i:Coffee_room_01:video (20),1,le2i,le2i:Coffee_room_01:video (20),16,32,32,16,10,10,2.5,0,132
/data/final_project_dataset/le2i/Coffee_room_01/Coffee_room_01/Videos/video (20).avi,fall,le2i:Coffee_room_01:video (20),1,le2i,le2i:Coffee_room_01:video (20),18,34,34,16,10,10,2.5,0,132
/data/final_project_dataset/le2i/Coffee_room_01/Coffee_room_01/Videos/video (20).avi,fall,le2i:Coffee_room_01:video (20),1,le2i,le2i:Coffee_room_01:video (20),20,36,36,16,10,10,2.5,0,132
/data/final_project_dataset/le2i/Coffee_room_01/Coffee_room_01/Videos/video (20).avi,fall,le2i:Coffee_room_01:video (20),1,le2i,le2i:Coffee_room_01:video (20),22,38,38,16,10,10,2.5,0,132
/data/final_project_dataset/le2i/Coffee_room_01/Coffee_room_01/Videos/video (20).avi,fall,le2i:Coffee_room_01:video (20),1,le2i,le2i:Coffee_room_01:video (20),24,40,40,16,10,10,2.5,0,132
/data/final_project_dataset/le2i/Coffee_room_01/Coffee_room_01/Videos/video (20).avi,fall,le2i:Coffee_room_01:video (20),1,le2i,le2i:Coffee_room_01:video (20),26,42,42,16,10,10,2.5,0,132
/data/final_project_dataset/le2i/Coffee_room_01/Coffee_room_01/Videos/video (20).avi,fall,le2i:Coffee_room_01:video (20),1,le2i,le2i:Coffee_room_01:video (20),28,44,44,16,10,10,2.5,0,132
/data/final_project_dataset/le2i/Coffee_room_01/Coffee_room_01/Videos/video (20).avi,fall,le2i:Coffee_room_01:video (20),1,le2i,le2i:Coffee_room_01:video (20),30,46,46,16,10,10,2.5,0,132
/data/final_project_dataset/le2i/Coffee_room_01/Coffee_room_01/Videos/video (20).avi,fall,le2i:Coffee_room_01:video (20),1,le2i,le2i:Coffee_room_01:video (20),32,48,48,16,10,10,2.5,0,132
/data/final_project_dataset/le2i/Coffee_room_01/Coffee_room_01/Videos/video (20).avi,fall,le2i:Coffee_room_01:video (20),1,le2i,le2i:Coffee_room_01:video (20),34,50,50,16,10,10,2.5,0,132
/data/final_project_dataset/le2i/Coffee_room_01/Coffee_room_01/Videos/video (20).avi,fall,le2i:Coffee_room_01:video (20),1,le2i,le2i:Coffee_room_01:video (20),36,52,52,16,10,10,2.5,0,132
/data/final_project_dataset/le2i/Coffee_room_01/Coffee_room_01/Videos/video (20).avi,fall,le2i:Coffee_room_01:video (20),1,le2i,le2i:Coffee_room_01:video (20),38,54,54,16,10,10,2.5,0,132
/data/final_project_dataset/le2i/Coffee_room_01/Coffee_room_01/Videos/video (20).avi,fall,le2i:Coffee_room_01:video (20),1,le2i,le2i:Coffee_room_01:video (20),40,56,56,16,10,10,2.5,0,132
/data/final_project_dataset/le2i/Coffee_room_01/Coffee_room_01/Videos/video (20).avi,fall,le2i:Coffee_room_01:video (20),1,le2i,le2i:Coffee_room_01:video (20),42,58,58,16,10,10,2.5,0,132
/data/final_project_dataset/le2i/Coffee_room_01/Coffee_room_01/Videos/video (20).avi,fall,le2i:Coffee_room_01:video (20),1,le2i,le2i:Coffee_room_01:video (20),44,60,60,16,10,10,2.5,0,132
/data/final_project_dataset/le2i/Coffee_room_01/Coffee_room_01/Videos/video (20).avi,fall,le2i:Coffee_room_01:video (20),1,le2i,le2i:Coffee_room_01:video (20),46,62,62,16,10,10,2.5,0,132
/data/final_project_dataset/le2i/Coffee_room_01/Coffee_room_01/Videos/video (20).avi,fall,le2i:Coffee_room_01:video (20),1,le2i,le2i:Coffee_room_01:video (20),48,64,64,16,10,10,2.5,0,132
/data/final_project_dataset/le2i/Coffee_room_01/Coffee_room_01/Videos/video (20).avi,fall,le2i:Coffee_room_01:video (20),1,le2i,le2i:Coffee_room_01:video (20),50,66,66,16,10,10,2.5,0,132
/data/final_project_dataset/le2i/Coffee_room_01/Coffee_room_01/Videos/video (20).avi,fall,le2i:Coffee_room_01:video (20),1,le2i,le2i:Coffee_room_01:video (20),52,68,68,16,10,10,2.5,0,132
/data/final_project_dataset/le2i/Coffee_room_01/Coffee_room_01/Videos/video (20).avi,fall,le2i:Coffee_room_01:video (20),1,le2i,le2i:Coffee_room_01:video (20),54,70,70,16,10,10,2.5,0,132
/data/final_project_dataset/le2i/Coffee_room_01/Coffee_room_01/Videos/video (20).avi,fall,le2i:Coffee_room_01:video (20),1,le2i,le2i:Coffee_room_01:video (20),56,72,72,16,10,10,2.5,0,132
/data/final_project_dataset/le2i/Coffee_room_01/Coffee_room_01/Videos/video (20).avi,fall,le2i:Coffee_room_01:video (20),1,le2i,le2i:Coffee_room_01:video (20),58,74,74,16,10,10,2.5,0,132
/data/final_project_dataset/le2i/Coffee_room_01/Coffee_room_01/Videos/video (20).avi,fall,le2i:Coffee_room_01:video (20),1,le2i,le2i:Coffee_room_01:video (20),60,76,76,16,10,10,2.5,0,132
/data/final_project_dataset/le2i/Coffee_room_01/Coffee_room_01/Videos/video (20).avi,fall,le2i:Coffee_room_01:video (20),1,le2i,le2i:Coffee_room_01:video (20),62,78,78,16,10,10,2.5,0,132
/data/final_project_dataset/le2i/Coffee_room_01/Coffee_room_01/Videos/video (20).avi,fall,le2i:Coffee_room_01:video (20),1,le2i,le2i:Coffee_room_01:video (20),64,80,80,16,10,10,2.5,0,132
/data/final_project_dataset/le2i/Coffee_room_01/Coffee_room_01/Videos/video (20).avi,fall,le2i:Coffee_room_01:video (20),1,le2i,le2i:Coffee_room_01:video (20),66,82,82,16,10,10,2.5,0,132
/data/final_project_dataset/le2i/Coffee_room_01/Coffee_room_01/Videos/video (20).avi,fall,le2i:Coffee_room_01:video (20),1,le2i,le2i:Coffee_room_01:video (20),68,84,84,16,10,10,2.5,0,132
/data/final_project_dataset/le2i/Coffee_room_01/Coffee_room_01/Videos/video (20).avi,fall,le2i:Coffee_room_01:video (20),1,le2i,le2i:Coffee_room_01:video (20),70,86,86,16,10,10,2.5,0,132
/data/final_project_dataset/le2i/Coffee_room_01/Coffee_room_01/Videos/video (20).avi,fall,le2i:Coffee_room_01:video (20),1,le2i,le2i:Coffee_room_01:video (20),72,88,88,16,10,10,2.5,0,132
/data/final_project_dataset/le2i/Coffee_room_01/Coffee_room_01/Videos/video (20).avi,fall,le2i:Coffee_room_01:video (20),1,le2i,le2i:Coffee_room_01:video (20),74,90,90,16,10,10,2.5,0,132
/data/final_project_dataset/le2i/Coffee_room_01/Coffee_room_01/Videos/video (20).avi,fall,le2i:Coffee_room_01:video (20),1,le2i,le2i:Coffee_room_01:video (20),76,92,92,16,10,10,2.5,0,132
/data/final_project_dataset/le2i/Coffee_room_01/Coffee_room_01/Videos/video (20).avi,fall,le2i:Coffee_room_01:video (20),1,le2i,le2i:Coffee_room_01:video (20),78,94,94,16,10,10,2.5,0,132
/data/final_project_dataset/le2i/Coffee_room_01/Coffee_room_01/Videos/video (20).avi,fall,le2i:Coffee_room_01:video (20),1,le2i,le2i:Coffee_room_01:video (20),80,96,96,16,10,10,2.5,0,132
/data/final_project_dataset/le2i/Coffee_room_01/Coffee_room_01/Videos/video (20).avi,fall,le2i:Coffee_room_01:video (20),1,le2i,le2i:Coffee_room_01:video (20),82,98,98,16,10,10,2.5,0,132
/data/final_project_dataset/le2i/Coffee_room_01/Coffee_room_01/Videos/video (20).avi,fall,le2i:Coffee_room_01:video (20),1,le2i,le2i:Coffee_room_01:video (20),84,100,100,16,10,10,2.5,0,132
/data/final_project_dataset/le2i/Coffee_room_01/Coffee_room_01/Videos/video (20).avi,fall,le2i:Coffee_room_01:video (20),1,le2i,le2i:Coffee_room_01:video (20),86,102,102,16,10,10,2.5,0,132
/data/final_project_dataset/le2i/Coffee_room_01/Coffee_room_01/Videos/video (20).avi,fall,le2i:Coffee_room_01:video (20),1,le2i,le2i:Coffee_room_01:video (20),88,104,104,16,10,10,2.5,0,132
/data/final_project_dataset/le2i/Coffee_room_01/Coffee_room_01/Videos/video (20).avi,fall,le2i:Coffee_room_01:video (20),1,le2i,le2i:Coffee_room_01:video (20),90,106,106,16,10,10,2.5,0,132
/data/final_project_dataset/le2i/Coffee_room_01/Coffee_room_01/Videos/video (20).avi,fall,le2i:Coffee_room_01:video (20),1,le2i,le2i:Coffee_room_01:video (20),92,108,108,16,10,10,2.5,0,132
/data/final_project_dataset/le2i/Coffee_room_01/Coffee_room_01/Videos/video (20).avi,fall,le2i:Coffee_room_01:video (20),1,le2i,le2i:Coffee_room_01:video (20),94,110,110,16,10,10,2.5,0,132
/data/final_project_dataset/le2i/Coffee_room_01/Coffee_room_01/Videos/video (20).avi,fall,le2i:Coffee_room_01:video (20),1,le2i,le2i:Coffee_room_01:video (20),96,112,112,16,10,10,2.5,0,132
/data/final_project_dataset/le2i/Coffee_room_01/Coffee_room_01/Videos/video (20).avi,fall,le2i:Coffee_room_01:video (20),1,le2i,le2i:Coffee_room_01:video (20),98,114,114,16,10,10,2.5,0,132
/data/final_project_dataset/le2i/Coffee_room_01/Coffee_room_01/Videos/video (20).avi,fall,le2i:Coffee_room_01:video (20),1,le2i,le2i:Coffee_room_01:video (20),100,116,116,16,10,10,2.5,0,132
/data/final_project_dataset/le2i/Coffee_room_01/Coffee_room_01/Videos/video (20).avi,fall,le2i:Coffee_room_01:video (20),1,le2i,le2i:Coffee_room_01:video (20),102,118,118,16,10,10,2.5,0,132
/data/final_project_dataset/le2i/Coffee_room_01/Coffee_room_01/Videos/video (20).avi,fall,le2i:Coffee_room_01:video (20),1,le2i,le2i:Coffee_room_01:video (20),104,120,120,16,10,10,2.5,0,132
/data/final_project_dataset/le2i/Coffee_room_01/Coffee_room_01/Videos/video (20).avi,fall,le2i:Coffee_room_01:video (20),1,le2i,le2i:Coffee_room_01:video (20),106,122,122,16,10,10,2.5,1,132
/data/final_project_dataset/le2i/Coffee_room_01/Coffee_room_01/Videos/video (20).avi,fall,le2i:Coffee_room_01:video (20),1,le2i,le2i:Coffee_room_01:video (20),108,124,124,16,10,10,2.5,1,132
/data/final_project_dataset/le2i/Coffee_room_01/Coffee_room_01/Videos/video (20).avi,fall,le2i:Coffee_room_01:video (20),1,le2i,le2i:Coffee_room_01:video (20),110,126,126,16,10,10,2.5,1,132
/data/final_project_dataset/le2i/Coffee_room_01/Coffee_room_01/Videos/video (20).avi,fall,le2i:Coffee_room_01:video (20),1,le2i,le2i:Coffee_room_01:video (20),112,128,128,16,10,10,2.5,1,132
/data/final_project_dataset/le2i/Coffee_room_01/Coffee_room_01/Videos/video (20).avi,fall,le2i:Coffee_room_01:video (20),1,le2i,le2i:Coffee_room_01:video (20),114,130,130,16,10,10,2.5,1,132
/data/final_project_dataset/le2i/Coffee_room_01/Coffee_room_01/Videos/video (21).avi,fall,le2i:Coffee_room_01:video (21),1,le2i,le2i:Coffee_room_01:video (21),0,16,16,16,10,10,2.5,0,34
/data/final_project_dataset/le2i/Coffee_room_01/Coffee_room_01/Videos/video (21).avi,fall,le2i:Coffee_room_01:video (21),1,le2i,le2i:Coffee_room_01:video (21),2,18,18,16,10,10,2.5,0,34
/data/final_project_dataset/le2i/Coffee_room_01/Coffee_room_01/Videos/video (21).avi,fall,le2i:Coffee_room_01:video (21),1,le2i,le2i:Coffee_room_01:video (21),4,20,20,16,10,10,2.5,0,34
/data/final_project_dataset/le2i/Coffee_room_01/Coffee_room_01/Videos/video (21).avi,fall,le2i:Coffee_room_01:video (21),1,le2i,le2i:Coffee_room_01:video (21),6,22,22,16,10,10,2.5,0,34
/data/final_project_dataset/le2i/Coffee_room_01/Coffee_room_01/Videos/video (21).avi,fall,le2i:Coffee_room_01:video (21),1,le2i,le2i:Coffee_room_01:video (21),8,24,24,16,10,10,2.5,1,34
/data/final_project_dataset/le2i/Coffee_room_01/Coffee_room_01/Videos/video (21).avi,fall,le2i:Coffee_room_01:video (21),1,le2i,le2i:Coffee_room_01:video (21),10,26,26,16,10,10,2.5,1,34
/data/final_project_dataset/le2i/Coffee_room_01/Coffee_room_01/Videos/video (21).avi,fall,le2i:Coffee_room_01:video (21),1,le2i,le2i:Coffee_room_01:video (21),12,28,28,16,10,10,2.5,1,34
/data/final_project_dataset/le2i/Coffee_room_01/Coffee_room_01/Videos/video (21).avi,fall,le2i:Coffee_room_01:video (21),1,le2i,le2i:Coffee_room_01:video (21),14,30,30,16,10,10,2.5,1,34
/data/final_project_dataset/le2i/Coffee_room_01/Coffee_room_01/Videos/video (21).avi,fall,le2i:Coffee_room_01:video (21),1,le2i,le2i:Coffee_room_01:video (21),16,32,32,16,10,10,2.5,1,34
/data/final_project_dataset/le2i/Coffee_room_01/Coffee_room_01/Videos/video (22).avi,fall,le2i:Coffee_room_01:video (22),1,le2i,le2i:Coffee_room_01:video (22),0,16,16,16,10,10,2.5,0,50
/data/final_project_dataset/le2i/Coffee_room_01/Coffee_room_01/Videos/video (22).avi,fall,le2i:Coffee_room_01:video (22),1,le2i,le2i:Coffee_room_01:video (22),2,18,18,16,10,10,2.5,0,50
/data/final_project_dataset/le2i/Coffee_room_01/Coffee_room_01/Videos/video (22).avi,fall,le2i:Coffee_room_01:video (22),1,le2i,le2i:Coffee_room_01:video (22),4,20,20,16,10,10,2.5,0,50
/data/final_project_dataset/le2i/Coffee_room_01/Coffee_room_01/Videos/video (22).avi,fall,le2i:Coffee_room_01:video (22),1,le2i,le2i:Coffee_room_01:video (22),6,22,22,16,10,10,2.5,0,50
/data/final_project_dataset/le2i/Coffee_room_01/Coffee_room_01/Videos/video (22).avi,fall,le2i:Coffee_room_01:video (22),1,le2i,le2i:Coffee_room_01:video (22),8,24,24,16,10,10,2.5,0,50
/data/final_project_dataset/le2i/Coffee_room_01/Coffee_room_01/Videos/video (22).avi,fall,le2i:Coffee_room_01:video (22),1,le2i,le2i:Coffee_room_01:video (22),10,26,26,16,10,10,2.5,0,50
/data/final_project_dataset/le2i/Coffee_room_01/Coffee_room_01/Videos/video (22).avi,fall,le2i:Coffee_room_01:video (22),1,le2i,le2i:Coffee_room_01:video (22),12,28,28,16,10,10,2.5,0,50
/data/final_project_dataset/le2i/Coffee_room_01/Coffee_room_01/Videos/video (22).avi,fall,le2i:Coffee_room_01:video (22),1,le2i,le2i:Coffee_room_01:video (22),14,30,30,16,10,10,2.5,0,50
/data/final_project_dataset/le2i/Coffee_room_01/Coffee_room_01/Videos/video (22).avi,fall,le2i:Coffee_room_01:video (22),1,le2i,le2i:Coffee_room_01:video (22),16,32,32,16,10,10,2.5,0,50
/data/final_project_dataset/le2i/Coffee_room_01/Coffee_room_01/Videos/video (22).avi,fall,le2i:Coffee_room_01:video (22),1,le2i,le2i:Coffee_room_01:video (22),18,34,34,16,10,10,2.5,0,50
/data/final_project_dataset/le2i/Coffee_room_01/Coffee_room_01/Videos/video (22).avi,fall,le2i:Coffee_room_01:video (22),1,le2i,le2i:Coffee_room_01:video (22),20,36,36,16,10,10,2.5,0,50
/data/final_project_dataset/le2i/Coffee_room_01/Coffee_room_01/Videos/video (22).avi,fall,le2i:Coffee_room_01:video (22),1,le2i,le2i:Coffee_room_01:video (22),22,38,38,16,10,10,2.5,0,50
/data/final_project_dataset/le2i/Coffee_room_01/Coffee_room_01/Videos/video (22).avi,fall,le2i:Coffee_room_01:video (22),1,le2i,le2i:Coffee_room_01:video (22),24,40,40,16,10,10,2.5,1,50
/data/final_project_dataset/le2i/Coffee_room_01/Coffee_room_01/Videos/video (22).avi,fall,le2i:Coffee_room_01:video (22),1,le2i,le2i:Coffee_room_01:video (22),26,42,42,16,10,10,2.5,1,50
/data/final_project_dataset/le2i/Coffee_room_01/Coffee_room_01/Videos/video (22).avi,fall,le2i:Coffee_room_01:video (22),1,le2i,le2i:Coffee_room_01:video (22),28,44,44,16,10,10,2.5,1,50
/data/final_project_dataset/le2i/Coffee_room_01/Coffee_room_01/Videos/video (22).avi,fall,le2i:Coffee_room_01:video (22),1,le2i,le2i:Coffee_room_01:video (22),30,46,46,16,10,10,2.5,1,50
/data/final_project_dataset/le2i/Coffee_room_01/Coffee_room_01/Videos/video (22).avi,fall,le2i:Coffee_room_01:video (22),1,le2i,le2i:Coffee_room_01:video (22),32,48,48,16,10,10,2.5,1,50
/data/final_project_dataset/le2i/Coffee_room_01/Coffee_room_01/Videos/video (23).avi,fall,le2i:Coffee_room_01:video (23),1,le2i,le2i:Coffee_room_01:video (23),0,16,16,16,10,10,2.5,0,84
/data/final_project_dataset/le2i/Coffee_room_01/Coffee_room_01/Videos/video (23).avi,fall,le2i:Coffee_room_01:video (23),1,le2i,le2i:Coffee_room_01:video (23),2,18,18,16,10,10,2.5,0,84
/data/final_project_dataset/le2i/Coffee_room_01/Coffee_room_01/Videos/video (23).avi,fall,le2i:Coffee_room_01:video (23),1,le2i,le2i:Coffee_room_01:video (23),4,20,20,16,10,10,2.5,0,84
/data/final_project_dataset/le2i/Coffee_room_01/Coffee_room_01/Videos/video (23).avi,fall,le2i:Coffee_room_01:video (23),1,le2i,le2i:Coffee_room_01:video (23),6,22,22,16,10,10,2.5,0,84
/data/final_project_dataset/le2i/Coffee_room_01/Coffee_room_01/Videos/video (23).avi,fall,le2i:Coffee_room_01:video (23),1,le2i,le2i:Coffee_room_01:video (23),8,24,24,16,10,10,2.5,0,84
/data/final_project_dataset/le2i/Coffee_room_01/Coffee_room_01/Videos/video (23).avi,fall,le2i:Coffee_room_01:video (23),1,le2i,le2i:Coffee_room_01:video (23),10,26,26,16,10,10,2.5,0,84
/data/final_project_dataset/le2i/Coffee_room_01/Coffee_room_01/Videos/video (23).avi,fall,le2i:Coffee_room_01:video (23),1,le2i,le2i:Coffee_room_01:video (23),12,28,28,16,10,10,2.5,0,84
/data/final_project_dataset/le2i/Coffee_room_01/Coffee_room_01/Videos/video (23).avi,fall,le2i:Coffee_room_01:video (23),1,le2i,le2i:Coffee_room_01:video (23),14,30,30,16,10,10,2.5,0,84
/data/final_project_dataset/le2i/Coffee_room_01/Coffee_room_01/Videos/video (23).avi,fall,le2i:Coffee_room_01:video (23),1,le2i,le2i:Coffee_room_01:video (23),16,32,32,16,10,10,2.5,0,84
/data/final_project_dataset/le2i/Coffee_room_01/Coffee_room_01/Videos/video (23).avi,fall,le2i:Coffee_room_01:video (23),1,le2i,le2i:Coffee_room_01:video (23),18,34,34,16,10,10,2.5,0,84
/data/final_project_dataset/le2i/Coffee_room_01/Coffee_room_01/Videos/video (23).avi,fall,le2i:Coffee_room_01:video (23),1,le2i,le2i:Coffee_room_01:video (23),20,36,36,16,10,10,2.5,0,84
/data/final_project_dataset/le2i/Coffee_room_01/Coffee_room_01/Videos/video (23).avi,fall,le2i:Coffee_room_01:video (23),1,le2i,le2i:Coffee_room_01:video (23),22,38,38,16,10,10,2.5,0,84
/data/final_project_dataset/le2i/Coffee_room_01/Coffee_room_01/Videos/video (23).avi,fall,le2i:Coffee_room_01:video (23),1,le2i,le2i:Coffee_room_01:video (23),24,40,40,16,10,10,2.5,0,84
/data/final_project_dataset/le2i/Coffee_room_01/Coffee_room_01/Videos/video (23).avi,fall,le2i:Coffee_room_01:video (23),1,le2i,le2i:Coffee_room_01:video (23),26,42,42,16,10,10,2.5,0,84
/data/final_project_dataset/le2i/Coffee_room_01/Coffee_room_01/Videos/video (23).avi,fall,le2i:Coffee_room_01:video (23),1,le2i,le2i:Coffee_room_01:video (23),28,44,44,16,10,10,2.5,0,84
/data/final_project_dataset/le2i/Coffee_room_01/Coffee_room_01/Videos/video (23).avi,fall,le2i:Coffee_room_01:video (23),1,le2i,le2i:Coffee_room_01:video (23),30,46,46,16,10,10,2.5,0,84
/data/final_project_dataset/le2i/Coffee_room_01/Coffee_room_01/Videos/video (23).avi,fall,le2i:Coffee_room_01:video (23),1,le2i,le2i:Coffee_room_01:video (23),32,48,48,16,10,10,2.5,0,84
/data/final_project_dataset/le2i/Coffee_room_01/Coffee_room_01/Videos/video (23).avi,fall,le2i:Coffee_room_01:video (23),1,le2i,le2i:Coffee_room_01:video (23),34,50,50,16,10,10,2.5,0,84
/data/final_project_dataset/le2i/Coffee_room_01/Coffee_room_01/Videos/video (23).avi,fall,le2i:Coffee_room_01:video (23),1,le2i,le2i:Coffee_room_01:video (23),36,52,52,16,10,10,2.5,0,84
/data/final_project_dataset/le2i/Coffee_room_01/Coffee_room_01/Videos/video (23).avi,fall,le2i:Coffee_room_01:video (23),1,le2i,le2i:Coffee_room_01:video (23),38,54,54,16,10,10,2.5,0,84
/data/final_project_dataset/le2i/Coffee_room_01/Coffee_room_01/Videos/video (23).avi,fall,le2i:Coffee_room_01:video (23),1,le2i,le2i:Coffee_room_01:video (23),40,56,56,16,10,10,2.5,0,84
/data/final_project_dataset/le2i/Coffee_room_01/Coffee_room_01/Videos/video (23).avi,fall,le2i:Coffee_room_01:video (23),1,le2i,le2i:Coffee_room_01:video (23),42,58,58,16,10,10,2.5,0,84
/data/final_project_dataset/le2i/Coffee_room_01/Coffee_room_01/Videos/video (23).avi,fall,le2i:Coffee_room_01:video (23),1,le2i,le2i:Coffee_room_01:video (23),44,60,60,16,10,10,2.5,0,84
/data/final_project_dataset/le2i/Coffee_room_01/Coffee_room_01/Videos/video (23).avi,fall,le2i:Coffee_room_01:video (23),1,le2i,le2i:Coffee_room_01:video (23),46,62,62,16,10,10,2.5,0,84
/data/final_project_dataset/le2i/Coffee_room_01/Coffee_room_01/Videos/video (23).avi,fall,le2i:Coffee_room_01:video (23),1,le2i,le2i:Coffee_room_01:video (23),48,64,64,16,10,10,2.5,0,84
/data/final_project_dataset/le2i/Coffee_room_01/Coffee_room_01/Videos/video (23).avi,fall,le2i:Coffee_room_01:video (23),1,le2i,le2i:Coffee_room_01:video (23),50,66,66,16,10,10,2.5,0,84
/data/final_project_dataset/le2i/Coffee_room_01/Coffee_room_01/Videos/video (23).avi,fall,le2i:Coffee_room_01:video (23),1,le2i,le2i:Coffee_room_01:video (23),52,68,68,16,10,10,2.5,0,84
/data/final_project_dataset/le2i/Coffee_room_01/Coffee_room_01/Videos/video (23).avi,fall,le2i:Coffee_room_01:video (23),1,le2i,le2i:Coffee_room_01:video (23),54,70,70,16,10,10,2.5,0,84
/data/final_project_dataset/le2i/Coffee_room_01/Coffee_room_01/Videos/video (23).avi,fall,le2i:Coffee_room_01:video (23),1,le2i,le2i:Coffee_room_01:video (23),56,72,72,16,10,10,2.5,0,84
/data/final_project_dataset/le2i/Coffee_room_01/Coffee_room_01/Videos/video (23).avi,fall,le2i:Coffee_room_01:video (23),1,le2i,le2i:Coffee_room_01:video (23),58,74,74,16,10,10,2.5,1,84
/data/final_project_dataset/le2i/Coffee_room_01/Coffee_room_01/Videos/video (23).avi,fall,le2i:Coffee_room_01:video (23),1,le2i,le2i:Coffee_room_01:video (23),60,76,76,16,10,10,2.5,1,84
/data/final_project_dataset/le2i/Coffee_room_01/Coffee_room_01/Videos/video (23).avi,fall,le2i:Coffee_room_01:video (23),1,le2i,le2i:Coffee_room_01:video (23),62,78,78,16,10,10,2.5,1,84
/data/final_project_dataset/le2i/Coffee_room_01/Coffee_room_01/Videos/video (23).avi,fall,le2i:Coffee_room_01:video (23),1,le2i,le2i:Coffee_room_01:video (23),64,80,80,16,10,10,2.5,1,84
/data/final_project_dataset/le2i/Coffee_room_01/Coffee_room_01/Videos/video (23).avi,fall,le2i:Coffee_room_01:video (23),1,le2i,le2i:Coffee_room_01:video (23),66,82,82,16,10,10,2.5,1,84
/data/final_project_dataset/le2i/Coffee_room_01/Coffee_room_01/Videos/video (24).avi,fall,le2i:Coffee_room_01:video (24),1,le2i,le2i:Coffee_room_01:video (24),0,16,16,16,10,10,2.5,0,84
/data/final_project_dataset/le2i/Coffee_room_01/Coffee_room_01/Videos/video (24).avi,fall,le2i:Coffee_room_01:video (24),1,le2i,le2i:Coffee_room_01:video (24),2,18,18,16,10,10,2.5,0,84
/data/final_project_dataset/le2i/Coffee_room_01/Coffee_room_01/Videos/video (24).avi,fall,le2i:Coffee_room_01:video (24),1,le2i,le2i:Coffee_room_01:video (24),4,20,20,16,10,10,2.5,0,84
/data/final_project_dataset/le2i/Coffee_room_01/Coffee_room_01/Videos/video (24).avi,fall,le2i:Coffee_room_01:video (24),1,le2i,le2i:Coffee_room_01:video (24),6,22,22,16,10,10,2.5,0,84
/data/final_project_dataset/le2i/Coffee_room_01/Coffee_room_01/Videos/video (24).avi,fall,le2i:Coffee_room_01:video (24),1,le2i,le2i:Coffee_room_01:video (24),8,24,24,16,10,10,2.5,0,84
/data/final_project_dataset/le2i/Coffee_room_01/Coffee_room_01/Videos/video (24).avi,fall,le2i:Coffee_room_01:video (24),1,le2i,le2i:Coffee_room_01:video (24),10,26,26,16,10,10,2.5,0,84
/data/final_project_dataset/le2i/Coffee_room_01/Coffee_room_01/Videos/video (24).avi,fall,le2i:Coffee_room_01:video (24),1,le2i,le2i:Coffee_room_01:video (24),12,28,28,16,10,10,2.5,0,84
/data/final_project_dataset/le2i/Coffee_room_01/Coffee_room_01/Videos/video (24).avi,fall,le2i:Coffee_room_01:video (24),1,le2i,le2i:Coffee_room_01:video (24),14,30,30,16,10,10,2.5,0,84
/data/final_project_dataset/le2i/Coffee_room_01/Coffee_room_01/Videos/video (24).avi,fall,le2i:Coffee_room_01:video (24),1,le2i,le2i:Coffee_room_01:video (24),16,32,32,16,10,10,2.5,0,84
/data/final_project_dataset/le2i/Coffee_room_01/Coffee_room_01/Videos/video (24).avi,fall,le2i:Coffee_room_01:video (24),1,le2i,le2i:Coffee_room_01:video (24),18,34,34,16,10,10,2.5,0,84
/data/final_project_dataset/le2i/Coffee_room_01/Coffee_room_01/Videos/video (24).avi,fall,le2i:Coffee_room_01:video (24),1,le2i,le2i:Coffee_room_01:video (24),20,36,36,16,10,10,2.5,0,84
/data/final_project_dataset/le2i/Coffee_room_01/Coffee_room_01/Videos/video (24).avi,fall,le2i:Coffee_room_01:video (24),1,le2i,le2i:Coffee_room_01:video (24),22,38,38,16,10,10,2.5,0,84
/data/final_project_dataset/le2i/Coffee_room_01/Coffee_room_01/Videos/video (24).avi,fall,le2i:Coffee_room_01:video (24),1,le2i,le2i:Coffee_room_01:video (24),24,40,40,16,10,10,2.5,0,84
/data/final_project_dataset/le2i/Coffee_room_01/Coffee_room_01/Videos/video (24).avi,fall,le2i:Coffee_room_01:video (24),1,le2i,le2i:Coffee_room_01:video (24),26,42,42,16,10,10,2.5,0,84
/data/final_project_dataset/le2i/Coffee_room_01/Coffee_room_01/Videos/video (24).avi,fall,le2i:Coffee_room_01:video (24),1,le2i,le2i:Coffee_room_01:video (24),28,44,44,16,10,10,2.5,0,84
/data/final_project_dataset/le2i/Coffee_room_01/Coffee_room_01/Videos/video (24).avi,fall,le2i:Coffee_room_01:video (24),1,le2i,le2i:Coffee_room_01:video (24),30,46,46,16,10,10,2.5,0,84
/data/final_project_dataset/le2i/Coffee_room_01/Coffee_room_01/Videos/video (24).avi,fall,le2i:Coffee_room_01:video (24),1,le2i,le2i:Coffee_room_01:video (24),32,48,48,16,10,10,2.5,0,84
/data/final_project_dataset/le2i/Coffee_room_01/Coffee_room_01/Videos/video (24).avi,fall,le2i:Coffee_room_01:video (24),1,le2i,le2i:Coffee_room_01:video (24),34,50,50,16,10,10,2.5,0,84
/data/final_project_dataset/le2i/Coffee_room_01/Coffee_room_01/Videos/video (24).avi,fall,le2i:Coffee_room_01:video (24),1,le2i,le2i:Coffee_room_01:video (24),36,52,52,16,10,10,2.5,0,84
/data/final_project_dataset/le2i/Coffee_room_01/Coffee_room_01/Videos/video (24).avi,fall,le2i:Coffee_room_01:video (24),1,le2i,le2i:Coffee_room_01:video (24),38,54,54,16,10,10,2.5,0,84
/data/final_project_dataset/le2i/Coffee_room_01/Coffee_room_01/Videos/video (24).avi,fall,le2i:Coffee_room_01:video (24),1,le2i,le2i:Coffee_room_01:video (24),40,56,56,16,10,10,2.5,0,84
/data/final_project_dataset/le2i/Coffee_room_01/Coffee_room_01/Videos/video (24).avi,fall,le2i:Coffee_room_01:video (24),1,le2i,le2i:Coffee_room_01:video (24),42,58,58,16,10,10,2.5,0,84
/data/final_project_dataset/le2i/Coffee_room_01/Coffee_room_01/Videos/video (24).avi,fall,le2i:Coffee_room_01:video (24),1,le2i,le2i:Coffee_room_01:video (24),44,60,60,16,10,10,2.5,0,84
/data/final_project_dataset/le2i/Coffee_room_01/Coffee_room_01/Videos/video (24).avi,fall,le2i:Coffee_room_01:video (24),1,le2i,le2i:Coffee_room_01:video (24),46,62,62,16,10,10,2.5,0,84
/data/final_project_dataset/le2i/Coffee_room_01/Coffee_room_01/Videos/video (24).avi,fall,le2i:Coffee_room_01:video (24),1,le2i,le2i:Coffee_room_01:video (24),48,64,64,16,10,10,2.5,0,84
/data/final_project_dataset/le2i/Coffee_room_01/Coffee_room_01/Videos/video (24).avi,fall,le2i:Coffee_room_01:video (24),1,le2i,le2i:Coffee_room_01:video (24),50,66,66,16,10,10,2.5,0,84
/data/final_project_dataset/le2i/Coffee_room_01/Coffee_room_01/Videos/video (24).avi,fall,le2i:Coffee_room_01:video (24),1,le2i,le2i:Coffee_room_01:video (24),52,68,68,16,10,10,2.5,0,84
/data/final_project_dataset/le2i/Coffee_room_01/Coffee_room_01/Videos/video (24).avi,fall,le2i:Coffee_room_01:video (24),1,le2i,le2i:Coffee_room_01:video (24),54,70,70,16,10,10,2.5,0,84
/data/final_project_dataset/le2i/Coffee_room_01/Coffee_room_01/Videos/video (24).avi,fall,le2i:Coffee_room_01:video (24),1,le2i,le2i:Coffee_room_01:video (24),56,72,72,16,10,10,2.5,0,84
/data/final_project_dataset/le2i/Coffee_room_01/Coffee_room_01/Videos/video (24).avi,fall,le2i:Coffee_room_01:video (24),1,le2i,le2i:Coffee_room_01:video (24),58,74,74,16,10,10,2.5,1,84
/data/final_project_dataset/le2i/Coffee_room_01/Coffee_room_01/Videos/video (24).avi,fall,le2i:Coffee_room_01:video (24),1,le2i,le2i:Coffee_room_01:video (24),60,76,76,16,10,10,2.5,1,84
/data/final_project_dataset/le2i/Coffee_room_01/Coffee_room_01/Videos/video (24).avi,fall,le2i:Coffee_room_01:video (24),1,le2i,le2i:Coffee_room_01:video (24),62,78,78,16,10,10,2.5,1,84
/data/final_project_dataset/le2i/Coffee_room_01/Coffee_room_01/Videos/video (24).avi,fall,le2i:Coffee_room_01:video (24),1,le2i,le2i:Coffee_room_01:video (24),64,80,80,16,10,10,2.5,1,84
/data/final_project_dataset/le2i/Coffee_room_01/Coffee_room_01/Videos/video (24).avi,fall,le2i:Coffee_room_01:video (24),1,le2i,le2i:Coffee_room_01:video (24),66,82,82,16,10,10,2.5,1,84
/data/final_project_dataset/le2i/Coffee_room_01/Coffee_room_01/Videos/video (25).avi,fall,le2i:Coffee_room_01:video (25),1,le2i,le2i:Coffee_room_01:video (25),0,16,16,16,10,10,2.5,0,55
/data/final_project_dataset/le2i/Coffee_room_01/Coffee_room_01/Videos/video (25).avi,fall,le2i:Coffee_room_01:video (25),1,le2i,le2i:Coffee_room_01:video (25),2,18,18,16,10,10,2.5,0,55
/data/final_project_dataset/le2i/Coffee_room_01/Coffee_room_01/Videos/video (25).avi,fall,le2i:Coffee_room_01:video (25),1,le2i,le2i:Coffee_room_01:video (25),4,20,20,16,10,10,2.5,0,55
/data/final_project_dataset/le2i/Coffee_room_01/Coffee_room_01/Videos/video (25).avi,fall,le2i:Coffee_room_01:video (25),1,le2i,le2i:Coffee_room_01:video (25),6,22,22,16,10,10,2.5,0,55
/data/final_project_dataset/le2i/Coffee_room_01/Coffee_room_01/Videos/video (25).avi,fall,le2i:Coffee_room_01:video (25),1,le2i,le2i:Coffee_room_01:video (25),8,24,24,16,10,10,2.5,0,55
/data/final_project_dataset/le2i/Coffee_room_01/Coffee_room_01/Videos/video (25).avi,fall,le2i:Coffee_room_01:video (25),1,le2i,le2i:Coffee_room_01:video (25),10,26,26,16,10,10,2.5,0,55
/data/final_project_dataset/le2i/Coffee_room_01/Coffee_room_01/Videos/video (25).avi,fall,le2i:Coffee_room_01:video (25),1,le2i,le2i:Coffee_room_01:video (25),12,28,28,16,10,10,2.5,0,55
/data/final_project_dataset/le2i/Coffee_room_01/Coffee_room_01/Videos/video (25).avi,fall,le2i:Coffee_room_01:video (25),1,le2i,le2i:Coffee_room_01:video (25),14,30,30,16,10,10,2.5,0,55
/data/final_project_dataset/le2i/Coffee_room_01/Coffee_room_01/Videos/video (25).avi,fall,le2i:Coffee_room_01:video (25),1,le2i,le2i:Coffee_room_01:video (25),16,32,32,16,10,10,2.5,0,55
/data/final_project_dataset/le2i/Coffee_room_01/Coffee_room_01/Videos/video (25).avi,fall,le2i:Coffee_room_01:video (25),1,le2i,le2i:Coffee_room_01:video (25),18,34,34,16,10,10,2.5,0,55
/data/final_project_dataset/le2i/Coffee_room_01/Coffee_room_01/Videos/video (25).avi,fall,le2i:Coffee_room_01:video (25),1,le2i,le2i:Coffee_room_01:video (25),20,36,36,16,10,10,2.5,0,55
/data/final_project_dataset/le2i/Coffee_room_01/Coffee_room_01/Videos/video (25).avi,fall,le2i:Coffee_room_01:video (25),1,le2i,le2i:Coffee_room_01:video (25),22,38,38,16,10,10,2.5,0,55
/data/final_project_dataset/le2i/Coffee_room_01/Coffee_room_01/Videos/video (25).avi,fall,le2i:Coffee_room_01:video (25),1,le2i,le2i:Coffee_room_01:video (25),24,40,40,16,10,10,2.5,0,55
/data/final_project_dataset/le2i/Coffee_room_01/Coffee_room_01/Videos/video (25).avi,fall,le2i:Coffee_room_01:video (25),1,le2i,le2i:Coffee_room_01:video (25),26,42,42,16,10,10,2.5,0,55
/data/final_project_dataset/le2i/Coffee_room_01/Coffee_room_01/Videos/video (25).avi,fall,le2i:Coffee_room_01:video (25),1,le2i,le2i:Coffee_room_01:video (25),28,44,44,16,10,10,2.5,0,55
/data/final_project_dataset/le2i/Coffee_room_01/Coffee_room_01/Videos/video (25).avi,fall,le2i:Coffee_room_01:video (25),1,le2i,le2i:Coffee_room_01:video (25),30,46,46,16,10,10,2.5,1,55
/data/final_project_dataset/le2i/Coffee_room_01/Coffee_room_01/Videos/video (25).avi,fall,le2i:Coffee_room_01:video (25),1,le2i,le2i:Coffee_room_01:video (25),32,48,48,16,10,10,2.5,1,55
/data/final_project_dataset/le2i/Coffee_room_01/Coffee_room_01/Videos/video (25).avi,fall,le2i:Coffee_room_01:video (25),1,le2i,le2i:Coffee_room_01:video (25),34,50,50,16,10,10,2.5,1,55
/data/final_project_dataset/le2i/Coffee_room_01/Coffee_room_01/Videos/video (25).avi,fall,le2i:Coffee_room_01:video (25),1,le2i,le2i:Coffee_room_01:video (25),36,52,52,16,10,10,2.5,1,55
/data/final_project_dataset/le2i/Coffee_room_01/Coffee_room_01/Videos/video (25).avi,fall,le2i:Coffee_room_01:video (25),1,le2i,le2i:Coffee_room_01:video (25),38,54,54,16,10,10,2.5,1,55
/data/final_project_dataset/le2i/Coffee_room_01/Coffee_room_01/Videos/video (27).avi,fall,le2i:Coffee_room_01:video (27),1,le2i,le2i:Coffee_room_01:video (27),0,16,16,16,10,10,2.5,0,65
/data/final_project_dataset/le2i/Coffee_room_01/Coffee_room_01/Videos/video (27).avi,fall,le2i:Coffee_room_01:video (27),1,le2i,le2i:Coffee_room_01:video (27),2,18,18,16,10,10,2.5,0,65
/data/final_project_dataset/le2i/Coffee_room_01/Coffee_room_01/Videos/video (27).avi,fall,le2i:Coffee_room_01:video (27),1,le2i,le2i:Coffee_room_01:video (27),4,20,20,16,10,10,2.5,0,65
/data/final_project_dataset/le2i/Coffee_room_01/Coffee_room_01/Videos/video (27).avi,fall,le2i:Coffee_room_01:video (27),1,le2i,le2i:Coffee_room_01:video (27),6,22,22,16,10,10,2.5,0,65
/data/final_project_dataset/le2i/Coffee_room_01/Coffee_room_01/Videos/video (27).avi,fall,le2i:Coffee_room_01:video (27),1,le2i,le2i:Coffee_room_01:video (27),8,24,24,16,10,10,2.5,0,65
/data/final_project_dataset/le2i/Coffee_room_01/Coffee_room_01/Videos/video (27).avi,fall,le2i:Coffee_room_01:video (27),1,le2i,le2i:Coffee_room_01:video (27),10,26,26,16,10,10,2.5,0,65
/data/final_project_dataset/le2i/Coffee_room_01/Coffee_room_01/Videos/video (27).avi,fall,le2i:Coffee_room_01:video (27),1,le2i,le2i:Coffee_room_01:video (27),12,28,28,16,10,10,2.5,0,65
/data/final_project_dataset/le2i/Coffee_room_01/Coffee_room_01/Videos/video (27).avi,fall,le2i:Coffee_room_01:video (27),1,le2i,le2i:Coffee_room_01:video (27),14,30,30,16,10,10,2.5,0,65
/data/final_project_dataset/le2i/Coffee_room_01/Coffee_room_01/Videos/video (27).avi,fall,le2i:Coffee_room_01:video (27),1,le2i,le2i:Coffee_room_01:video (27),16,32,32,16,10,10,2.5,0,65
/data/final_project_dataset/le2i/Coffee_room_01/Coffee_room_01/Videos/video (27).avi,fall,le2i:Coffee_room_01:video (27),1,le2i,le2i:Coffee_room_01:video (27),18,34,34,16,10,10,2.5,0,65
/data/final_project_dataset/le2i/Coffee_room_01/Coffee_room_01/Videos/video (27).avi,fall,le2i:Coffee_room_01:video (27),1,le2i,le2i:Coffee_room_01:video (27),20,36,36,16,10,10,2.5,0,65
/data/final_project_dataset/le2i/Coffee_room_01/Coffee_room_01/Videos/video (27).avi,fall,le2i:Coffee_room_01:video (27),1,le2i,le2i:Coffee_room_01:video (27),22,38,38,16,10,10,2.5,0,65
/data/final_project_dataset/le2i/Coffee_room_01/Coffee_room_01/Videos/video (27).avi,fall,le2i:Coffee_room_01:video (27),1,le2i,le2i:Coffee_room_01:video (27),24,40,40,16,10,10,2.5,0,65
/data/final_project_dataset/le2i/Coffee_room_01/Coffee_room_01/Videos/video (27).avi,fall,le2i:Coffee_room_01:video (27),1,le2i,le2i:Coffee_room_01:video (27),26,42,42,16,10,10,2.5,0,65
/data/final_project_dataset/le2i/Coffee_room_01/Coffee_room_01/Videos/video (27).avi,fall,le2i:Coffee_room_01:video (27),1,le2i,le2i:Coffee_room_01:video (27),28,44,44,16,10,10,2.5,0,65
/data/final_project_dataset/le2i/Coffee_room_01/Coffee_room_01/Videos/video (27).avi,fall,le2i:Coffee_room_01:video (27),1,le2i,le2i:Coffee_room_01:video (27),30,46,46,16,10,10,2.5,0,65
/data/final_project_dataset/le2i/Coffee_room_01/Coffee_room_01/Videos/video (27).avi,fall,le2i:Coffee_room_01:video (27),1,le2i,le2i:Coffee_room_01:video (27),32,48,48,16,10,10,2.5,0,65
/data/final_project_dataset/le2i/Coffee_room_01/Coffee_room_01/Videos/video (27).avi,fall,le2i:Coffee_room_01:video (27),1,le2i,le2i:Coffee_room_01:video (27),34,50,50,16,10,10,2.5,0,65
/data/final_project_dataset/le2i/Coffee_room_01/Coffee_room_01/Videos/video (27).avi,fall,le2i:Coffee_room_01:video (27),1,le2i,le2i:Coffee_room_01:video (27),36,52,52,16,10,10,2.5,0,65
/data/final_project_dataset/le2i/Coffee_room_01/Coffee_room_01/Videos/video (27).avi,fall,le2i:Coffee_room_01:video (27),1,le2i,le2i:Coffee_room_01:video (27),38,54,54,16,10,10,2.5,0,65
/data/final_project_dataset/le2i/Coffee_room_01/Coffee_room_01/Videos/video (27).avi,fall,le2i:Coffee_room_01:video (27),1,le2i,le2i:Coffee_room_01:video (27),40,56,56,16,10,10,2.5,1,65
/data/final_project_dataset/le2i/Coffee_room_01/Coffee_room_01/Videos/video (27).avi,fall,le2i:Coffee_room_01:video (27),1,le2i,le2i:Coffee_room_01:video (27),42,58,58,16,10,10,2.5,1,65
/data/final_project_dataset/le2i/Coffee_room_01/Coffee_room_01/Videos/video (27).avi,fall,le2i:Coffee_room_01:video (27),1,le2i,le2i:Coffee_room_01:video (27),44,60,60,16,10,10,2.5,1,65
/data/final_project_dataset/le2i/Coffee_room_01/Coffee_room_01/Videos/video (27).avi,fall,le2i:Coffee_room_01:video (27),1,le2i,le2i:Coffee_room_01:video (27),46,62,62,16,10,10,2.5,1,65
/data/final_project_dataset/le2i/Coffee_room_01/Coffee_room_01/Videos/video (27).avi,fall,le2i:Coffee_room_01:video (27),1,le2i,le2i:Coffee_room_01:video (27),48,64,64,16,10,10,2.5,1,65
/data/final_project_dataset/le2i/Coffee_room_01/Coffee_room_01/Videos/video (28).avi,fall,le2i:Coffee_room_01:video (28),1,le2i,le2i:Coffee_room_01:video (28),0,16,16,16,10,10,2.5,1,24
/data/final_project_dataset/le2i/Coffee_room_01/Coffee_room_01/Videos/video (28).avi,fall,le2i:Coffee_room_01:video (28),1,le2i,le2i:Coffee_room_01:video (28),2,18,18,16,10,10,2.5,1,24
/data/final_project_dataset/le2i/Coffee_room_01/Coffee_room_01/Videos/video (28).avi,fall,le2i:Coffee_room_01:video (28),1,le2i,le2i:Coffee_room_01:video (28),4,20,20,16,10,10,2.5,1,24
/data/final_project_dataset/le2i/Coffee_room_01/Coffee_room_01/Videos/video (28).avi,fall,le2i:Coffee_room_01:video (28),1,le2i,le2i:Coffee_room_01:video (28),6,22,22,16,10,10,2.5,1,24
/data/final_project_dataset/le2i/Coffee_room_01/Coffee_room_01/Videos/video (29).avi,fall,le2i:Coffee_room_01:video (29),1,le2i,le2i:Coffee_room_01:video (29),0,16,16,16,10,10,2.5,0,119
/data/final_project_dataset/le2i/Coffee_room_01/Coffee_room_01/Videos/video (29).avi,fall,le2i:Coffee_room_01:video (29),1,le2i,le2i:Coffee_room_01:video (29),2,18,18,16,10,10,2.5,0,119
/data/final_project_dataset/le2i/Coffee_room_01/Coffee_room_01/Videos/video (29).avi,fall,le2i:Coffee_room_01:video (29),1,le2i,le2i:Coffee_room_01:video (29),4,20,20,16,10,10,2.5,0,119
/data/final_project_dataset/le2i/Coffee_room_01/Coffee_room_01/Videos/video (29).avi,fall,le2i:Coffee_room_01:video (29),1,le2i,le2i:Coffee_room_01:video (29),6,22,22,16,10,10,2.5,0,119
/data/final_project_dataset/le2i/Coffee_room_01/Coffee_room_01/Videos/video (29).avi,fall,le2i:Coffee_room_01:video (29),1,le2i,le2i:Coffee_room_01:video (29),8,24,24,16,10,10,2.5,0,119
/data/final_project_dataset/le2i/Coffee_room_01/Coffee_room_01/Videos/video (29).avi,fall,le2i:Coffee_room_01:video (29),1,le2i,le2i:Coffee_room_01:video (29),10,26,26,16,10,10,2.5,0,119
/data/final_project_dataset/le2i/Coffee_room_01/Coffee_room_01/Videos/video (29).avi,fall,le2i:Coffee_room_01:video (29),1,le2i,le2i:Coffee_room_01:video (29),12,28,28,16,10,10,2.5,0,119
/data/final_project_dataset/le2i/Coffee_room_01/Coffee_room_01/Videos/video (29).avi,fall,le2i:Coffee_room_01:video (29),1,le2i,le2i:Coffee_room_01:video (29),14,30,30,16,10,10,2.5,0,119
/data/final_project_dataset/le2i/Coffee_room_01/Coffee_room_01/Videos/video (29).avi,fall,le2i:Coffee_room_01:video (29),1,le2i,le2i:Coffee_room_01:video (29),16,32,32,16,10,10,2.5,0,119
/data/final_project_dataset/le2i/Coffee_room_01/Coffee_room_01/Videos/video (29).avi,fall,le2i:Coffee_room_01:video (29),1,le2i,le2i:Coffee_room_01:video (29),18,34,34,16,10,10,2.5,0,119
/data/final_project_dataset/le2i/Coffee_room_01/Coffee_room_01/Videos/video (29).avi,fall,le2i:Coffee_room_01:video (29),1,le2i,le2i:Coffee_room_01:video (29),20,36,36,16,10,10,2.5,0,119
/data/final_project_dataset/le2i/Coffee_room_01/Coffee_room_01/Videos/video (29).avi,fall,le2i:Coffee_room_01:video (29),1,le2i,le2i:Coffee_room_01:video (29),22,38,38,16,10,10,2.5,0,119
/data/final_project_dataset/le2i/Coffee_room_01/Coffee_room_01/Videos/video (29).avi,fall,le2i:Coffee_room_01:video (29),1,le2i,le2i:Coffee_room_01:video (29),24,40,40,16,10,10,2.5,0,119
/data/final_project_dataset/le2i/Coffee_room_01/Coffee_room_01/Videos/video (29).avi,fall,le2i:Coffee_room_01:video (29),1,le2i,le2i:Coffee_room_01:video (29),26,42,42,16,10,10,2.5,0,119
/data/final_project_dataset/le2i/Coffee_room_01/Coffee_room_01/Videos/video (29).avi,fall,le2i:Coffee_room_01:video (29),1,le2i,le2i:Coffee_room_01:video (29),28,44,44,16,10,10,2.5,0,119
/data/final_project_dataset/le2i/Coffee_room_01/Coffee_room_01/Videos/video (29).avi,fall,le2i:Coffee_room_01:video (29),1,le2i,le2i:Coffee_room_01:video (29),30,46,46,16,10,10,2.5,0,119
/data/final_project_dataset/le2i/Coffee_room_01/Coffee_room_01/Videos/video (29).avi,fall,le2i:Coffee_room_01:video (29),1,le2i,le2i:Coffee_room_01:video (29),32,48,48,16,10,10,2.5,0,119
/data/final_project_dataset/le2i/Coffee_room_01/Coffee_room_01/Videos/video (29).avi,fall,le2i:Coffee_room_01:video (29),1,le2i,le2i:Coffee_room_01:video (29),34,50,50,16,10,10,2.5,0,119
/data/final_project_dataset/le2i/Coffee_room_01/Coffee_room_01/Videos/video (29).avi,fall,le2i:Coffee_room_01:video (29),1,le2i,le2i:Coffee_room_01:video (29),36,52,52,16,10,10,2.5,0,119
/data/final_project_dataset/le2i/Coffee_room_01/Coffee_room_01/Videos/video (29).avi,fall,le2i:Coffee_room_01:video (29),1,le2i,le2i:Coffee_room_01:video (29),38,54,54,16,10,10,2.5,0,119
/data/final_project_dataset/le2i/Coffee_room_01/Coffee_room_01/Videos/video (29).avi,fall,le2i:Coffee_room_01:video (29),1,le2i,le2i:Coffee_room_01:video (29),40,56,56,16,10,10,2.5,0,119
/data/final_project_dataset/le2i/Coffee_room_01/Coffee_room_01/Videos/video (29).avi,fall,le2i:Coffee_room_01:video (29),1,le2i,le2i:Coffee_room_01:video (29),42,58,58,16,10,10,2.5,0,119
/data/final_project_dataset/le2i/Coffee_room_01/Coffee_room_01/Videos/video (29).avi,fall,le2i:Coffee_room_01:video (29),1,le2i,le2i:Coffee_room_01:video (29),44,60,60,16,10,10,2.5,0,119
/data/final_project_dataset/le2i/Coffee_room_01/Coffee_room_01/Videos/video (29).avi,fall,le2i:Coffee_room_01:video (29),1,le2i,le2i:Coffee_room_01:video (29),46,62,62,16,10,10,2.5,0,119
/data/final_project_dataset/le2i/Coffee_room_01/Coffee_room_01/Videos/video (29).avi,fall,le2i:Coffee_room_01:video (29),1,le2i,le2i:Coffee_room_01:video (29),48,64,64,16,10,10,2.5,0,119
/data/final_project_dataset/le2i/Coffee_room_01/Coffee_room_01/Videos/video (29).avi,fall,le2i:Coffee_room_01:video (29),1,le2i,le2i:Coffee_room_01:video (29),50,66,66,16,10,10,2.5,0,119
/data/final_project_dataset/le2i/Coffee_room_01/Coffee_room_01/Videos/video (29).avi,fall,le2i:Coffee_room_01:video (29),1,le2i,le2i:Coffee_room_01:video (29),52,68,68,16,10,10,2.5,0,119
/data/final_project_dataset/le2i/Coffee_room_01/Coffee_room_01/Videos/video (29).avi,fall,le2i:Coffee_room_01:video (29),1,le2i,le2i:Coffee_room_01:video (29),54,70,70,16,10,10,2.5,0,119
/data/final_project_dataset/le2i/Coffee_room_01/Coffee_room_01/Videos/video (29).avi,fall,le2i:Coffee_room_01:video (29),1,le2i,le2i:Coffee_room_01:video (29),56,72,72,16,10,10,2.5,0,119
/data/final_project_dataset/le2i/Coffee_room_01/Coffee_room_01/Videos/video (29).avi,fall,le2i:Coffee_room_01:video (29),1,le2i,le2i:Coffee_room_01:video (29),58,74,74,16,10,10,2.5,0,119
/data/final_project_dataset/le2i/Coffee_room_01/Coffee_room_01/Videos/video (29).avi,fall,le2i:Coffee_room_01:video (29),1,le2i,le2i:Coffee_room_01:video (29),60,76,76,16,10,10,2.5,0,119
/data/final_project_dataset/le2i/Coffee_room_01/Coffee_room_01/Videos/video (29).avi,fall,le2i:Coffee_room_01:video (29),1,le2i,le2i:Coffee_room_01:video (29),62,78,78,16,10,10,2.5,0,119
/data/final_project_dataset/le2i/Coffee_room_01/Coffee_room_01/Videos/video (29).avi,fall,le2i:Coffee_room_01:video (29),1,le2i,le2i:Coffee_room_01:video (29),64,80,80,16,10,10,2.5,0,119
/data/final_project_dataset/le2i/Coffee_room_01/Coffee_room_01/Videos/video (29).avi,fall,le2i:Coffee_room_01:video (29),1,le2i,le2i:Coffee_room_01:video (29),66,82,82,16,10,10,2.5,0,119
/data/final_project_dataset/le2i/Coffee_room_01/Coffee_room_01/Videos/video (29).avi,fall,le2i:Coffee_room_01:video (29),1,le2i,le2i:Coffee_room_01:video (29),68,84,84,16,10,10,2.5,0,119
/data/final_project_dataset/le2i/Coffee_room_01/Coffee_room_01/Videos/video (29).avi,fall,le2i:Coffee_room_01:video (29),1,le2i,le2i:Coffee_room_01:video (29),70,86,86,16,10,10,2.5,0,119
/data/final_project_dataset/le2i/Coffee_room_01/Coffee_room_01/Videos/video (29).avi,fall,le2i:Coffee_room_01:video (29),1,le2i,le2i:Coffee_room_01:video (29),72,88,88,16,10,10,2.5,0,119
/data/final_project_dataset/le2i/Coffee_room_01/Coffee_room_01/Videos/video (29).avi,fall,le2i:Coffee_room_01:video (29),1,le2i,le2i:Coffee_room_01:video (29),74,90,90,16,10,10,2.5,0,119
/data/final_project_dataset/le2i/Coffee_room_01/Coffee_room_01/Videos/video (29).avi,fall,le2i:Coffee_room_01:video (29),1,le2i,le2i:Coffee_room_01:video (29),76,92,92,16,10,10,2.5,0,119
/data/final_project_dataset/le2i/Coffee_room_01/Coffee_room_01/Videos/video (29).avi,fall,le2i:Coffee_room_01:video (29),1,le2i,le2i:Coffee_room_01:video (29),78,94,94,16,10,10,2.5,0,119
/data/final_project_dataset/le2i/Coffee_room_01/Coffee_room_01/Videos/video (29).avi,fall,le2i:Coffee_room_01:video (29),1,le2i,le2i:Coffee_room_01:video (29),80,96,96,16,10,10,2.5,0,119
/data/final_project_dataset/le2i/Coffee_room_01/Coffee_room_01/Videos/video (29).avi,fall,le2i:Coffee_room_01:video (29),1,le2i,le2i:Coffee_room_01:video (29),82,98,98,16,10,10,2.5,0,119
/data/final_project_dataset/le2i/Coffee_room_01/Coffee_room_01/Videos/video (29).avi,fall,le2i:Coffee_room_01:video (29),1,le2i,le2i:Coffee_room_01:video (29),84,100,100,16,10,10,2.5,0,119
/data/final_project_dataset/le2i/Coffee_room_01/Coffee_room_01/Videos/video (29).avi,fall,le2i:Coffee_room_01:video (29),1,le2i,le2i:Coffee_room_01:video (29),86,102,102,16,10,10,2.5,0,119
/data/final_project_dataset/le2i/Coffee_room_01/Coffee_room_01/Videos/video (29).avi,fall,le2i:Coffee_room_01:video (29),1,le2i,le2i:Coffee_room_01:video (29),88,104,104,16,10,10,2.5,0,119
/data/final_project_dataset/le2i/Coffee_room_01/Coffee_room_01/Videos/video (29).avi,fall,le2i:Coffee_room_01:video (29),1,le2i,le2i:Coffee_room_01:video (29),90,106,106,16,10,10,2.5,0,119
/data/final_project_dataset/le2i/Coffee_room_01/Coffee_room_01/Videos/video (29).avi,fall,le2i:Coffee_room_01:video (29),1,le2i,le2i:Coffee_room_01:video (29),92,108,108,16,10,10,2.5,0,119
/data/final_project_dataset/le2i/Coffee_room_01/Coffee_room_01/Videos/video (29).avi,fall,le2i:Coffee_room_01:video (29),1,le2i,le2i:Coffee_room_01:video (29),94,110,110,16,10,10,2.5,1,119
/data/final_project_dataset/le2i/Coffee_room_01/Coffee_room_01/Videos/video (29).avi,fall,le2i:Coffee_room_01:video (29),1,le2i,le2i:Coffee_room_01:video (29),96,112,112,16,10,10,2.5,1,119
/data/final_project_dataset/le2i/Coffee_room_01/Coffee_room_01/Videos/video (29).avi,fall,le2i:Coffee_room_01:video (29),1,le2i,le2i:Coffee_room_01:video (29),98,114,114,16,10,10,2.5,1,119
/data/final_project_dataset/le2i/Coffee_room_01/Coffee_room_01/Videos/video (29).avi,fall,le2i:Coffee_room_01:video (29),1,le2i,le2i:Coffee_room_01:video (29),100,116,116,16,10,10,2.5,1,119
/data/final_project_dataset/le2i/Coffee_room_01/Coffee_room_01/Videos/video (29).avi,fall,le2i:Coffee_room_01:video (29),1,le2i,le2i:Coffee_room_01:video (29),102,118,118,16,10,10,2.5,1,119
/data/final_project_dataset/le2i/Coffee_room_01/Coffee_room_01/Videos/video (3).avi,fall,le2i:Coffee_room_01:video (3),1,le2i,le2i:Coffee_room_01:video (3),0,16,16,16,10,10,2.5,0,89
/data/final_project_dataset/le2i/Coffee_room_01/Coffee_room_01/Videos/video (3).avi,fall,le2i:Coffee_room_01:video (3),1,le2i,le2i:Coffee_room_01:video (3),2,18,18,16,10,10,2.5,0,89
/data/final_project_dataset/le2i/Coffee_room_01/Coffee_room_01/Videos/video (3).avi,fall,le2i:Coffee_room_01:video (3),1,le2i,le2i:Coffee_room_01:video (3),4,20,20,16,10,10,2.5,0,89
/data/final_project_dataset/le2i/Coffee_room_01/Coffee_room_01/Videos/video (3).avi,fall,le2i:Coffee_room_01:video (3),1,le2i,le2i:Coffee_room_01:video (3),6,22,22,16,10,10,2.5,0,89
/data/final_project_dataset/le2i/Coffee_room_01/Coffee_room_01/Videos/video (3).avi,fall,le2i:Coffee_room_01:video (3),1,le2i,le2i:Coffee_room_01:video (3),8,24,24,16,10,10,2.5,0,89
/data/final_project_dataset/le2i/Coffee_room_01/Coffee_room_01/Videos/video (3).avi,fall,le2i:Coffee_room_01:video (3),1,le2i,le2i:Coffee_room_01:video (3),10,26,26,16,10,10,2.5,0,89
/data/final_project_dataset/le2i/Coffee_room_01/Coffee_room_01/Videos/video (3).avi,fall,le2i:Coffee_room_01:video (3),1,le2i,le2i:Coffee_room_01:video (3),12,28,28,16,10,10,2.5,0,89
/data/final_project_dataset/le2i/Coffee_room_01/Coffee_room_01/Videos/video (3).avi,fall,le2i:Coffee_room_01:video (3),1,le2i,le2i:Coffee_room_01:video (3),14,30,30,16,10,10,2.5,0,89
/data/final_project_dataset/le2i/Coffee_room_01/Coffee_room_01/Videos/video (3).avi,fall,le2i:Coffee_room_01:video (3),1,le2i,le2i:Coffee_room_01:video (3),16,32,32,16,10,10,2.5,0,89
/data/final_project_dataset/le2i/Coffee_room_01/Coffee_room_01/Videos/video (3).avi,fall,le2i:Coffee_room_01:video (3),1,le2i,le2i:Coffee_room_01:video (3),18,34,34,16,10,10,2.5,0,89
/data/final_project_dataset/le2i/Coffee_room_01/Coffee_room_01/Videos/video (3).avi,fall,le2i:Coffee_room_01:video (3),1,le2i,le2i:Coffee_room_01:video (3),20,36,36,16,10,10,2.5,0,89
/data/final_project_dataset/le2i/Coffee_room_01/Coffee_room_01/Videos/video (3).avi,fall,le2i:Coffee_room_01:video (3),1,le2i,le2i:Coffee_room_01:video (3),22,38,38,16,10,10,2.5,0,89
/data/final_project_dataset/le2i/Coffee_room_01/Coffee_room_01/Videos/video (3).avi,fall,le2i:Coffee_room_01:video (3),1,le2i,le2i:Coffee_room_01:video (3),24,40,40,16,10,10,2.5,0,89
/data/final_project_dataset/le2i/Coffee_room_01/Coffee_room_01/Videos/video (3).avi,fall,le2i:Coffee_room_01:video (3),1,le2i,le2i:Coffee_room_01:video (3),26,42,42,16,10,10,2.5,0,89
/data/final_project_dataset/le2i/Coffee_room_01/Coffee_room_01/Videos/video (3).avi,fall,le2i:Coffee_room_01:video (3),1,le2i,le2i:Coffee_room_01:video (3),28,44,44,16,10,10,2.5,0,89
/data/final_project_dataset/le2i/Coffee_room_01/Coffee_room_01/Videos/video (3).avi,fall,le2i:Coffee_room_01:video (3),1,le2i,le2i:Coffee_room_01:video (3),30,46,46,16,10,10,2.5,0,89
/data/final_project_dataset/le2i/Coffee_room_01/Coffee_room_01/Videos/video (3).avi,fall,le2i:Coffee_room_01:video (3),1,le2i,le2i:Coffee_room_01:video (3),32,48,48,16,10,10,2.5,0,89
/data/final_project_dataset/le2i/Coffee_room_01/Coffee_room_01/Videos/video (3).avi,fall,le2i:Coffee_room_01:video (3),1,le2i,le2i:Coffee_room_01:video (3),34,50,50,16,10,10,2.5,0,89
/data/final_project_dataset/le2i/Coffee_room_01/Coffee_room_01/Videos/video (3).avi,fall,le2i:Coffee_room_01:video (3),1,le2i,le2i:Coffee_room_01:video (3),36,52,52,16,10,10,2.5,0,89
/data/final_project_dataset/le2i/Coffee_room_01/Coffee_room_01/Videos/video (3).avi,fall,le2i:Coffee_room_01:video (3),1,le2i,le2i:Coffee_room_01:video (3),38,54,54,16,10,10,2.5,0,89
/data/final_project_dataset/le2i/Coffee_room_01/Coffee_room_01/Videos/video (3).avi,fall,le2i:Coffee_room_01:video (3),1,le2i,le2i:Coffee_room_01:video (3),40,56,56,16,10,10,2.5,0,89
/data/final_project_dataset/le2i/Coffee_room_01/Coffee_room_01/Videos/video (3).avi,fall,le2i:Coffee_room_01:video (3),1,le2i,le2i:Coffee_room_01:video (3),42,58,58,16,10,10,2.5,0,89
/data/final_project_dataset/le2i/Coffee_room_01/Coffee_room_01/Videos/video (3).avi,fall,le2i:Coffee_room_01:video (3),1,le2i,le2i:Coffee_room_01:video (3),44,60,60,16,10,10,2.5,0,89
/data/final_project_dataset/le2i/Coffee_room_01/Coffee_room_01/Videos/video (3).avi,fall,le2i:Coffee_room_01:video (3),1,le2i,le2i:Coffee_room_01:video (3),46,62,62,16,10,10,2.5,0,89
/data/final_project_dataset/le2i/Coffee_room_01/Coffee_room_01/Videos/video (3).avi,fall,le2i:Coffee_room_01:video (3),1,le2i,le2i:Coffee_room_01:video (3),48,64,64,16,10,10,2.5,0,89
/data/final_project_dataset/le2i/Coffee_room_01/Coffee_room_01/Videos/video (3).avi,fall,le2i:Coffee_room_01:video (3),1,le2i,le2i:Coffee_room_01:video (3),50,66,66,16,10,10,2.5,0,89
/data/final_project_dataset/le2i/Coffee_room_01/Coffee_room_01/Videos/video (3).avi,fall,le2i:Coffee_room_01:video (3),1,le2i,le2i:Coffee_room_01:video (3),52,68,68,16,10,10,2.5,0,89
/data/final_project_dataset/le2i/Coffee_room_01/Coffee_room_01/Videos/video (3).avi,fall,le2i:Coffee_room_01:video (3),1,le2i,le2i:Coffee_room_01:video (3),54,70,70,16,10,10,2.5,0,89
/data/final_project_dataset/le2i/Coffee_room_01/Coffee_room_01/Videos/video (3).avi,fall,le2i:Coffee_room_01:video (3),1,le2i,le2i:Coffee_room_01:video (3),56,72,72,16,10,10,2.5,0,89
/data/final_project_dataset/le2i/Coffee_room_01/Coffee_room_01/Videos/video (3).avi,fall,le2i:Coffee_room_01:video (3),1,le2i,le2i:Coffee_room_01:video (3),58,74,74,16,10,10,2.5,0,89
/data/final_project_dataset/le2i/Coffee_room_01/Coffee_room_01/Videos/video (3).avi,fall,le2i:Coffee_room_01:video (3),1,le2i,le2i:Coffee_room_01:video (3),60,76,76,16,10,10,2.5,0,89
/data/final_project_dataset/le2i/Coffee_room_01/Coffee_room_01/Videos/video (3).avi,fall,le2i:Coffee_room_01:video (3),1,le2i,le2i:Coffee_room_01:video (3),62,78,78,16,10,10,2.5,0,89
/data/final_project_dataset/le2i/Coffee_room_01/Coffee_room_01/Videos/video (3).avi,fall,le2i:Coffee_room_01:video (3),1,le2i,le2i:Coffee_room_01:video (3),64,80,80,16,10,10,2.5,1,89
/data/final_project_dataset/le2i/Coffee_room_01/Coffee_room_01/Videos/video (3).avi,fall,le2i:Coffee_room_01:video (3),1,le2i,le2i:Coffee_room_01:video (3),66,82,82,16,10,10,2.5,1,89
/data/final_project_dataset/le2i/Coffee_room_01/Coffee_room_01/Videos/video (3).avi,fall,le2i:Coffee_room_01:video (3),1,le2i,le2i:Coffee_room_01:video (3),68,84,84,16,10,10,2.5,1,89
/data/final_project_dataset/le2i/Coffee_room_01/Coffee_room_01/Videos/video (3).avi,fall,le2i:Coffee_room_01:video (3),1,le2i,le2i:Coffee_room_01:video (3),70,86,86,16,10,10,2.5,1,89
/data/final_project_dataset/le2i/Coffee_room_01/Coffee_room_01/Videos/video (3).avi,fall,le2i:Coffee_room_01:video (3),1,le2i,le2i:Coffee_room_01:video (3),72,88,88,16,10,10,2.5,1,89
/data/final_project_dataset/le2i/Coffee_room_01/Coffee_room_01/Videos/video (30).avi,fall,le2i:Coffee_room_01:video (30),1,le2i,le2i:Coffee_room_01:video (30),0,16,16,16,10,10,2.5,0,32
/data/final_project_dataset/le2i/Coffee_room_01/Coffee_room_01/Videos/video (30).avi,fall,le2i:Coffee_room_01:video (30),1,le2i,le2i:Coffee_room_01:video (30),2,18,18,16,10,10,2.5,0,32
/data/final_project_dataset/le2i/Coffee_room_01/Coffee_room_01/Videos/video (30).avi,fall,le2i:Coffee_room_01:video (30),1,le2i,le2i:Coffee_room_01:video (30),4,20,20,16,10,10,2.5,0,32
/data/final_project_dataset/le2i/Coffee_room_01/Coffee_room_01/Videos/video (30).avi,fall,le2i:Coffee_room_01:video (30),1,le2i,le2i:Coffee_room_01:video (30),6,22,22,16,10,10,2.5,1,32
/data/final_project_dataset/le2i/Coffee_room_01/Coffee_room_01/Videos/video (30).avi,fall,le2i:Coffee_room_01:video (30),1,le2i,le2i:Coffee_room_01:video (30),8,24,24,16,10,10,2.5,1,32
/data/final_project_dataset/le2i/Coffee_room_01/Coffee_room_01/Videos/video (30).avi,fall,le2i:Coffee_room_01:video (30),1,le2i,le2i:Coffee_room_01:video (30),10,26,26,16,10,10,2.5,1,32
/data/final_project_dataset/le2i/Coffee_room_01/Coffee_room_01/Videos/video (30).avi,fall,le2i:Coffee_room_01:video (30),1,le2i,le2i:Coffee_room_01:video (30),12,28,28,16,10,10,2.5,1,32
/data/final_project_dataset/le2i/Coffee_room_01/Coffee_room_01/Videos/video (30).avi,fall,le2i:Coffee_room_01:video (30),1,le2i,le2i:Coffee_room_01:video (30),14,30,30,16,10,10,2.5,1,32
/data/final_project_dataset/le2i/Coffee_room_01/Coffee_room_01/Videos/video (31).avi,fall,le2i:Coffee_room_01:video (31),1,le2i,le2i:Coffee_room_01:video (31),0,16,16,16,10,10,2.5,0,63
/data/final_project_dataset/le2i/Coffee_room_01/Coffee_room_01/Videos/video (31).avi,fall,le2i:Coffee_room_01:video (31),1,le2i,le2i:Coffee_room_01:video (31),2,18,18,16,10,10,2.5,0,63
/data/final_project_dataset/le2i/Coffee_room_01/Coffee_room_01/Videos/video (31).avi,fall,le2i:Coffee_room_01:video (31),1,le2i,le2i:Coffee_room_01:video (31),4,20,20,16,10,10,2.5,0,63
/data/final_project_dataset/le2i/Coffee_room_01/Coffee_room_01/Videos/video (31).avi,fall,le2i:Coffee_room_01:video (31),1,le2i,le2i:Coffee_room_01:video (31),6,22,22,16,10,10,2.5,0,63
/data/final_project_dataset/le2i/Coffee_room_01/Coffee_room_01/Videos/video (31).avi,fall,le2i:Coffee_room_01:video (31),1,le2i,le2i:Coffee_room_01:video (31),8,24,24,16,10,10,2.5,0,63
/data/final_project_dataset/le2i/Coffee_room_01/Coffee_room_01/Videos/video (31).avi,fall,le2i:Coffee_room_01:video (31),1,le2i,le2i:Coffee_room_01:video (31),10,26,26,16,10,10,2.5,0,63
/data/final_project_dataset/le2i/Coffee_room_01/Coffee_room_01/Videos/video (31).avi,fall,le2i:Coffee_room_01:video (31),1,le2i,le2i:Coffee_room_01:video (31),12,28,28,16,10,10,2.5,0,63
/data/final_project_dataset/le2i/Coffee_room_01/Coffee_room_01/Videos/video (31).avi,fall,le2i:Coffee_room_01:video (31),1,le2i,le2i:Coffee_room_01:video (31),14,30,30,16,10,10,2.5,0,63
/data/final_project_dataset/le2i/Coffee_room_01/Coffee_room_01/Videos/video (31).avi,fall,le2i:Coffee_room_01:video (31),1,le2i,le2i:Coffee_room_01:video (31),16,32,32,16,10,10,2.5,0,63
/data/final_project_dataset/le2i/Coffee_room_01/Coffee_room_01/Videos/video (31).avi,fall,le2i:Coffee_room_01:video (31),1,le2i,le2i:Coffee_room_01:video (31),18,34,34,16,10,10,2.5,0,63
/data/final_project_dataset/le2i/Coffee_room_01/Coffee_room_01/Videos/video (31).avi,fall,le2i:Coffee_room_01:video (31),1,le2i,le2i:Coffee_room_01:video (31),20,36,36,16,10,10,2.5,0,63
/data/final_project_dataset/le2i/Coffee_room_01/Coffee_room_01/Videos/video (31).avi,fall,le2i:Coffee_room_01:video (31),1,le2i,le2i:Coffee_room_01:video (31),22,38,38,16,10,10,2.5,0,63
/data/final_project_dataset/le2i/Coffee_room_01/Coffee_room_01/Videos/video (31).avi,fall,le2i:Coffee_room_01:video (31),1,le2i,le2i:Coffee_room_01:video (31),24,40,40,16,10,10,2.5,0,63
/data/final_project_dataset/le2i/Coffee_room_01/Coffee_room_01/Videos/video (31).avi,fall,le2i:Coffee_room_01:video (31),1,le2i,le2i:Coffee_room_01:video (31),26,42,42,16,10,10,2.5,0,63
/data/final_project_dataset/le2i/Coffee_room_01/Coffee_room_01/Videos/video (31).avi,fall,le2i:Coffee_room_01:video (31),1,le2i,le2i:Coffee_room_01:video (31),28,44,44,16,10,10,2.5,0,63
/data/final_project_dataset/le2i/Coffee_room_01/Coffee_room_01/Videos/video (31).avi,fall,le2i:Coffee_room_01:video (31),1,le2i,le2i:Coffee_room_01:video (31),30,46,46,16,10,10,2.5,0,63
/data/final_project_dataset/le2i/Coffee_room_01/Coffee_room_01/Videos/video (31).avi,fall,le2i:Coffee_room_01:video (31),1,le2i,le2i:Coffee_room_01:video (31),32,48,48,16,10,10,2.5,0,63
/data/final_project_dataset/le2i/Coffee_room_01/Coffee_room_01/Videos/video (31).avi,fall,le2i:Coffee_room_01:video (31),1,le2i,le2i:Coffee_room_01:video (31),34,50,50,16,10,10,2.5,0,63
/data/final_project_dataset/le2i/Coffee_room_01/Coffee_room_01/Videos/video (31).avi,fall,le2i:Coffee_room_01:video (31),1,le2i,le2i:Coffee_room_01:video (31),36,52,52,16,10,10,2.5,0,63
/data/final_project_dataset/le2i/Coffee_room_01/Coffee_room_01/Videos/video (31).avi,fall,le2i:Coffee_room_01:video (31),1,le2i,le2i:Coffee_room_01:video (31),38,54,54,16,10,10,2.5,1,63
/data/final_project_dataset/le2i/Coffee_room_01/Coffee_room_01/Videos/video (31).avi,fall,le2i:Coffee_room_01:video (31),1,le2i,le2i:Coffee_room_01:video (31),40,56,56,16,10,10,2.5,1,63
/data/final_project_dataset/le2i/Coffee_room_01/Coffee_room_01/Videos/video (31).avi,fall,le2i:Coffee_room_01:video (31),1,le2i,le2i:Coffee_room_01:video (31),42,58,58,16,10,10,2.5,1,63
/data/final_project_dataset/le2i/Coffee_room_01/Coffee_room_01/Videos/video (31).avi,fall,le2i:Coffee_room_01:video (31),1,le2i,le2i:Coffee_room_01:video (31),44,60,60,16,10,10,2.5,1,63
/data/final_project_dataset/le2i/Coffee_room_01/Coffee_room_01/Videos/video (31).avi,fall,le2i:Coffee_room_01:video (31),1,le2i,le2i:Coffee_room_01:video (31),46,62,62,16,10,10,2.5,1,63
/data/final_project_dataset/le2i/Coffee_room_01/Coffee_room_01/Videos/video (32).avi,fall,le2i:Coffee_room_01:video (32),1,le2i,le2i:Coffee_room_01:video (32),0,16,16,16,10,10,2.5,0,82
/data/final_project_dataset/le2i/Coffee_room_01/Coffee_room_01/Videos/video (32).avi,fall,le2i:Coffee_room_01:video (32),1,le2i,le2i:Coffee_room_01:video (32),2,18,18,16,10,10,2.5,0,82
/data/final_project_dataset/le2i/Coffee_room_01/Coffee_room_01/Videos/video (32).avi,fall,le2i:Coffee_room_01:video (32),1,le2i,le2i:Coffee_room_01:video (32),4,20,20,16,10,10,2.5,0,82
/data/final_project_dataset/le2i/Coffee_room_01/Coffee_room_01/Videos/video (32).avi,fall,le2i:Coffee_room_01:video (32),1,le2i,le2i:Coffee_room_01:video (32),6,22,22,16,10,10,2.5,0,82
/data/final_project_dataset/le2i/Coffee_room_01/Coffee_room_01/Videos/video (32).avi,fall,le2i:Coffee_room_01:video (32),1,le2i,le2i:Coffee_room_01:video (32),8,24,24,16,10,10,2.5,0,82
/data/final_project_dataset/le2i/Coffee_room_01/Coffee_room_01/Videos/video (32).avi,fall,le2i:Coffee_room_01:video (32),1,le2i,le2i:Coffee_room_01:video (32),10,26,26,16,10,10,2.5,0,82
/data/final_project_dataset/le2i/Coffee_room_01/Coffee_room_01/Videos/video (32).avi,fall,le2i:Coffee_room_01:video (32),1,le2i,le2i:Coffee_room_01:video (32),12,28,28,16,10,10,2.5,0,82
/data/final_project_dataset/le2i/Coffee_room_01/Coffee_room_01/Videos/video (32).avi,fall,le2i:Coffee_room_01:video (32),1,le2i,le2i:Coffee_room_01:video (32),14,30,30,16,10,10,2.5,0,82
/data/final_project_dataset/le2i/Coffee_room_01/Coffee_room_01/Videos/video (32).avi,fall,le2i:Coffee_room_01:video (32),1,le2i,le2i:Coffee_room_01:video (32),16,32,32,16,10,10,2.5,0,82
/data/final_project_dataset/le2i/Coffee_room_01/Coffee_room_01/Videos/video (32).avi,fall,le2i:Coffee_room_01:video (32),1,le2i,le2i:Coffee_room_01:video (32),18,34,34,16,10,10,2.5,0,82
/data/final_project_dataset/le2i/Coffee_room_01/Coffee_room_01/Videos/video (32).avi,fall,le2i:Coffee_room_01:video (32),1,le2i,le2i:Coffee_room_01:video (32),20,36,36,16,10,10,2.5,0,82
/data/final_project_dataset/le2i/Coffee_room_01/Coffee_room_01/Videos/video (32).avi,fall,le2i:Coffee_room_01:video (32),1,le2i,le2i:Coffee_room_01:video (32),22,38,38,16,10,10,2.5,0,82
/data/final_project_dataset/le2i/Coffee_room_01/Coffee_room_01/Videos/video (32).avi,fall,le2i:Coffee_room_01:video (32),1,le2i,le2i:Coffee_room_01:video (32),24,40,40,16,10,10,2.5,0,82
/data/final_project_dataset/le2i/Coffee_room_01/Coffee_room_01/Videos/video (32).avi,fall,le2i:Coffee_room_01:video (32),1,le2i,le2i:Coffee_room_01:video (32),26,42,42,16,10,10,2.5,0,82
/data/final_project_dataset/le2i/Coffee_room_01/Coffee_room_01/Videos/video (32).avi,fall,le2i:Coffee_room_01:video (32),1,le2i,le2i:Coffee_room_01:video (32),28,44,44,16,10,10,2.5,0,82
/data/final_project_dataset/le2i/Coffee_room_01/Coffee_room_01/Videos/video (32).avi,fall,le2i:Coffee_room_01:video (32),1,le2i,le2i:Coffee_room_01:video (32),30,46,46,16,10,10,2.5,0,82
/data/final_project_dataset/le2i/Coffee_room_01/Coffee_room_01/Videos/video (32).avi,fall,le2i:Coffee_room_01:video (32),1,le2i,le2i:Coffee_room_01:video (32),32,48,48,16,10,10,2.5,0,82
/data/final_project_dataset/le2i/Coffee_room_01/Coffee_room_01/Videos/video (32).avi,fall,le2i:Coffee_room_01:video (32),1,le2i,le2i:Coffee_room_01:video (32),34,50,50,16,10,10,2.5,0,82
/data/final_project_dataset/le2i/Coffee_room_01/Coffee_room_01/Videos/video (32).avi,fall,le2i:Coffee_room_01:video (32),1,le2i,le2i:Coffee_room_01:video (32),36,52,52,16,10,10,2.5,0,82
/data/final_project_dataset/le2i/Coffee_room_01/Coffee_room_01/Videos/video (32).avi,fall,le2i:Coffee_room_01:video (32),1,le2i,le2i:Coffee_room_01:video (32),38,54,54,16,10,10,2.5,0,82
/data/final_project_dataset/le2i/Coffee_room_01/Coffee_room_01/Videos/video (32).avi,fall,le2i:Coffee_room_01:video (32),1,le2i,le2i:Coffee_room_01:video (32),40,56,56,16,10,10,2.5,0,82
/data/final_project_dataset/le2i/Coffee_room_01/Coffee_room_01/Videos/video (32).avi,fall,le2i:Coffee_room_01:video (32),1,le2i,le2i:Coffee_room_01:video (32),42,58,58,16,10,10,2.5,0,82
/data/final_project_dataset/le2i/Coffee_room_01/Coffee_room_01/Videos/video (32).avi,fall,le2i:Coffee_room_01:video (32),1,le2i,le2i:Coffee_room_01:video (32),44,60,60,16,10,10,2.5,0,82
/data/final_project_dataset/le2i/Coffee_room_01/Coffee_room_01/Videos/video (32).avi,fall,le2i:Coffee_room_01:video (32),1,le2i,le2i:Coffee_room_01:video (32),46,62,62,16,10,10,2.5,0,82
/data/final_project_dataset/le2i/Coffee_room_01/Coffee_room_01/Videos/video (32).avi,fall,le2i:Coffee_room_01:video (32),1,le2i,le2i:Coffee_room_01:video (32),48,64,64,16,10,10,2.5,0,82
/data/final_project_dataset/le2i/Coffee_room_01/Coffee_room_01/Videos/video (32).avi,fall,le2i:Coffee_room_01:video (32),1,le2i,le2i:Coffee_room_01:video (32),50,66,66,16,10,10,2.5,0,82
/data/final_project_dataset/le2i/Coffee_room_01/Coffee_room_01/Videos/video (32).avi,fall,le2i:Coffee_room_01:video (32),1,le2i,le2i:Coffee_room_01:video (32),52,68,68,16,10,10,2.5,0,82
/data/final_project_dataset/le2i/Coffee_room_01/Coffee_room_01/Videos/video (32).avi,fall,le2i:Coffee_room_01:video (32),1,le2i,le2i:Coffee_room_01:video (32),54,70,70,16,10,10,2.5,0,82
/data/final_project_dataset/le2i/Coffee_room_01/Coffee_room_01/Videos/video (32).avi,fall,le2i:Coffee_room_01:video (32),1,le2i,le2i:Coffee_room_01:video (32),56,72,72,16,10,10,2.5,1,82
/data/final_project_dataset/le2i/Coffee_room_01/Coffee_room_01/Videos/video (32).avi,fall,le2i:Coffee_room_01:video (32),1,le2i,le2i:Coffee_room_01:video (32),58,74,74,16,10,10,2.5,1,82
/data/final_project_dataset/le2i/Coffee_room_01/Coffee_room_01/Videos/video (32).avi,fall,le2i:Coffee_room_01:video (32),1,le2i,le2i:Coffee_room_01:video (32),60,76,76,16,10,10,2.5,1,82
/data/final_project_dataset/le2i/Coffee_room_01/Coffee_room_01/Videos/video (32).avi,fall,le2i:Coffee_room_01:video (32),1,le2i,le2i:Coffee_room_01:video (32),62,78,78,16,10,10,2.5,1,82
/data/final_project_dataset/le2i/Coffee_room_01/Coffee_room_01/Videos/video (32).avi,fall,le2i:Coffee_room_01:video (32),1,le2i,le2i:Coffee_room_01:video (32),64,80,80,16,10,10,2.5,1,82
/data/final_project_dataset/le2i/Coffee_room_01/Coffee_room_01/Videos/video (33).avi,fall,le2i:Coffee_room_01:video (33),1,le2i,le2i:Coffee_room_01:video (33),0,16,16,16,10,10,2.5,0,35
/data/final_project_dataset/le2i/Coffee_room_01/Coffee_room_01/Videos/video (33).avi,fall,le2i:Coffee_room_01:video (33),1,le2i,le2i:Coffee_room_01:video (33),2,18,18,16,10,10,2.5,0,35
/data/final_project_dataset/le2i/Coffee_room_01/Coffee_room_01/Videos/video (33).avi,fall,le2i:Coffee_room_01:video (33),1,le2i,le2i:Coffee_room_01:video (33),4,20,20,16,10,10,2.5,0,35
/data/final_project_dataset/le2i/Coffee_room_01/Coffee_room_01/Videos/video (33).avi,fall,le2i:Coffee_room_01:video (33),1,le2i,le2i:Coffee_room_01:video (33),6,22,22,16,10,10,2.5,0,35
/data/final_project_dataset/le2i/Coffee_room_01/Coffee_room_01/Videos/video (33).avi,fall,le2i:Coffee_room_01:video (33),1,le2i,le2i:Coffee_room_01:video (33),8,24,24,16,10,10,2.5,0,35
/data/final_project_dataset/le2i/Coffee_room_01/Coffee_room_01/Videos/video (33).avi,fall,le2i:Coffee_room_01:video (33),1,le2i,le2i:Coffee_room_01:video (33),10,26,26,16,10,10,2.5,1,35
/data/final_project_dataset/le2i/Coffee_room_01/Coffee_room_01/Videos/video (33).avi,fall,le2i:Coffee_room_01:video (33),1,le2i,le2i:Coffee_room_01:video (33),12,28,28,16,10,10,2.5,1,35
/data/final_project_dataset/le2i/Coffee_room_01/Coffee_room_01/Videos/video (33).avi,fall,le2i:Coffee_room_01:video (33),1,le2i,le2i:Coffee_room_01:video (33),14,30,30,16,10,10,2.5,1,35
/data/final_project_dataset/le2i/Coffee_room_01/Coffee_room_01/Videos/video (33).avi,fall,le2i:Coffee_room_01:video (33),1,le2i,le2i:Coffee_room_01:video (33),16,32,32,16,10,10,2.5,1,35
/data/final_project_dataset/le2i/Coffee_room_01/Coffee_room_01/Videos/video (33).avi,fall,le2i:Coffee_room_01:video (33),1,le2i,le2i:Coffee_room_01:video (33),18,34,34,16,10,10,2.5,1,35
/data/final_project_dataset/le2i/Coffee_room_01/Coffee_room_01/Videos/video (34).avi,fall,le2i:Coffee_room_01:video (34),1,le2i,le2i:Coffee_room_01:video (34),0,16,16,16,10,10,2.5,0,132
/data/final_project_dataset/le2i/Coffee_room_01/Coffee_room_01/Videos/video (34).avi,fall,le2i:Coffee_room_01:video (34),1,le2i,le2i:Coffee_room_01:video (34),2,18,18,16,10,10,2.5,0,132
/data/final_project_dataset/le2i/Coffee_room_01/Coffee_room_01/Videos/video (34).avi,fall,le2i:Coffee_room_01:video (34),1,le2i,le2i:Coffee_room_01:video (34),4,20,20,16,10,10,2.5,0,132
/data/final_project_dataset/le2i/Coffee_room_01/Coffee_room_01/Videos/video (34).avi,fall,le2i:Coffee_room_01:video (34),1,le2i,le2i:Coffee_room_01:video (34),6,22,22,16,10,10,2.5,0,132
/data/final_project_dataset/le2i/Coffee_room_01/Coffee_room_01/Videos/video (34).avi,fall,le2i:Coffee_room_01:video (34),1,le2i,le2i:Coffee_room_01:video (34),8,24,24,16,10,10,2.5,0,132
/data/final_project_dataset/le2i/Coffee_room_01/Coffee_room_01/Videos/video (34).avi,fall,le2i:Coffee_room_01:video (34),1,le2i,le2i:Coffee_room_01:video (34),10,26,26,16,10,10,2.5,0,132
/data/final_project_dataset/le2i/Coffee_room_01/Coffee_room_01/Videos/video (34).avi,fall,le2i:Coffee_room_01:video (34),1,le2i,le2i:Coffee_room_01:video (34),12,28,28,16,10,10,2.5,0,132
/data/final_project_dataset/le2i/Coffee_room_01/Coffee_room_01/Videos/video (34).avi,fall,le2i:Coffee_room_01:video (34),1,le2i,le2i:Coffee_room_01:video (34),14,30,30,16,10,10,2.5,0,132
/data/final_project_dataset/le2i/Coffee_room_01/Coffee_room_01/Videos/video (34).avi,fall,le2i:Coffee_room_01:video (34),1,le2i,le2i:Coffee_room_01:video (34),16,32,32,16,10,10,2.5,0,132
/data/final_project_dataset/le2i/Coffee_room_01/Coffee_room_01/Videos/video (34).avi,fall,le2i:Coffee_room_01:video (34),1,le2i,le2i:Coffee_room_01:video (34),18,34,34,16,10,10,2.5,0,132
/data/final_project_dataset/le2i/Coffee_room_01/Coffee_room_01/Videos/video (34).avi,fall,le2i:Coffee_room_01:video (34),1,le2i,le2i:Coffee_room_01:video (34),20,36,36,16,10,10,2.5,0,132
/data/final_project_dataset/le2i/Coffee_room_01/Coffee_room_01/Videos/video (34).avi,fall,le2i:Coffee_room_01:video (34),1,le2i,le2i:Coffee_room_01:video (34),22,38,38,16,10,10,2.5,0,132
/data/final_project_dataset/le2i/Coffee_room_01/Coffee_room_01/Videos/video (34).avi,fall,le2i:Coffee_room_01:video (34),1,le2i,le2i:Coffee_room_01:video (34),24,40,40,16,10,10,2.5,0,132
/data/final_project_dataset/le2i/Coffee_room_01/Coffee_room_01/Videos/video (34).avi,fall,le2i:Coffee_room_01:video (34),1,le2i,le2i:Coffee_room_01:video (34),26,42,42,16,10,10,2.5,0,132
/data/final_project_dataset/le2i/Coffee_room_01/Coffee_room_01/Videos/video (34).avi,fall,le2i:Coffee_room_01:video (34),1,le2i,le2i:Coffee_room_01:video (34),28,44,44,16,10,10,2.5,0,132
/data/final_project_dataset/le2i/Coffee_room_01/Coffee_room_01/Videos/video (34).avi,fall,le2i:Coffee_room_01:video (34),1,le2i,le2i:Coffee_room_01:video (34),30,46,46,16,10,10,2.5,0,132
/data/final_project_dataset/le2i/Coffee_room_01/Coffee_room_01/Videos/video (34).avi,fall,le2i:Coffee_room_01:video (34),1,le2i,le2i:Coffee_room_01:video (34),32,48,48,16,10,10,2.5,0,132
/data/final_project_dataset/le2i/Coffee_room_01/Coffee_room_01/Videos/video (34).avi,fall,le2i:Coffee_room_01:video (34),1,le2i,le2i:Coffee_room_01:video (34),34,50,50,16,10,10,2.5,0,132
/data/final_project_dataset/le2i/Coffee_room_01/Coffee_room_01/Videos/video (34).avi,fall,le2i:Coffee_room_01:video (34),1,le2i,le2i:Coffee_room_01:video (34),36,52,52,16,10,10,2.5,0,132
/data/final_project_dataset/le2i/Coffee_room_01/Coffee_room_01/Videos/video (34).avi,fall,le2i:Coffee_room_01:video (34),1,le2i,le2i:Coffee_room_01:video (34),38,54,54,16,10,10,2.5,0,132
/data/final_project_dataset/le2i/Coffee_room_01/Coffee_room_01/Videos/video (34).avi,fall,le2i:Coffee_room_01:video (34),1,le2i,le2i:Coffee_room_01:video (34),40,56,56,16,10,10,2.5,0,132
/data/final_project_dataset/le2i/Coffee_room_01/Coffee_room_01/Videos/video (34).avi,fall,le2i:Coffee_room_01:video (34),1,le2i,le2i:Coffee_room_01:video (34),42,58,58,16,10,10,2.5,0,132
/data/final_project_dataset/le2i/Coffee_room_01/Coffee_room_01/Videos/video (34).avi,fall,le2i:Coffee_room_01:video (34),1,le2i,le2i:Coffee_room_01:video (34),44,60,60,16,10,10,2.5,0,132
/data/final_project_dataset/le2i/Coffee_room_01/Coffee_room_01/Videos/video (34).avi,fall,le2i:Coffee_room_01:video (34),1,le2i,le2i:Coffee_room_01:video (34),46,62,62,16,10,10,2.5,0,132
/data/final_project_dataset/le2i/Coffee_room_01/Coffee_room_01/Videos/video (34).avi,fall,le2i:Coffee_room_01:video (34),1,le2i,le2i:Coffee_room_01:video (34),48,64,64,16,10,10,2.5,0,132
/data/final_project_dataset/le2i/Coffee_room_01/Coffee_room_01/Videos/video (34).avi,fall,le2i:Coffee_room_01:video (34),1,le2i,le2i:Coffee_room_01:video (34),50,66,66,16,10,10,2.5,0,132
/data/final_project_dataset/le2i/Coffee_room_01/Coffee_room_01/Videos/video (34).avi,fall,le2i:Coffee_room_01:video (34),1,le2i,le2i:Coffee_room_01:video (34),52,68,68,16,10,10,2.5,0,132
/data/final_project_dataset/le2i/Coffee_room_01/Coffee_room_01/Videos/video (34).avi,fall,le2i:Coffee_room_01:video (34),1,le2i,le2i:Coffee_room_01:video (34),54,70,70,16,10,10,2.5,0,132
/data/final_project_dataset/le2i/Coffee_room_01/Coffee_room_01/Videos/video (34).avi,fall,le2i:Coffee_room_01:video (34),1,le2i,le2i:Coffee_room_01:video (34),56,72,72,16,10,10,2.5,0,132
/data/final_project_dataset/le2i/Coffee_room_01/Coffee_room_01/Videos/video (34).avi,fall,le2i:Coffee_room_01:video (34),1,le2i,le2i:Coffee_room_01:video (34),58,74,74,16,10,10,2.5,0,132
/data/final_project_dataset/le2i/Coffee_room_01/Coffee_room_01/Videos/video (34).avi,fall,le2i:Coffee_room_01:video (34),1,le2i,le2i:Coffee_room_01:video (34),60,76,76,16,10,10,2.5,0,132
/data/final_project_dataset/le2i/Coffee_room_01/Coffee_room_01/Videos/video (34).avi,fall,le2i:Coffee_room_01:video (34),1,le2i,le2i:Coffee_room_01:video (34),62,78,78,16,10,10,2.5,0,132
/data/final_project_dataset/le2i/Coffee_room_01/Coffee_room_01/Videos/video (34).avi,fall,le2i:Coffee_room_01:video (34),1,le2i,le2i:Coffee_room_01:video (34),64,80,80,16,10,10,2.5,0,132
/data/final_project_dataset/le2i/Coffee_room_01/Coffee_room_01/Videos/video (34).avi,fall,le2i:Coffee_room_01:video (34),1,le2i,le2i:Coffee_room_01:video (34),66,82,82,16,10,10,2.5,0,132
/data/final_project_dataset/le2i/Coffee_room_01/Coffee_room_01/Videos/video (34).avi,fall,le2i:Coffee_room_01:video (34),1,le2i,le2i:Coffee_room_01:video (34),68,84,84,16,10,10,2.5,0,132
/data/final_project_dataset/le2i/Coffee_room_01/Coffee_room_01/Videos/video (34).avi,fall,le2i:Coffee_room_01:video (34),1,le2i,le2i:Coffee_room_01:video (34),70,86,86,16,10,10,2.5,0,132
/data/final_project_dataset/le2i/Coffee_room_01/Coffee_room_01/Videos/video (34).avi,fall,le2i:Coffee_room_01:video (34),1,le2i,le2i:Coffee_room_01:video (34),72,88,88,16,10,10,2.5,0,132
/data/final_project_dataset/le2i/Coffee_room_01/Coffee_room_01/Videos/video (34).avi,fall,le2i:Coffee_room_01:video (34),1,le2i,le2i:Coffee_room_01:video (34),74,90,90,16,10,10,2.5,0,132
/data/final_project_dataset/le2i/Coffee_room_01/Coffee_room_01/Videos/video (34).avi,fall,le2i:Coffee_room_01:video (34),1,le2i,le2i:Coffee_room_01:video (34),76,92,92,16,10,10,2.5,0,132
/data/final_project_dataset/le2i/Coffee_room_01/Coffee_room_01/Videos/video (34).avi,fall,le2i:Coffee_room_01:video (34),1,le2i,le2i:Coffee_room_01:video (34),78,94,94,16,10,10,2.5,0,132
/data/final_project_dataset/le2i/Coffee_room_01/Coffee_room_01/Videos/video (34).avi,fall,le2i:Coffee_room_01:video (34),1,le2i,le2i:Coffee_room_01:video (34),80,96,96,16,10,10,2.5,0,132
/data/final_project_dataset/le2i/Coffee_room_01/Coffee_room_01/Videos/video (34).avi,fall,le2i:Coffee_room_01:video (34),1,le2i,le2i:Coffee_room_01:video (34),82,98,98,16,10,10,2.5,0,132
/data/final_project_dataset/le2i/Coffee_room_01/Coffee_room_01/Videos/video (34).avi,fall,le2i:Coffee_room_01:video (34),1,le2i,le2i:Coffee_room_01:video (34),84,100,100,16,10,10,2.5,0,132
/data/final_project_dataset/le2i/Coffee_room_01/Coffee_room_01/Videos/video (34).avi,fall,le2i:Coffee_room_01:video (34),1,le2i,le2i:Coffee_room_01:video (34),86,102,102,16,10,10,2.5,0,132
/data/final_project_dataset/le2i/Coffee_room_01/Coffee_room_01/Videos/video (34).avi,fall,le2i:Coffee_room_01:video (34),1,le2i,le2i:Coffee_room_01:video (34),88,104,104,16,10,10,2.5,0,132
/data/final_project_dataset/le2i/Coffee_room_01/Coffee_room_01/Videos/video (34).avi,fall,le2i:Coffee_room_01:video (34),1,le2i,le2i:Coffee_room_01:video (34),90,106,106,16,10,10,2.5,0,132
/data/final_project_dataset/le2i/Coffee_room_01/Coffee_room_01/Videos/video (34).avi,fall,le2i:Coffee_room_01:video (34),1,le2i,le2i:Coffee_room_01:video (34),92,108,108,16,10,10,2.5,0,132
/data/final_project_dataset/le2i/Coffee_room_01/Coffee_room_01/Videos/video (34).avi,fall,le2i:Coffee_room_01:video (34),1,le2i,le2i:Coffee_room_01:video (34),94,110,110,16,10,10,2.5,0,132
/data/final_project_dataset/le2i/Coffee_room_01/Coffee_room_01/Videos/video (34).avi,fall,le2i:Coffee_room_01:video (34),1,le2i,le2i:Coffee_room_01:video (34),96,112,112,16,10,10,2.5,0,132
/data/final_project_dataset/le2i/Coffee_room_01/Coffee_room_01/Videos/video (34).avi,fall,le2i:Coffee_room_01:video (34),1,le2i,le2i:Coffee_room_01:video (34),98,114,114,16,10,10,2.5,0,132
/data/final_project_dataset/le2i/Coffee_room_01/Coffee_room_01/Videos/video (34).avi,fall,le2i:Coffee_room_01:video (34),1,le2i,le2i:Coffee_room_01:video (34),100,116,116,16,10,10,2.5,0,132
/data/final_project_dataset/le2i/Coffee_room_01/Coffee_room_01/Videos/video (34).avi,fall,le2i:Coffee_room_01:video (34),1,le2i,le2i:Coffee_room_01:video (34),102,118,118,16,10,10,2.5,0,132
/data/final_project_dataset/le2i/Coffee_room_01/Coffee_room_01/Videos/video (34).avi,fall,le2i:Coffee_room_01:video (34),1,le2i,le2i:Coffee_room_01:video (34),104,120,120,16,10,10,2.5,0,132
/data/final_project_dataset/le2i/Coffee_room_01/Coffee_room_01/Videos/video (34).avi,fall,le2i:Coffee_room_01:video (34),1,le2i,le2i:Coffee_room_01:video (34),106,122,122,16,10,10,2.5,1,132
/data/final_project_dataset/le2i/Coffee_room_01/Coffee_room_01/Videos/video (34).avi,fall,le2i:Coffee_room_01:video (34),1,le2i,le2i:Coffee_room_01:video (34),108,124,124,16,10,10,2.5,1,132
/data/final_project_dataset/le2i/Coffee_room_01/Coffee_room_01/Videos/video (34).avi,fall,le2i:Coffee_room_01:video (34),1,le2i,le2i:Coffee_room_01:video (34),110,126,126,16,10,10,2.5,1,132
/data/final_project_dataset/le2i/Coffee_room_01/Coffee_room_01/Videos/video (34).avi,fall,le2i:Coffee_room_01:video (34),1,le2i,le2i:Coffee_room_01:video (34),112,128,128,16,10,10,2.5,1,132
/data/final_project_dataset/le2i/Coffee_room_01/Coffee_room_01/Videos/video (34).avi,fall,le2i:Coffee_room_01:video (34),1,le2i,le2i:Coffee_room_01:video (34),114,130,130,16,10,10,2.5,1,132
/data/final_project_dataset/le2i/Coffee_room_01/Coffee_room_01/Videos/video (35).avi,fall,le2i:Coffee_room_01:video (35),1,le2i,le2i:Coffee_room_01:video (35),0,16,16,16,10,10,2.5,0,30
/data/final_project_dataset/le2i/Coffee_room_01/Coffee_room_01/Videos/video (35).avi,fall,le2i:Coffee_room_01:video (35),1,le2i,le2i:Coffee_room_01:video (35),2,18,18,16,10,10,2.5,0,30
/data/final_project_dataset/le2i/Coffee_room_01/Coffee_room_01/Videos/video (35).avi,fall,le2i:Coffee_room_01:video (35),1,le2i,le2i:Coffee_room_01:video (35),4,20,20,16,10,10,2.5,1,30
/data/final_project_dataset/le2i/Coffee_room_01/Coffee_room_01/Videos/video (35).avi,fall,le2i:Coffee_room_01:video (35),1,le2i,le2i:Coffee_room_01:video (35),6,22,22,16,10,10,2.5,1,30
/data/final_project_dataset/le2i/Coffee_room_01/Coffee_room_01/Videos/video (35).avi,fall,le2i:Coffee_room_01:video (35),1,le2i,le2i:Coffee_room_01:video (35),8,24,24,16,10,10,2.5,1,30
/data/final_project_dataset/le2i/Coffee_room_01/Coffee_room_01/Videos/video (35).avi,fall,le2i:Coffee_room_01:video (35),1,le2i,le2i:Coffee_room_01:video (35),10,26,26,16,10,10,2.5,1,30
/data/final_project_dataset/le2i/Coffee_room_01/Coffee_room_01/Videos/video (35).avi,fall,le2i:Coffee_room_01:video (35),1,le2i,le2i:Coffee_room_01:video (35),12,28,28,16,10,10,2.5,1,30
/data/final_project_dataset/le2i/Coffee_room_01/Coffee_room_01/Videos/video (36).avi,fall,le2i:Coffee_room_01:video (36),1,le2i,le2i:Coffee_room_01:video (36),0,16,16,16,10,10,2.5,0,435
/data/final_project_dataset/le2i/Coffee_room_01/Coffee_room_01/Videos/video (36).avi,fall,le2i:Coffee_room_01:video (36),1,le2i,le2i:Coffee_room_01:video (36),2,18,18,16,10,10,2.5,0,435
/data/final_project_dataset/le2i/Coffee_room_01/Coffee_room_01/Videos/video (36).avi,fall,le2i:Coffee_room_01:video (36),1,le2i,le2i:Coffee_room_01:video (36),4,20,20,16,10,10,2.5,0,435
/data/final_project_dataset/le2i/Coffee_room_01/Coffee_room_01/Videos/video (36).avi,fall,le2i:Coffee_room_01:video (36),1,le2i,le2i:Coffee_room_01:video (36),6,22,22,16,10,10,2.5,0,435
/data/final_project_dataset/le2i/Coffee_room_01/Coffee_room_01/Videos/video (36).avi,fall,le2i:Coffee_room_01:video (36),1,le2i,le2i:Coffee_room_01:video (36),8,24,24,16,10,10,2.5,0,435
/data/final_project_dataset/le2i/Coffee_room_01/Coffee_room_01/Videos/video (36).avi,fall,le2i:Coffee_room_01:video (36),1,le2i,le2i:Coffee_room_01:video (36),10,26,26,16,10,10,2.5,0,435
/data/final_project_dataset/le2i/Coffee_room_01/Coffee_room_01/Videos/video (36).avi,fall,le2i:Coffee_room_01:video (36),1,le2i,le2i:Coffee_room_01:video (36),12,28,28,16,10,10,2.5,0,435
/data/final_project_dataset/le2i/Coffee_room_01/Coffee_room_01/Videos/video (36).avi,fall,le2i:Coffee_room_01:video (36),1,le2i,le2i:Coffee_room_01:video (36),14,30,30,16,10,10,2.5,0,435
/data/final_project_dataset/le2i/Coffee_room_01/Coffee_room_01/Videos/video (36).avi,fall,le2i:Coffee_room_01:video (36),1,le2i,le2i:Coffee_room_01:video (36),16,32,32,16,10,10,2.5,0,435
/data/final_project_dataset/le2i/Coffee_room_01/Coffee_room_01/Videos/video (36).avi,fall,le2i:Coffee_room_01:video (36),1,le2i,le2i:Coffee_room_01:video (36),18,34,34,16,10,10,2.5,0,435
/data/final_project_dataset/le2i/Coffee_room_01/Coffee_room_01/Videos/video (36).avi,fall,le2i:Coffee_room_01:video (36),1,le2i,le2i:Coffee_room_01:video (36),20,36,36,16,10,10,2.5,0,435
/data/final_project_dataset/le2i/Coffee_room_01/Coffee_room_01/Videos/video (36).avi,fall,le2i:Coffee_room_01:video (36),1,le2i,le2i:Coffee_room_01:video (36),22,38,38,16,10,10,2.5,0,435
/data/final_project_dataset/le2i/Coffee_room_01/Coffee_room_01/Videos/video (36).avi,fall,le2i:Coffee_room_01:video (36),1,le2i,le2i:Coffee_room_01:video (36),24,40,40,16,10,10,2.5,0,435
/data/final_project_dataset/le2i/Coffee_room_01/Coffee_room_01/Videos/video (36).avi,fall,le2i:Coffee_room_01:video (36),1,le2i,le2i:Coffee_room_01:video (36),26,42,42,16,10,10,2.5,0,435
/data/final_project_dataset/le2i/Coffee_room_01/Coffee_room_01/Videos/video (36).avi,fall,le2i:Coffee_room_01:video (36),1,le2i,le2i:Coffee_room_01:video (36),28,44,44,16,10,10,2.5,0,435
/data/final_project_dataset/le2i/Coffee_room_01/Coffee_room_01/Videos/video (36).avi,fall,le2i:Coffee_room_01:video (36),1,le2i,le2i:Coffee_room_01:video (36),30,46,46,16,10,10,2.5,0,435
/data/final_project_dataset/le2i/Coffee_room_01/Coffee_room_01/Videos/video (36).avi,fall,le2i:Coffee_room_01:video (36),1,le2i,le2i:Coffee_room_01:video (36),32,48,48,16,10,10,2.5,0,435
/data/final_project_dataset/le2i/Coffee_room_01/Coffee_room_01/Videos/video (36).avi,fall,le2i:Coffee_room_01:video (36),1,le2i,le2i:Coffee_room_01:video (36),34,50,50,16,10,10,2.5,0,435
/data/final_project_dataset/le2i/Coffee_room_01/Coffee_room_01/Videos/video (36).avi,fall,le2i:Coffee_room_01:video (36),1,le2i,le2i:Coffee_room_01:video (36),36,52,52,16,10,10,2.5,0,435
/data/final_project_dataset/le2i/Coffee_room_01/Coffee_room_01/Videos/video (36).avi,fall,le2i:Coffee_room_01:video (36),1,le2i,le2i:Coffee_room_01:video (36),38,54,54,16,10,10,2.5,0,435
/data/final_project_dataset/le2i/Coffee_room_01/Coffee_room_01/Videos/video (36).avi,fall,le2i:Coffee_room_01:video (36),1,le2i,le2i:Coffee_room_01:video (36),40,56,56,16,10,10,2.5,0,435
/data/final_project_dataset/le2i/Coffee_room_01/Coffee_room_01/Videos/video (36).avi,fall,le2i:Coffee_room_01:video (36),1,le2i,le2i:Coffee_room_01:video (36),42,58,58,16,10,10,2.5,0,435
/data/final_project_dataset/le2i/Coffee_room_01/Coffee_room_01/Videos/video (36).avi,fall,le2i:Coffee_room_01:video (36),1,le2i,le2i:Coffee_room_01:video (36),44,60,60,16,10,10,2.5,0,435
/data/final_project_dataset/le2i/Coffee_room_01/Coffee_room_01/Videos/video (36).avi,fall,le2i:Coffee_room_01:video (36),1,le2i,le2i:Coffee_room_01:video (36),46,62,62,16,10,10,2.5,0,435
/data/final_project_dataset/le2i/Coffee_room_01/Coffee_room_01/Videos/video (36).avi,fall,le2i:Coffee_room_01:video (36),1,le2i,le2i:Coffee_room_01:video (36),48,64,64,16,10,10,2.5,0,435
/data/final_project_dataset/le2i/Coffee_room_01/Coffee_room_01/Videos/video (36).avi,fall,le2i:Coffee_room_01:video (36),1,le2i,le2i:Coffee_room_01:video (36),50,66,66,16,10,10,2.5,0,435
/data/final_project_dataset/le2i/Coffee_room_01/Coffee_room_01/Videos/video (36).avi,fall,le2i:Coffee_room_01:video (36),1,le2i,le2i:Coffee_room_01:video (36),52,68,68,16,10,10,2.5,0,435
/data/final_project_dataset/le2i/Coffee_room_01/Coffee_room_01/Videos/video (36).avi,fall,le2i:Coffee_room_01:video (36),1,le2i,le2i:Coffee_room_01:video (36),54,70,70,16,10,10,2.5,0,435
/data/final_project_dataset/le2i/Coffee_room_01/Coffee_room_01/Videos/video (36).avi,fall,le2i:Coffee_room_01:video (36),1,le2i,le2i:Coffee_room_01:video (36),56,72,72,16,10,10,2.5,0,435
/data/final_project_dataset/le2i/Coffee_room_01/Coffee_room_01/Videos/video (36).avi,fall,le2i:Coffee_room_01:video (36),1,le2i,le2i:Coffee_room_01:video (36),58,74,74,16,10,10,2.5,0,435
/data/final_project_dataset/le2i/Coffee_room_01/Coffee_room_01/Videos/video (36).avi,fall,le2i:Coffee_room_01:video (36),1,le2i,le2i:Coffee_room_01:video (36),60,76,76,16,10,10,2.5,0,435
/data/final_project_dataset/le2i/Coffee_room_01/Coffee_room_01/Videos/video (36).avi,fall,le2i:Coffee_room_01:video (36),1,le2i,le2i:Coffee_room_01:video (36),62,78,78,16,10,10,2.5,0,435
/data/final_project_dataset/le2i/Coffee_room_01/Coffee_room_01/Videos/video (36).avi,fall,le2i:Coffee_room_01:video (36),1,le2i,le2i:Coffee_room_01:video (36),64,80,80,16,10,10,2.5,0,435
/data/final_project_dataset/le2i/Coffee_room_01/Coffee_room_01/Videos/video (36).avi,fall,le2i:Coffee_room_01:video (36),1,le2i,le2i:Coffee_room_01:video (36),66,82,82,16,10,10,2.5,0,435
/data/final_project_dataset/le2i/Coffee_room_01/Coffee_room_01/Videos/video (36).avi,fall,le2i:Coffee_room_01:video (36),1,le2i,le2i:Coffee_room_01:video (36),68,84,84,16,10,10,2.5,0,435
/data/final_project_dataset/le2i/Coffee_room_01/Coffee_room_01/Videos/video (36).avi,fall,le2i:Coffee_room_01:video (36),1,le2i,le2i:Coffee_room_01:video (36),70,86,86,16,10,10,2.5,0,435
/data/final_project_dataset/le2i/Coffee_room_01/Coffee_room_01/Videos/video (36).avi,fall,le2i:Coffee_room_01:video (36),1,le2i,le2i:Coffee_room_01:video (36),72,88,88,16,10,10,2.5,0,435
/data/final_project_dataset/le2i/Coffee_room_01/Coffee_room_01/Videos/video (36).avi,fall,le2i:Coffee_room_01:video (36),1,le2i,le2i:Coffee_room_01:video (36),74,90,90,16,10,10,2.5,0,435
/data/final_project_dataset/le2i/Coffee_room_01/Coffee_room_01/Videos/video (36).avi,fall,le2i:Coffee_room_01:video (36),1,le2i,le2i:Coffee_room_01:video (36),76,92,92,16,10,10,2.5,0,435
/data/final_project_dataset/le2i/Coffee_room_01/Coffee_room_01/Videos/video (36).avi,fall,le2i:Coffee_room_01:video (36),1,le2i,le2i:Coffee_room_01:video (36),78,94,94,16,10,10,2.5,0,435
/data/final_project_dataset/le2i/Coffee_room_01/Coffee_room_01/Videos/video (36).avi,fall,le2i:Coffee_room_01:video (36),1,le2i,le2i:Coffee_room_01:video (36),80,96,96,16,10,10,2.5,0,435
/data/final_project_dataset/le2i/Coffee_room_01/Coffee_room_01/Videos/video (36).avi,fall,le2i:Coffee_room_01:video (36),1,le2i,le2i:Coffee_room_01:video (36),82,98,98,16,10,10,2.5,0,435
/data/final_project_dataset/le2i/Coffee_room_01/Coffee_room_01/Videos/video (36).avi,fall,le2i:Coffee_room_01:video (36),1,le2i,le2i:Coffee_room_01:video (36),84,100,100,16,10,10,2.5,0,435
/data/final_project_dataset/le2i/Coffee_room_01/Coffee_room_01/Videos/video (36).avi,fall,le2i:Coffee_room_01:video (36),1,le2i,le2i:Coffee_room_01:video (36),86,102,102,16,10,10,2.5,0,435
/data/final_project_dataset/le2i/Coffee_room_01/Coffee_room_01/Videos/video (36).avi,fall,le2i:Coffee_room_01:video (36),1,le2i,le2i:Coffee_room_01:video (36),88,104,104,16,10,10,2.5,0,435
/data/final_project_dataset/le2i/Coffee_room_01/Coffee_room_01/Videos/video (36).avi,fall,le2i:Coffee_room_01:video (36),1,le2i,le2i:Coffee_room_01:video (36),90,106,106,16,10,10,2.5,0,435
/data/final_project_dataset/le2i/Coffee_room_01/Coffee_room_01/Videos/video (36).avi,fall,le2i:Coffee_room_01:video (36),1,le2i,le2i:Coffee_room_01:video (36),92,108,108,16,10,10,2.5,0,435
/data/final_project_dataset/le2i/Coffee_room_01/Coffee_room_01/Videos/video (36).avi,fall,le2i:Coffee_room_01:video (36),1,le2i,le2i:Coffee_room_01:video (36),94,110,110,16,10,10,2.5,0,435
/data/final_project_dataset/le2i/Coffee_room_01/Coffee_room_01/Videos/video (36).avi,fall,le2i:Coffee_room_01:video (36),1,le2i,le2i:Coffee_room_01:video (36),96,112,112,16,10,10,2.5,0,435
/data/final_project_dataset/le2i/Coffee_room_01/Coffee_room_01/Videos/video (36).avi,fall,le2i:Coffee_room_01:video (36),1,le2i,le2i:Coffee_room_01:video (36),98,114,114,16,10,10,2.5,0,435
/data/final_project_dataset/le2i/Coffee_room_01/Coffee_room_01/Videos/video (36).avi,fall,le2i:Coffee_room_01:video (36),1,le2i,le2i:Coffee_room_01:video (36),100,116,116,16,10,10,2.5,0,435
/data/final_project_dataset/le2i/Coffee_room_01/Coffee_room_01/Videos/video (36).avi,fall,le2i:Coffee_room_01:video (36),1,le2i,le2i:Coffee_room_01:video (36),102,118,118,16,10,10,2.5,0,435
/data/final_project_dataset/le2i/Coffee_room_01/Coffee_room_01/Videos/video (36).avi,fall,le2i:Coffee_room_01:video (36),1,le2i,le2i:Coffee_room_01:video (36),104,120,120,16,10,10,2.5,0,435
/data/final_project_dataset/le2i/Coffee_room_01/Coffee_room_01/Videos/video (36).avi,fall,le2i:Coffee_room_01:video (36),1,le2i,le2i:Coffee_room_01:video (36),106,122,122,16,10,10,2.5,0,435
/data/final_project_dataset/le2i/Coffee_room_01/Coffee_room_01/Videos/video (36).avi,fall,le2i:Coffee_room_01:video (36),1,le2i,le2i:Coffee_room_01:video (36),108,124,124,16,10,10,2.5,0,435
/data/final_project_dataset/le2i/Coffee_room_01/Coffee_room_01/Videos/video (36).avi,fall,le2i:Coffee_room_01:video (36),1,le2i,le2i:Coffee_room_01:video (36),110,126,126,16,10,10,2.5,0,435
/data/final_project_dataset/le2i/Coffee_room_01/Coffee_room_01/Videos/video (36).avi,fall,le2i:Coffee_room_01:video (36),1,le2i,le2i:Coffee_room_01:video (36),112,128,128,16,10,10,2.5,0,435
/data/final_project_dataset/le2i/Coffee_room_01/Coffee_room_01/Videos/video (36).avi,fall,le2i:Coffee_room_01:video (36),1,le2i,le2i:Coffee_room_01:video (36),114,130,130,16,10,10,2.5,0,435
/data/final_project_dataset/le2i/Coffee_room_01/Coffee_room_01/Videos/video (36).avi,fall,le2i:Coffee_room_01:video (36),1,le2i,le2i:Coffee_room_01:video (36),116,132,132,16,10,10,2.5,0,435
/data/final_project_dataset/le2i/Coffee_room_01/Coffee_room_01/Videos/video (36).avi,fall,le2i:Coffee_room_01:video (36),1,le2i,le2i:Coffee_room_01:video (36),118,134,134,16,10,10,2.5,0,435
/data/final_project_dataset/le2i/Coffee_room_01/Coffee_room_01/Videos/video (36).avi,fall,le2i:Coffee_room_01:video (36),1,le2i,le2i:Coffee_room_01:video (36),120,136,136,16,10,10,2.5,0,435
/data/final_project_dataset/le2i/Coffee_room_01/Coffee_room_01/Videos/video (36).avi,fall,le2i:Coffee_room_01:video (36),1,le2i,le2i:Coffee_room_01:video (36),122,138,138,16,10,10,2.5,0,435
/data/final_project_dataset/le2i/Coffee_room_01/Coffee_room_01/Videos/video (36).avi,fall,le2i:Coffee_room_01:video (36),1,le2i,le2i:Coffee_room_01:video (36),124,140,140,16,10,10,2.5,0,435
/data/final_project_dataset/le2i/Coffee_room_01/Coffee_room_01/Videos/video (36).avi,fall,le2i:Coffee_room_01:video (36),1,le2i,le2i:Coffee_room_01:video (36),126,142,142,16,10,10,2.5,0,435
/data/final_project_dataset/le2i/Coffee_room_01/Coffee_room_01/Videos/video (36).avi,fall,le2i:Coffee_room_01:video (36),1,le2i,le2i:Coffee_room_01:video (36),128,144,144,16,10,10,2.5,0,435
/data/final_project_dataset/le2i/Coffee_room_01/Coffee_room_01/Videos/video (36).avi,fall,le2i:Coffee_room_01:video (36),1,le2i,le2i:Coffee_room_01:video (36),130,146,146,16,10,10,2.5,0,435
/data/final_project_dataset/le2i/Coffee_room_01/Coffee_room_01/Videos/video (36).avi,fall,le2i:Coffee_room_01:video (36),1,le2i,le2i:Coffee_room_01:video (36),132,148,148,16,10,10,2.5,0,435
/data/final_project_dataset/le2i/Coffee_room_01/Coffee_room_01/Videos/video (36).avi,fall,le2i:Coffee_room_01:video (36),1,le2i,le2i:Coffee_room_01:video (36),134,150,150,16,10,10,2.5,0,435
/data/final_project_dataset/le2i/Coffee_room_01/Coffee_room_01/Videos/video (36).avi,fall,le2i:Coffee_room_01:video (36),1,le2i,le2i:Coffee_room_01:video (36),136,152,152,16,10,10,2.5,0,435
/data/final_project_dataset/le2i/Coffee_room_01/Coffee_room_01/Videos/video (36).avi,fall,le2i:Coffee_room_01:video (36),1,le2i,le2i:Coffee_room_01:video (36),138,154,154,16,10,10,2.5,0,435
/data/final_project_dataset/le2i/Coffee_room_01/Coffee_room_01/Videos/video (36).avi,fall,le2i:Coffee_room_01:video (36),1,le2i,le2i:Coffee_room_01:video (36),140,156,156,16,10,10,2.5,0,435
/data/final_project_dataset/le2i/Coffee_room_01/Coffee_room_01/Videos/video (36).avi,fall,le2i:Coffee_room_01:video (36),1,le2i,le2i:Coffee_room_01:video (36),142,158,158,16,10,10,2.5,0,435
/data/final_project_dataset/le2i/Coffee_room_01/Coffee_room_01/Videos/video (36).avi,fall,le2i:Coffee_room_01:video (36),1,le2i,le2i:Coffee_room_01:video (36),144,160,160,16,10,10,2.5,0,435
/data/final_project_dataset/le2i/Coffee_room_01/Coffee_room_01/Videos/video (36).avi,fall,le2i:Coffee_room_01:video (36),1,le2i,le2i:Coffee_room_01:video (36),146,162,162,16,10,10,2.5,0,435
/data/final_project_dataset/le2i/Coffee_room_01/Coffee_room_01/Videos/video (36).avi,fall,le2i:Coffee_room_01:video (36),1,le2i,le2i:Coffee_room_01:video (36),148,164,164,16,10,10,2.5,0,435
/data/final_project_dataset/le2i/Coffee_room_01/Coffee_room_01/Videos/video (36).avi,fall,le2i:Coffee_room_01:video (36),1,le2i,le2i:Coffee_room_01:video (36),150,166,166,16,10,10,2.5,0,435
/data/final_project_dataset/le2i/Coffee_room_01/Coffee_room_01/Videos/video (36).avi,fall,le2i:Coffee_room_01:video (36),1,le2i,le2i:Coffee_room_01:video (36),152,168,168,16,10,10,2.5,0,435
/data/final_project_dataset/le2i/Coffee_room_01/Coffee_room_01/Videos/video (36).avi,fall,le2i:Coffee_room_01:video (36),1,le2i,le2i:Coffee_room_01:video (36),154,170,170,16,10,10,2.5,0,435
/data/final_project_dataset/le2i/Coffee_room_01/Coffee_room_01/Videos/video (36).avi,fall,le2i:Coffee_room_01:video (36),1,le2i,le2i:Coffee_room_01:video (36),156,172,172,16,10,10,2.5,0,435
/data/final_project_dataset/le2i/Coffee_room_01/Coffee_room_01/Videos/video (36).avi,fall,le2i:Coffee_room_01:video (36),1,le2i,le2i:Coffee_room_01:video (36),158,174,174,16,10,10,2.5,0,435
/data/final_project_dataset/le2i/Coffee_room_01/Coffee_room_01/Videos/video (36).avi,fall,le2i:Coffee_room_01:video (36),1,le2i,le2i:Coffee_room_01:video (36),160,176,176,16,10,10,2.5,0,435
/data/final_project_dataset/le2i/Coffee_room_01/Coffee_room_01/Videos/video (36).avi,fall,le2i:Coffee_room_01:video (36),1,le2i,le2i:Coffee_room_01:video (36),162,178,178,16,10,10,2.5,0,435
/data/final_project_dataset/le2i/Coffee_room_01/Coffee_room_01/Videos/video (36).avi,fall,le2i:Coffee_room_01:video (36),1,le2i,le2i:Coffee_room_01:video (36),164,180,180,16,10,10,2.5,0,435
/data/final_project_dataset/le2i/Coffee_room_01/Coffee_room_01/Videos/video (36).avi,fall,le2i:Coffee_room_01:video (36),1,le2i,le2i:Coffee_room_01:video (36),166,182,182,16,10,10,2.5,0,435
/data/final_project_dataset/le2i/Coffee_room_01/Coffee_room_01/Videos/video (36).avi,fall,le2i:Coffee_room_01:video (36),1,le2i,le2i:Coffee_room_01:video (36),168,184,184,16,10,10,2.5,0,435
/data/final_project_dataset/le2i/Coffee_room_01/Coffee_room_01/Videos/video (36).avi,fall,le2i:Coffee_room_01:video (36),1,le2i,le2i:Coffee_room_01:video (36),170,186,186,16,10,10,2.5,0,435
/data/final_project_dataset/le2i/Coffee_room_01/Coffee_room_01/Videos/video (36).avi,fall,le2i:Coffee_room_01:video (36),1,le2i,le2i:Coffee_room_01:video (36),172,188,188,16,10,10,2.5,0,435
/data/final_project_dataset/le2i/Coffee_room_01/Coffee_room_01/Videos/video (36).avi,fall,le2i:Coffee_room_01:video (36),1,le2i,le2i:Coffee_room_01:video (36),174,190,190,16,10,10,2.5,0,435
/data/final_project_dataset/le2i/Coffee_room_01/Coffee_room_01/Videos/video (36).avi,fall,le2i:Coffee_room_01:video (36),1,le2i,le2i:Coffee_room_01:video (36),176,192,192,16,10,10,2.5,0,435
/data/final_project_dataset/le2i/Coffee_room_01/Coffee_room_01/Videos/video (36).avi,fall,le2i:Coffee_room_01:video (36),1,le2i,le2i:Coffee_room_01:video (36),178,194,194,16,10,10,2.5,0,435
/data/final_project_dataset/le2i/Coffee_room_01/Coffee_room_01/Videos/video (36).avi,fall,le2i:Coffee_room_01:video (36),1,le2i,le2i:Coffee_room_01:video (36),180,196,196,16,10,10,2.5,0,435
/data/final_project_dataset/le2i/Coffee_room_01/Coffee_room_01/Videos/video (36).avi,fall,le2i:Coffee_room_01:video (36),1,le2i,le2i:Coffee_room_01:video (36),182,198,198,16,10,10,2.5,0,435
/data/final_project_dataset/le2i/Coffee_room_01/Coffee_room_01/Videos/video (36).avi,fall,le2i:Coffee_room_01:video (36),1,le2i,le2i:Coffee_room_01:video (36),184,200,200,16,10,10,2.5,0,435
/data/final_project_dataset/le2i/Coffee_room_01/Coffee_room_01/Videos/video (36).avi,fall,le2i:Coffee_room_01:video (36),1,le2i,le2i:Coffee_room_01:video (36),186,202,202,16,10,10,2.5,0,435
/data/final_project_dataset/le2i/Coffee_room_01/Coffee_room_01/Videos/video (36).avi,fall,le2i:Coffee_room_01:video (36),1,le2i,le2i:Coffee_room_01:video (36),188,204,204,16,10,10,2.5,0,435
/data/final_project_dataset/le2i/Coffee_room_01/Coffee_room_01/Videos/video (36).avi,fall,le2i:Coffee_room_01:video (36),1,le2i,le2i:Coffee_room_01:video (36),190,206,206,16,10,10,2.5,0,435
/data/final_project_dataset/le2i/Coffee_room_01/Coffee_room_01/Videos/video (36).avi,fall,le2i:Coffee_room_01:video (36),1,le2i,le2i:Coffee_room_01:video (36),192,208,208,16,10,10,2.5,0,435
/data/final_project_dataset/le2i/Coffee_room_01/Coffee_room_01/Videos/video (36).avi,fall,le2i:Coffee_room_01:video (36),1,le2i,le2i:Coffee_room_01:video (36),194,210,210,16,10,10,2.5,0,435
/data/final_project_dataset/le2i/Coffee_room_01/Coffee_room_01/Videos/video (36).avi,fall,le2i:Coffee_room_01:video (36),1,le2i,le2i:Coffee_room_01:video (36),196,212,212,16,10,10,2.5,0,435
/data/final_project_dataset/le2i/Coffee_room_01/Coffee_room_01/Videos/video (36).avi,fall,le2i:Coffee_room_01:video (36),1,le2i,le2i:Coffee_room_01:video (36),198,214,214,16,10,10,2.5,0,435
/data/final_project_dataset/le2i/Coffee_room_01/Coffee_room_01/Videos/video (36).avi,fall,le2i:Coffee_room_01:video (36),1,le2i,le2i:Coffee_room_01:video (36),200,216,216,16,10,10,2.5,0,435
/data/final_project_dataset/le2i/Coffee_room_01/Coffee_room_01/Videos/video (36).avi,fall,le2i:Coffee_room_01:video (36),1,le2i,le2i:Coffee_room_01:video (36),202,218,218,16,10,10,2.5,0,435
/data/final_project_dataset/le2i/Coffee_room_01/Coffee_room_01/Videos/video (36).avi,fall,le2i:Coffee_room_01:video (36),1,le2i,le2i:Coffee_room_01:video (36),204,220,220,16,10,10,2.5,0,435
/data/final_project_dataset/le2i/Coffee_room_01/Coffee_room_01/Videos/video (36).avi,fall,le2i:Coffee_room_01:video (36),1,le2i,le2i:Coffee_room_01:video (36),206,222,222,16,10,10,2.5,0,435
/data/final_project_dataset/le2i/Coffee_room_01/Coffee_room_01/Videos/video (36).avi,fall,le2i:Coffee_room_01:video (36),1,le2i,le2i:Coffee_room_01:video (36),208,224,224,16,10,10,2.5,0,435
/data/final_project_dataset/le2i/Coffee_room_01/Coffee_room_01/Videos/video (36).avi,fall,le2i:Coffee_room_01:video (36),1,le2i,le2i:Coffee_room_01:video (36),210,226,226,16,10,10,2.5,0,435
/data/final_project_dataset/le2i/Coffee_room_01/Coffee_room_01/Videos/video (36).avi,fall,le2i:Coffee_room_01:video (36),1,le2i,le2i:Coffee_room_01:video (36),212,228,228,16,10,10,2.5,0,435
/data/final_project_dataset/le2i/Coffee_room_01/Coffee_room_01/Videos/video (36).avi,fall,le2i:Coffee_room_01:video (36),1,le2i,le2i:Coffee_room_01:video (36),214,230,230,16,10,10,2.5,0,435
/data/final_project_dataset/le2i/Coffee_room_01/Coffee_room_01/Videos/video (36).avi,fall,le2i:Coffee_room_01:video (36),1,le2i,le2i:Coffee_room_01:video (36),216,232,232,16,10,10,2.5,0,435
/data/final_project_dataset/le2i/Coffee_room_01/Coffee_room_01/Videos/video (36).avi,fall,le2i:Coffee_room_01:video (36),1,le2i,le2i:Coffee_room_01:video (36),218,234,234,16,10,10,2.5,0,435
/data/final_project_dataset/le2i/Coffee_room_01/Coffee_room_01/Videos/video (36).avi,fall,le2i:Coffee_room_01:video (36),1,le2i,le2i:Coffee_room_01:video (36),220,236,236,16,10,10,2.5,0,435
/data/final_project_dataset/le2i/Coffee_room_01/Coffee_room_01/Videos/video (36).avi,fall,le2i:Coffee_room_01:video (36),1,le2i,le2i:Coffee_room_01:video (36),222,238,238,16,10,10,2.5,0,435
/data/final_project_dataset/le2i/Coffee_room_01/Coffee_room_01/Videos/video (36).avi,fall,le2i:Coffee_room_01:video (36),1,le2i,le2i:Coffee_room_01:video (36),224,240,240,16,10,10,2.5,0,435
/data/final_project_dataset/le2i/Coffee_room_01/Coffee_room_01/Videos/video (36).avi,fall,le2i:Coffee_room_01:video (36),1,le2i,le2i:Coffee_room_01:video (36),226,242,242,16,10,10,2.5,0,435
/data/final_project_dataset/le2i/Coffee_room_01/Coffee_room_01/Videos/video (36).avi,fall,le2i:Coffee_room_01:video (36),1,le2i,le2i:Coffee_room_01:video (36),228,244,244,16,10,10,2.5,0,435
/data/final_project_dataset/le2i/Coffee_room_01/Coffee_room_01/Videos/video (36).avi,fall,le2i:Coffee_room_01:video (36),1,le2i,le2i:Coffee_room_01:video (36),230,246,246,16,10,10,2.5,0,435
/data/final_project_dataset/le2i/Coffee_room_01/Coffee_room_01/Videos/video (36).avi,fall,le2i:Coffee_room_01:video (36),1,le2i,le2i:Coffee_room_01:video (36),232,248,248,16,10,10,2.5,0,435
/data/final_project_dataset/le2i/Coffee_room_01/Coffee_room_01/Videos/video (36).avi,fall,le2i:Coffee_room_01:video (36),1,le2i,le2i:Coffee_room_01:video (36),234,250,250,16,10,10,2.5,0,435
/data/final_project_dataset/le2i/Coffee_room_01/Coffee_room_01/Videos/video (36).avi,fall,le2i:Coffee_room_01:video (36),1,le2i,le2i:Coffee_room_01:video (36),236,252,252,16,10,10,2.5,0,435
/data/final_project_dataset/le2i/Coffee_room_01/Coffee_room_01/Videos/video (36).avi,fall,le2i:Coffee_room_01:video (36),1,le2i,le2i:Coffee_room_01:video (36),238,254,254,16,10,10,2.5,0,435
/data/final_project_dataset/le2i/Coffee_room_01/Coffee_room_01/Videos/video (36).avi,fall,le2i:Coffee_room_01:video (36),1,le2i,le2i:Coffee_room_01:video (36),240,256,256,16,10,10,2.5,0,435
/data/final_project_dataset/le2i/Coffee_room_01/Coffee_room_01/Videos/video (36).avi,fall,le2i:Coffee_room_01:video (36),1,le2i,le2i:Coffee_room_01:video (36),242,258,258,16,10,10,2.5,0,435
/data/final_project_dataset/le2i/Coffee_room_01/Coffee_room_01/Videos/video (36).avi,fall,le2i:Coffee_room_01:video (36),1,le2i,le2i:Coffee_room_01:video (36),244,260,260,16,10,10,2.5,0,435
/data/final_project_dataset/le2i/Coffee_room_01/Coffee_room_01/Videos/video (36).avi,fall,le2i:Coffee_room_01:video (36),1,le2i,le2i:Coffee_room_01:video (36),246,262,262,16,10,10,2.5,0,435
/data/final_project_dataset/le2i/Coffee_room_01/Coffee_room_01/Videos/video (36).avi,fall,le2i:Coffee_room_01:video (36),1,le2i,le2i:Coffee_room_01:video (36),248,264,264,16,10,10,2.5,0,435
/data/final_project_dataset/le2i/Coffee_room_01/Coffee_room_01/Videos/video (36).avi,fall,le2i:Coffee_room_01:video (36),1,le2i,le2i:Coffee_room_01:video (36),250,266,266,16,10,10,2.5,0,435
/data/final_project_dataset/le2i/Coffee_room_01/Coffee_room_01/Videos/video (36).avi,fall,le2i:Coffee_room_01:video (36),1,le2i,le2i:Coffee_room_01:video (36),252,268,268,16,10,10,2.5,0,435
/data/final_project_dataset/le2i/Coffee_room_01/Coffee_room_01/Videos/video (36).avi,fall,le2i:Coffee_room_01:video (36),1,le2i,le2i:Coffee_room_01:video (36),254,270,270,16,10,10,2.5,0,435
/data/final_project_dataset/le2i/Coffee_room_01/Coffee_room_01/Videos/video (36).avi,fall,le2i:Coffee_room_01:video (36),1,le2i,le2i:Coffee_room_01:video (36),256,272,272,16,10,10,2.5,0,435
/data/final_project_dataset/le2i/Coffee_room_01/Coffee_room_01/Videos/video (36).avi,fall,le2i:Coffee_room_01:video (36),1,le2i,le2i:Coffee_room_01:video (36),258,274,274,16,10,10,2.5,0,435
/data/final_project_dataset/le2i/Coffee_room_01/Coffee_room_01/Videos/video (36).avi,fall,le2i:Coffee_room_01:video (36),1,le2i,le2i:Coffee_room_01:video (36),260,276,276,16,10,10,2.5,0,435
/data/final_project_dataset/le2i/Coffee_room_01/Coffee_room_01/Videos/video (36).avi,fall,le2i:Coffee_room_01:video (36),1,le2i,le2i:Coffee_room_01:video (36),262,278,278,16,10,10,2.5,0,435
/data/final_project_dataset/le2i/Coffee_room_01/Coffee_room_01/Videos/video (36).avi,fall,le2i:Coffee_room_01:video (36),1,le2i,le2i:Coffee_room_01:video (36),264,280,280,16,10,10,2.5,0,435
/data/final_project_dataset/le2i/Coffee_room_01/Coffee_room_01/Videos/video (36).avi,fall,le2i:Coffee_room_01:video (36),1,le2i,le2i:Coffee_room_01:video (36),266,282,282,16,10,10,2.5,0,435
/data/final_project_dataset/le2i/Coffee_room_01/Coffee_room_01/Videos/video (36).avi,fall,le2i:Coffee_room_01:video (36),1,le2i,le2i:Coffee_room_01:video (36),268,284,284,16,10,10,2.5,0,435
/data/final_project_dataset/le2i/Coffee_room_01/Coffee_room_01/Videos/video (36).avi,fall,le2i:Coffee_room_01:video (36),1,le2i,le2i:Coffee_room_01:video (36),270,286,286,16,10,10,2.5,0,435
/data/final_project_dataset/le2i/Coffee_room_01/Coffee_room_01/Videos/video (36).avi,fall,le2i:Coffee_room_01:video (36),1,le2i,le2i:Coffee_room_01:video (36),272,288,288,16,10,10,2.5,0,435
/data/final_project_dataset/le2i/Coffee_room_01/Coffee_room_01/Videos/video (36).avi,fall,le2i:Coffee_room_01:video (36),1,le2i,le2i:Coffee_room_01:video (36),274,290,290,16,10,10,2.5,0,435
/data/final_project_dataset/le2i/Coffee_room_01/Coffee_room_01/Videos/video (36).avi,fall,le2i:Coffee_room_01:video (36),1,le2i,le2i:Coffee_room_01:video (36),276,292,292,16,10,10,2.5,0,435
/data/final_project_dataset/le2i/Coffee_room_01/Coffee_room_01/Videos/video (36).avi,fall,le2i:Coffee_room_01:video (36),1,le2i,le2i:Coffee_room_01:video (36),278,294,294,16,10,10,2.5,0,435
/data/final_project_dataset/le2i/Coffee_room_01/Coffee_room_01/Videos/video (36).avi,fall,le2i:Coffee_room_01:video (36),1,le2i,le2i:Coffee_room_01:video (36),280,296,296,16,10,10,2.5,0,435
/data/final_project_dataset/le2i/Coffee_room_01/Coffee_room_01/Videos/video (36).avi,fall,le2i:Coffee_room_01:video (36),1,le2i,le2i:Coffee_room_01:video (36),282,298,298,16,10,10,2.5,0,435
/data/final_project_dataset/le2i/Coffee_room_01/Coffee_room_01/Videos/video (36).avi,fall,le2i:Coffee_room_01:video (36),1,le2i,le2i:Coffee_room_01:video (36),284,300,300,16,10,10,2.5,0,435
/data/final_project_dataset/le2i/Coffee_room_01/Coffee_room_01/Videos/video (36).avi,fall,le2i:Coffee_room_01:video (36),1,le2i,le2i:Coffee_room_01:video (36),286,302,302,16,10,10,2.5,0,435
/data/final_project_dataset/le2i/Coffee_room_01/Coffee_room_01/Videos/video (36).avi,fall,le2i:Coffee_room_01:video (36),1,le2i,le2i:Coffee_room_01:video (36),288,304,304,16,10,10,2.5,0,435
/data/final_project_dataset/le2i/Coffee_room_01/Coffee_room_01/Videos/video (36).avi,fall,le2i:Coffee_room_01:video (36),1,le2i,le2i:Coffee_room_01:video (36),290,306,306,16,10,10,2.5,0,435
/data/final_project_dataset/le2i/Coffee_room_01/Coffee_room_01/Videos/video (36).avi,fall,le2i:Coffee_room_01:video (36),1,le2i,le2i:Coffee_room_01:video (36),292,308,308,16,10,10,2.5,0,435
/data/final_project_dataset/le2i/Coffee_room_01/Coffee_room_01/Videos/video (36).avi,fall,le2i:Coffee_room_01:video (36),1,le2i,le2i:Coffee_room_01:video (36),294,310,310,16,10,10,2.5,0,435
/data/final_project_dataset/le2i/Coffee_room_01/Coffee_room_01/Videos/video (36).avi,fall,le2i:Coffee_room_01:video (36),1,le2i,le2i:Coffee_room_01:video (36),296,312,312,16,10,10,2.5,0,435
/data/final_project_dataset/le2i/Coffee_room_01/Coffee_room_01/Videos/video (36).avi,fall,le2i:Coffee_room_01:video (36),1,le2i,le2i:Coffee_room_01:video (36),298,314,314,16,10,10,2.5,0,435
/data/final_project_dataset/le2i/Coffee_room_01/Coffee_room_01/Videos/video (36).avi,fall,le2i:Coffee_room_01:video (36),1,le2i,le2i:Coffee_room_01:video (36),300,316,316,16,10,10,2.5,0,435
/data/final_project_dataset/le2i/Coffee_room_01/Coffee_room_01/Videos/video (36).avi,fall,le2i:Coffee_room_01:video (36),1,le2i,le2i:Coffee_room_01:video (36),302,318,318,16,10,10,2.5,0,435
/data/final_project_dataset/le2i/Coffee_room_01/Coffee_room_01/Videos/video (36).avi,fall,le2i:Coffee_room_01:video (36),1,le2i,le2i:Coffee_room_01:video (36),304,320,320,16,10,10,2.5,0,435
/data/final_project_dataset/le2i/Coffee_room_01/Coffee_room_01/Videos/video (36).avi,fall,le2i:Coffee_room_01:video (36),1,le2i,le2i:Coffee_room_01:video (36),306,322,322,16,10,10,2.5,0,435
/data/final_project_dataset/le2i/Coffee_room_01/Coffee_room_01/Videos/video (36).avi,fall,le2i:Coffee_room_01:video (36),1,le2i,le2i:Coffee_room_01:video (36),308,324,324,16,10,10,2.5,0,435
/data/final_project_dataset/le2i/Coffee_room_01/Coffee_room_01/Videos/video (36).avi,fall,le2i:Coffee_room_01:video (36),1,le2i,le2i:Coffee_room_01:video (36),310,326,326,16,10,10,2.5,0,435
/data/final_project_dataset/le2i/Coffee_room_01/Coffee_room_01/Videos/video (36).avi,fall,le2i:Coffee_room_01:video (36),1,le2i,le2i:Coffee_room_01:video (36),312,328,328,16,10,10,2.5,0,435
/data/final_project_dataset/le2i/Coffee_room_01/Coffee_room_01/Videos/video (36).avi,fall,le2i:Coffee_room_01:video (36),1,le2i,le2i:Coffee_room_01:video (36),314,330,330,16,10,10,2.5,0,435
/data/final_project_dataset/le2i/Coffee_room_01/Coffee_room_01/Videos/video (36).avi,fall,le2i:Coffee_room_01:video (36),1,le2i,le2i:Coffee_room_01:video (36),316,332,332,16,10,10,2.5,0,435
/data/final_project_dataset/le2i/Coffee_room_01/Coffee_room_01/Videos/video (36).avi,fall,le2i:Coffee_room_01:video (36),1,le2i,le2i:Coffee_room_01:video (36),318,334,334,16,10,10,2.5,0,435
/data/final_project_dataset/le2i/Coffee_room_01/Coffee_room_01/Videos/video (36).avi,fall,le2i:Coffee_room_01:video (36),1,le2i,le2i:Coffee_room_01:video (36),320,336,336,16,10,10,2.5,0,435
/data/final_project_dataset/le2i/Coffee_room_01/Coffee_room_01/Videos/video (36).avi,fall,le2i:Coffee_room_01:video (36),1,le2i,le2i:Coffee_room_01:video (36),322,338,338,16,10,10,2.5,0,435
/data/final_project_dataset/le2i/Coffee_room_01/Coffee_room_01/Videos/video (36).avi,fall,le2i:Coffee_room_01:video (36),1,le2i,le2i:Coffee_room_01:video (36),324,340,340,16,10,10,2.5,0,435
/data/final_project_dataset/le2i/Coffee_room_01/Coffee_room_01/Videos/video (36).avi,fall,le2i:Coffee_room_01:video (36),1,le2i,le2i:Coffee_room_01:video (36),326,342,342,16,10,10,2.5,0,435
/data/final_project_dataset/le2i/Coffee_room_01/Coffee_room_01/Videos/video (36).avi,fall,le2i:Coffee_room_01:video (36),1,le2i,le2i:Coffee_room_01:video (36),328,344,344,16,10,10,2.5,0,435
/data/final_project_dataset/le2i/Coffee_room_01/Coffee_room_01/Videos/video (36).avi,fall,le2i:Coffee_room_01:video (36),1,le2i,le2i:Coffee_room_01:video (36),330,346,346,16,10,10,2.5,0,435
/data/final_project_dataset/le2i/Coffee_room_01/Coffee_room_01/Videos/video (36).avi,fall,le2i:Coffee_room_01:video (36),1,le2i,le2i:Coffee_room_01:video (36),332,348,348,16,10,10,2.5,0,435
/data/final_project_dataset/le2i/Coffee_room_01/Coffee_room_01/Videos/video (36).avi,fall,le2i:Coffee_room_01:video (36),1,le2i,le2i:Coffee_room_01:video (36),334,350,350,16,10,10,2.5,0,435
/data/final_project_dataset/le2i/Coffee_room_01/Coffee_room_01/Videos/video (36).avi,fall,le2i:Coffee_room_01:video (36),1,le2i,le2i:Coffee_room_01:video (36),336,352,352,16,10,10,2.5,0,435
/data/final_project_dataset/le2i/Coffee_room_01/Coffee_room_01/Videos/video (36).avi,fall,le2i:Coffee_room_01:video (36),1,le2i,le2i:Coffee_room_01:video (36),338,354,354,16,10,10,2.5,0,435
/data/final_project_dataset/le2i/Coffee_room_01/Coffee_room_01/Videos/video (36).avi,fall,le2i:Coffee_room_01:video (36),1,le2i,le2i:Coffee_room_01:video (36),340,356,356,16,10,10,2.5,0,435
/data/final_project_dataset/le2i/Coffee_room_01/Coffee_room_01/Videos/video (36).avi,fall,le2i:Coffee_room_01:video (36),1,le2i,le2i:Coffee_room_01:video (36),342,358,358,16,10,10,2.5,0,435
/data/final_project_dataset/le2i/Coffee_room_01/Coffee_room_01/Videos/video (36).avi,fall,le2i:Coffee_room_01:video (36),1,le2i,le2i:Coffee_room_01:video (36),344,360,360,16,10,10,2.5,0,435
/data/final_project_dataset/le2i/Coffee_room_01/Coffee_room_01/Videos/video (36).avi,fall,le2i:Coffee_room_01:video (36),1,le2i,le2i:Coffee_room_01:video (36),346,362,362,16,10,10,2.5,0,435
/data/final_project_dataset/le2i/Coffee_room_01/Coffee_room_01/Videos/video (36).avi,fall,le2i:Coffee_room_01:video (36),1,le2i,le2i:Coffee_room_01:video (36),348,364,364,16,10,10,2.5,0,435
/data/final_project_dataset/le2i/Coffee_room_01/Coffee_room_01/Videos/video (36).avi,fall,le2i:Coffee_room_01:video (36),1,le2i,le2i:Coffee_room_01:video (36),350,366,366,16,10,10,2.5,0,435
/data/final_project_dataset/le2i/Coffee_room_01/Coffee_room_01/Videos/video (36).avi,fall,le2i:Coffee_room_01:video (36),1,le2i,le2i:Coffee_room_01:video (36),352,368,368,16,10,10,2.5,0,435
/data/final_project_dataset/le2i/Coffee_room_01/Coffee_room_01/Videos/video (36).avi,fall,le2i:Coffee_room_01:video (36),1,le2i,le2i:Coffee_room_01:video (36),354,370,370,16,10,10,2.5,0,435
/data/final_project_dataset/le2i/Coffee_room_01/Coffee_room_01/Videos/video (36).avi,fall,le2i:Coffee_room_01:video (36),1,le2i,le2i:Coffee_room_01:video (36),356,372,372,16,10,10,2.5,0,435
/data/final_project_dataset/le2i/Coffee_room_01/Coffee_room_01/Videos/video (36).avi,fall,le2i:Coffee_room_01:video (36),1,le2i,le2i:Coffee_room_01:video (36),358,374,374,16,10,10,2.5,0,435
/data/final_project_dataset/le2i/Coffee_room_01/Coffee_room_01/Videos/video (36).avi,fall,le2i:Coffee_room_01:video (36),1,le2i,le2i:Coffee_room_01:video (36),360,376,376,16,10,10,2.5,0,435
/data/final_project_dataset/le2i/Coffee_room_01/Coffee_room_01/Videos/video (36).avi,fall,le2i:Coffee_room_01:video (36),1,le2i,le2i:Coffee_room_01:video (36),362,378,378,16,10,10,2.5,0,435
/data/final_project_dataset/le2i/Coffee_room_01/Coffee_room_01/Videos/video (36).avi,fall,le2i:Coffee_room_01:video (36),1,le2i,le2i:Coffee_room_01:video (36),364,380,380,16,10,10,2.5,0,435
/data/final_project_dataset/le2i/Coffee_room_01/Coffee_room_01/Videos/video (36).avi,fall,le2i:Coffee_room_01:video (36),1,le2i,le2i:Coffee_room_01:video (36),366,382,382,16,10,10,2.5,0,435
/data/final_project_dataset/le2i/Coffee_room_01/Coffee_room_01/Videos/video (36).avi,fall,le2i:Coffee_room_01:video (36),1,le2i,le2i:Coffee_room_01:video (36),368,384,384,16,10,10,2.5,0,435
/data/final_project_dataset/le2i/Coffee_room_01/Coffee_room_01/Videos/video (36).avi,fall,le2i:Coffee_room_01:video (36),1,le2i,le2i:Coffee_room_01:video (36),370,386,386,16,10,10,2.5,0,435
/data/final_project_dataset/le2i/Coffee_room_01/Coffee_room_01/Videos/video (36).avi,fall,le2i:Coffee_room_01:video (36),1,le2i,le2i:Coffee_room_01:video (36),372,388,388,16,10,10,2.5,0,435
/data/final_project_dataset/le2i/Coffee_room_01/Coffee_room_01/Videos/video (36).avi,fall,le2i:Coffee_room_01:video (36),1,le2i,le2i:Coffee_room_01:video (36),374,390,390,16,10,10,2.5,0,435
/data/final_project_dataset/le2i/Coffee_room_01/Coffee_room_01/Videos/video (36).avi,fall,le2i:Coffee_room_01:video (36),1,le2i,le2i:Coffee_room_01:video (36),376,392,392,16,10,10,2.5,0,435
/data/final_project_dataset/le2i/Coffee_room_01/Coffee_room_01/Videos/video (36).avi,fall,le2i:Coffee_room_01:video (36),1,le2i,le2i:Coffee_room_01:video (36),378,394,394,16,10,10,2.5,0,435
/data/final_project_dataset/le2i/Coffee_room_01/Coffee_room_01/Videos/video (36).avi,fall,le2i:Coffee_room_01:video (36),1,le2i,le2i:Coffee_room_01:video (36),380,396,396,16,10,10,2.5,0,435
/data/final_project_dataset/le2i/Coffee_room_01/Coffee_room_01/Videos/video (36).avi,fall,le2i:Coffee_room_01:video (36),1,le2i,le2i:Coffee_room_01:video (36),382,398,398,16,10,10,2.5,0,435
/data/final_project_dataset/le2i/Coffee_room_01/Coffee_room_01/Videos/video (36).avi,fall,le2i:Coffee_room_01:video (36),1,le2i,le2i:Coffee_room_01:video (36),384,400,400,16,10,10,2.5,0,435
/data/final_project_dataset/le2i/Coffee_room_01/Coffee_room_01/Videos/video (36).avi,fall,le2i:Coffee_room_01:video (36),1,le2i,le2i:Coffee_room_01:video (36),386,402,402,16,10,10,2.5,0,435
/data/final_project_dataset/le2i/Coffee_room_01/Coffee_room_01/Videos/video (36).avi,fall,le2i:Coffee_room_01:video (36),1,le2i,le2i:Coffee_room_01:video (36),388,404,404,16,10,10,2.5,0,435
/data/final_project_dataset/le2i/Coffee_room_01/Coffee_room_01/Videos/video (36).avi,fall,le2i:Coffee_room_01:video (36),1,le2i,le2i:Coffee_room_01:video (36),390,406,406,16,10,10,2.5,0,435
/data/final_project_dataset/le2i/Coffee_room_01/Coffee_room_01/Videos/video (36).avi,fall,le2i:Coffee_room_01:video (36),1,le2i,le2i:Coffee_room_01:video (36),392,408,408,16,10,10,2.5,0,435
/data/final_project_dataset/le2i/Coffee_room_01/Coffee_room_01/Videos/video (36).avi,fall,le2i:Coffee_room_01:video (36),1,le2i,le2i:Coffee_room_01:video (36),394,410,410,16,10,10,2.5,0,435
/data/final_project_dataset/le2i/Coffee_room_01/Coffee_room_01/Videos/video (36).avi,fall,le2i:Coffee_room_01:video (36),1,le2i,le2i:Coffee_room_01:video (36),396,412,412,16,10,10,2.5,0,435
/data/final_project_dataset/le2i/Coffee_room_01/Coffee_room_01/Videos/video (36).avi,fall,le2i:Coffee_room_01:video (36),1,le2i,le2i:Coffee_room_01:video (36),398,414,414,16,10,10,2.5,0,435
/data/final_project_dataset/le2i/Coffee_room_01/Coffee_room_01/Videos/video (36).avi,fall,le2i:Coffee_room_01:video (36),1,le2i,le2i:Coffee_room_01:video (36),400,416,416,16,10,10,2.5,0,435
/data/final_project_dataset/le2i/Coffee_room_01/Coffee_room_01/Videos/video (36).avi,fall,le2i:Coffee_room_01:video (36),1,le2i,le2i:Coffee_room_01:video (36),402,418,418,16,10,10,2.5,0,435
/data/final_project_dataset/le2i/Coffee_room_01/Coffee_room_01/Videos/video (36).avi,fall,le2i:Coffee_room_01:video (36),1,le2i,le2i:Coffee_room_01:video (36),404,420,420,16,10,10,2.5,0,435
/data/final_project_dataset/le2i/Coffee_room_01/Coffee_room_01/Videos/video (36).avi,fall,le2i:Coffee_room_01:video (36),1,le2i,le2i:Coffee_room_01:video (36),406,422,422,16,10,10,2.5,0,435
/data/final_project_dataset/le2i/Coffee_room_01/Coffee_room_01/Videos/video (36).avi,fall,le2i:Coffee_room_01:video (36),1,le2i,le2i:Coffee_room_01:video (36),408,424,424,16,10,10,2.5,0,435
/data/final_project_dataset/le2i/Coffee_room_01/Coffee_room_01/Videos/video (36).avi,fall,le2i:Coffee_room_01:video (36),1,le2i,le2i:Coffee_room_01:video (36),410,426,426,16,10,10,2.5,1,435
/data/final_project_dataset/le2i/Coffee_room_01/Coffee_room_01/Videos/video (36).avi,fall,le2i:Coffee_room_01:video (36),1,le2i,le2i:Coffee_room_01:video (36),412,428,428,16,10,10,2.5,1,435
/data/final_project_dataset/le2i/Coffee_room_01/Coffee_room_01/Videos/video (36).avi,fall,le2i:Coffee_room_01:video (36),1,le2i,le2i:Coffee_room_01:video (36),414,430,430,16,10,10,2.5,1,435
/data/final_project_dataset/le2i/Coffee_room_01/Coffee_room_01/Videos/video (36).avi,fall,le2i:Coffee_room_01:video (36),1,le2i,le2i:Coffee_room_01:video (36),416,432,432,16,10,10,2.5,1,435
/data/final_project_dataset/le2i/Coffee_room_01/Coffee_room_01/Videos/video (36).avi,fall,le2i:Coffee_room_01:video (36),1,le2i,le2i:Coffee_room_01:video (36),418,434,434,16,10,10,2.5,1,435
/data/final_project_dataset/le2i/Coffee_room_01/Coffee_room_01/Videos/video (37).avi,fall,le2i:Coffee_room_01:video (37),1,le2i,le2i:Coffee_room_01:video (37),0,16,16,16,10,10,2.5,1,23
/data/final_project_dataset/le2i/Coffee_room_01/Coffee_room_01/Videos/video (37).avi,fall,le2i:Coffee_room_01:video (37),1,le2i,le2i:Coffee_room_01:video (37),2,18,18,16,10,10,2.5,1,23
/data/final_project_dataset/le2i/Coffee_room_01/Coffee_room_01/Videos/video (37).avi,fall,le2i:Coffee_room_01:video (37),1,le2i,le2i:Coffee_room_01:video (37),4,20,20,16,10,10,2.5,1,23
/data/final_project_dataset/le2i/Coffee_room_01/Coffee_room_01/Videos/video (37).avi,fall,le2i:Coffee_room_01:video (37),1,le2i,le2i:Coffee_room_01:video (37),6,22,22,16,10,10,2.5,1,23
/data/final_project_dataset/le2i/Coffee_room_01/Coffee_room_01/Videos/video (38).avi,fall,le2i:Coffee_room_01:video (38),1,le2i,le2i:Coffee_room_01:video (38),0,16,16,16,10,10,2.5,0,95
/data/final_project_dataset/le2i/Coffee_room_01/Coffee_room_01/Videos/video (38).avi,fall,le2i:Coffee_room_01:video (38),1,le2i,le2i:Coffee_room_01:video (38),2,18,18,16,10,10,2.5,0,95
/data/final_project_dataset/le2i/Coffee_room_01/Coffee_room_01/Videos/video (38).avi,fall,le2i:Coffee_room_01:video (38),1,le2i,le2i:Coffee_room_01:video (38),4,20,20,16,10,10,2.5,0,95
/data/final_project_dataset/le2i/Coffee_room_01/Coffee_room_01/Videos/video (38).avi,fall,le2i:Coffee_room_01:video (38),1,le2i,le2i:Coffee_room_01:video (38),6,22,22,16,10,10,2.5,0,95
/data/final_project_dataset/le2i/Coffee_room_01/Coffee_room_01/Videos/video (38).avi,fall,le2i:Coffee_room_01:video (38),1,le2i,le2i:Coffee_room_01:video (38),8,24,24,16,10,10,2.5,0,95
/data/final_project_dataset/le2i/Coffee_room_01/Coffee_room_01/Videos/video (38).avi,fall,le2i:Coffee_room_01:video (38),1,le2i,le2i:Coffee_room_01:video (38),10,26,26,16,10,10,2.5,0,95
/data/final_project_dataset/le2i/Coffee_room_01/Coffee_room_01/Videos/video (38).avi,fall,le2i:Coffee_room_01:video (38),1,le2i,le2i:Coffee_room_01:video (38),12,28,28,16,10,10,2.5,0,95
/data/final_project_dataset/le2i/Coffee_room_01/Coffee_room_01/Videos/video (38).avi,fall,le2i:Coffee_room_01:video (38),1,le2i,le2i:Coffee_room_01:video (38),14,30,30,16,10,10,2.5,0,95
/data/final_project_dataset/le2i/Coffee_room_01/Coffee_room_01/Videos/video (38).avi,fall,le2i:Coffee_room_01:video (38),1,le2i,le2i:Coffee_room_01:video (38),16,32,32,16,10,10,2.5,0,95
/data/final_project_dataset/le2i/Coffee_room_01/Coffee_room_01/Videos/video (38).avi,fall,le2i:Coffee_room_01:video (38),1,le2i,le2i:Coffee_room_01:video (38),18,34,34,16,10,10,2.5,0,95
/data/final_project_dataset/le2i/Coffee_room_01/Coffee_room_01/Videos/video (38).avi,fall,le2i:Coffee_room_01:video (38),1,le2i,le2i:Coffee_room_01:video (38),20,36,36,16,10,10,2.5,0,95
/data/final_project_dataset/le2i/Coffee_room_01/Coffee_room_01/Videos/video (38).avi,fall,le2i:Coffee_room_01:video (38),1,le2i,le2i:Coffee_room_01:video (38),22,38,38,16,10,10,2.5,0,95
/data/final_project_dataset/le2i/Coffee_room_01/Coffee_room_01/Videos/video (38).avi,fall,le2i:Coffee_room_01:video (38),1,le2i,le2i:Coffee_room_01:video (38),24,40,40,16,10,10,2.5,0,95
/data/final_project_dataset/le2i/Coffee_room_01/Coffee_room_01/Videos/video (38).avi,fall,le2i:Coffee_room_01:video (38),1,le2i,le2i:Coffee_room_01:video (38),26,42,42,16,10,10,2.5,0,95
/data/final_project_dataset/le2i/Coffee_room_01/Coffee_room_01/Videos/video (38).avi,fall,le2i:Coffee_room_01:video (38),1,le2i,le2i:Coffee_room_01:video (38),28,44,44,16,10,10,2.5,0,95
/data/final_project_dataset/le2i/Coffee_room_01/Coffee_room_01/Videos/video (38).avi,fall,le2i:Coffee_room_01:video (38),1,le2i,le2i:Coffee_room_01:video (38),30,46,46,16,10,10,2.5,0,95
/data/final_project_dataset/le2i/Coffee_room_01/Coffee_room_01/Videos/video (38).avi,fall,le2i:Coffee_room_01:video (38),1,le2i,le2i:Coffee_room_01:video (38),32,48,48,16,10,10,2.5,0,95
/data/final_project_dataset/le2i/Coffee_room_01/Coffee_room_01/Videos/video (38).avi,fall,le2i:Coffee_room_01:video (38),1,le2i,le2i:Coffee_room_01:video (38),34,50,50,16,10,10,2.5,0,95
/data/final_project_dataset/le2i/Coffee_room_01/Coffee_room_01/Videos/video (38).avi,fall,le2i:Coffee_room_01:video (38),1,le2i,le2i:Coffee_room_01:video (38),36,52,52,16,10,10,2.5,0,95
/data/final_project_dataset/le2i/Coffee_room_01/Coffee_room_01/Videos/video (38).avi,fall,le2i:Coffee_room_01:video (38),1,le2i,le2i:Coffee_room_01:video (38),38,54,54,16,10,10,2.5,0,95
/data/final_project_dataset/le2i/Coffee_room_01/Coffee_room_01/Videos/video (38).avi,fall,le2i:Coffee_room_01:video (38),1,le2i,le2i:Coffee_room_01:video (38),40,56,56,16,10,10,2.5,0,95
/data/final_project_dataset/le2i/Coffee_room_01/Coffee_room_01/Videos/video (38).avi,fall,le2i:Coffee_room_01:video (38),1,le2i,le2i:Coffee_room_01:video (38),42,58,58,16,10,10,2.5,0,95
/data/final_project_dataset/le2i/Coffee_room_01/Coffee_room_01/Videos/video (38).avi,fall,le2i:Coffee_room_01:video (38),1,le2i,le2i:Coffee_room_01:video (38),44,60,60,16,10,10,2.5,0,95
/data/final_project_dataset/le2i/Coffee_room_01/Coffee_room_01/Videos/video (38).avi,fall,le2i:Coffee_room_01:video (38),1,le2i,le2i:Coffee_room_01:video (38),46,62,62,16,10,10,2.5,0,95
/data/final_project_dataset/le2i/Coffee_room_01/Coffee_room_01/Videos/video (38).avi,fall,le2i:Coffee_room_01:video (38),1,le2i,le2i:Coffee_room_01:video (38),48,64,64,16,10,10,2.5,0,95
/data/final_project_dataset/le2i/Coffee_room_01/Coffee_room_01/Videos/video (38).avi,fall,le2i:Coffee_room_01:video (38),1,le2i,le2i:Coffee_room_01:video (38),50,66,66,16,10,10,2.5,0,95
/data/final_project_dataset/le2i/Coffee_room_01/Coffee_room_01/Videos/video (38).avi,fall,le2i:Coffee_room_01:video (38),1,le2i,le2i:Coffee_room_01:video (38),52,68,68,16,10,10,2.5,0,95
/data/final_project_dataset/le2i/Coffee_room_01/Coffee_room_01/Videos/video (38).avi,fall,le2i:Coffee_room_01:video (38),1,le2i,le2i:Coffee_room_01:video (38),54,70,70,16,10,10,2.5,0,95
/data/final_project_dataset/le2i/Coffee_room_01/Coffee_room_01/Videos/video (38).avi,fall,le2i:Coffee_room_01:video (38),1,le2i,le2i:Coffee_room_01:video (38),56,72,72,16,10,10,2.5,0,95
/data/final_project_dataset/le2i/Coffee_room_01/Coffee_room_01/Videos/video (38).avi,fall,le2i:Coffee_room_01:video (38),1,le2i,le2i:Coffee_room_01:video (38),58,74,74,16,10,10,2.5,0,95
/data/final_project_dataset/le2i/Coffee_room_01/Coffee_room_01/Videos/video (38).avi,fall,le2i:Coffee_room_01:video (38),1,le2i,le2i:Coffee_room_01:video (38),60,76,76,16,10,10,2.5,0,95
/data/final_project_dataset/le2i/Coffee_room_01/Coffee_room_01/Videos/video (38).avi,fall,le2i:Coffee_room_01:video (38),1,le2i,le2i:Coffee_room_01:video (38),62,78,78,16,10,10,2.5,0,95
/data/final_project_dataset/le2i/Coffee_room_01/Coffee_room_01/Videos/video (38).avi,fall,le2i:Coffee_room_01:video (38),1,le2i,le2i:Coffee_room_01:video (38),64,80,80,16,10,10,2.5,0,95
/data/final_project_dataset/le2i/Coffee_room_01/Coffee_room_01/Videos/video (38).avi,fall,le2i:Coffee_room_01:video (38),1,le2i,le2i:Coffee_room_01:video (38),66,82,82,16,10,10,2.5,0,95
/data/final_project_dataset/le2i/Coffee_room_01/Coffee_room_01/Videos/video (38).avi,fall,le2i:Coffee_room_01:video (38),1,le2i,le2i:Coffee_room_01:video (38),68,84,84,16,10,10,2.5,0,95
/data/final_project_dataset/le2i/Coffee_room_01/Coffee_room_01/Videos/video (38).avi,fall,le2i:Coffee_room_01:video (38),1,le2i,le2i:Coffee_room_01:video (38),70,86,86,16,10,10,2.5,1,95
/data/final_project_dataset/le2i/Coffee_room_01/Coffee_room_01/Videos/video (38).avi,fall,le2i:Coffee_room_01:video (38),1,le2i,le2i:Coffee_room_01:video (38),72,88,88,16,10,10,2.5,1,95
/data/final_project_dataset/le2i/Coffee_room_01/Coffee_room_01/Videos/video (38).avi,fall,le2i:Coffee_room_01:video (38),1,le2i,le2i:Coffee_room_01:video (38),74,90,90,16,10,10,2.5,1,95
/data/final_project_dataset/le2i/Coffee_room_01/Coffee_room_01/Videos/video (38).avi,fall,le2i:Coffee_room_01:video (38),1,le2i,le2i:Coffee_room_01:video (38),76,92,92,16,10,10,2.5,1,95
/data/final_project_dataset/le2i/Coffee_room_01/Coffee_room_01/Videos/video (38).avi,fall,le2i:Coffee_room_01:video (38),1,le2i,le2i:Coffee_room_01:video (38),78,94,94,16,10,10,2.5,1,95
/data/final_project_dataset/le2i/Coffee_room_01/Coffee_room_01/Videos/video (39).avi,fall,le2i:Coffee_room_01:video (39),1,le2i,le2i:Coffee_room_01:video (39),0,16,16,16,10,10,2.5,1,20
/data/final_project_dataset/le2i/Coffee_room_01/Coffee_room_01/Videos/video (39).avi,fall,le2i:Coffee_room_01:video (39),1,le2i,le2i:Coffee_room_01:video (39),2,18,18,16,10,10,2.5,1,20
/data/final_project_dataset/le2i/Coffee_room_01/Coffee_room_01/Videos/video (4).avi,fall,le2i:Coffee_room_01:video (4),1,le2i,le2i:Coffee_room_01:video (4),0,16,16,16,10,10,2.5,0,49
/data/final_project_dataset/le2i/Coffee_room_01/Coffee_room_01/Videos/video (4).avi,fall,le2i:Coffee_room_01:video (4),1,le2i,le2i:Coffee_room_01:video (4),2,18,18,16,10,10,2.5,0,49
/data/final_project_dataset/le2i/Coffee_room_01/Coffee_room_01/Videos/video (4).avi,fall,le2i:Coffee_room_01:video (4),1,le2i,le2i:Coffee_room_01:video (4),4,20,20,16,10,10,2.5,0,49
/data/final_project_dataset/le2i/Coffee_room_01/Coffee_room_01/Videos/video (4).avi,fall,le2i:Coffee_room_01:video (4),1,le2i,le2i:Coffee_room_01:video (4),6,22,22,16,10,10,2.5,0,49
/data/final_project_dataset/le2i/Coffee_room_01/Coffee_room_01/Videos/video (4).avi,fall,le2i:Coffee_room_01:video (4),1,le2i,le2i:Coffee_room_01:video (4),8,24,24,16,10,10,2.5,0,49
/data/final_project_dataset/le2i/Coffee_room_01/Coffee_room_01/Videos/video (4).avi,fall,le2i:Coffee_room_01:video (4),1,le2i,le2i:Coffee_room_01:video (4),10,26,26,16,10,10,2.5,0,49
/data/final_project_dataset/le2i/Coffee_room_01/Coffee_room_01/Videos/video (4).avi,fall,le2i:Coffee_room_01:video (4),1,le2i,le2i:Coffee_room_01:video (4),12,28,28,16,10,10,2.5,0,49
/data/final_project_dataset/le2i/Coffee_room_01/Coffee_room_01/Videos/video (4).avi,fall,le2i:Coffee_room_01:video (4),1,le2i,le2i:Coffee_room_01:video (4),14,30,30,16,10,10,2.5,0,49
/data/final_project_dataset/le2i/Coffee_room_01/Coffee_room_01/Videos/video (4).avi,fall,le2i:Coffee_room_01:video (4),1,le2i,le2i:Coffee_room_01:video (4),16,32,32,16,10,10,2.5,0,49
/data/final_project_dataset/le2i/Coffee_room_01/Coffee_room_01/Videos/video (4).avi,fall,le2i:Coffee_room_01:video (4),1,le2i,le2i:Coffee_room_01:video (4),18,34,34,16,10,10,2.5,0,49
/data/final_project_dataset/le2i/Coffee_room_01/Coffee_room_01/Videos/video (4).avi,fall,le2i:Coffee_room_01:video (4),1,le2i,le2i:Coffee_room_01:video (4),20,36,36,16,10,10,2.5,0,49
/data/final_project_dataset/le2i/Coffee_room_01/Coffee_room_01/Videos/video (4).avi,fall,le2i:Coffee_room_01:video (4),1,le2i,le2i:Coffee_room_01:video (4),22,38,38,16,10,10,2.5,0,49
/data/final_project_dataset/le2i/Coffee_room_01/Coffee_room_01/Videos/video (4).avi,fall,le2i:Coffee_room_01:video (4),1,le2i,le2i:Coffee_room_01:video (4),24,40,40,16,10,10,2.5,1,49
/data/final_project_dataset/le2i/Coffee_room_01/Coffee_room_01/Videos/video (4).avi,fall,le2i:Coffee_room_01:video (4),1,le2i,le2i:Coffee_room_01:video (4),26,42,42,16,10,10,2.5,1,49
/data/final_project_dataset/le2i/Coffee_room_01/Coffee_room_01/Videos/video (4).avi,fall,le2i:Coffee_room_01:video (4),1,le2i,le2i:Coffee_room_01:video (4),28,44,44,16,10,10,2.5,1,49
/data/final_project_dataset/le2i/Coffee_room_01/Coffee_room_01/Videos/video (4).avi,fall,le2i:Coffee_room_01:video (4),1,le2i,le2i:Coffee_room_01:video (4),30,46,46,16,10,10,2.5,1,49
/data/final_project_dataset/le2i/Coffee_room_01/Coffee_room_01/Videos/video (4).avi,fall,le2i:Coffee_room_01:video (4),1,le2i,le2i:Coffee_room_01:video (4),32,48,48,16,10,10,2.5,1,49
/data/final_project_dataset/le2i/Coffee_room_01/Coffee_room_01/Videos/video (40).avi,fall,le2i:Coffee_room_01:video (40),1,le2i,le2i:Coffee_room_01:video (40),0,16,16,16,10,10,2.5,0,104
/data/final_project_dataset/le2i/Coffee_room_01/Coffee_room_01/Videos/video (40).avi,fall,le2i:Coffee_room_01:video (40),1,le2i,le2i:Coffee_room_01:video (40),2,18,18,16,10,10,2.5,0,104
/data/final_project_dataset/le2i/Coffee_room_01/Coffee_room_01/Videos/video (40).avi,fall,le2i:Coffee_room_01:video (40),1,le2i,le2i:Coffee_room_01:video (40),4,20,20,16,10,10,2.5,0,104
/data/final_project_dataset/le2i/Coffee_room_01/Coffee_room_01/Videos/video (40).avi,fall,le2i:Coffee_room_01:video (40),1,le2i,le2i:Coffee_room_01:video (40),6,22,22,16,10,10,2.5,0,104
/data/final_project_dataset/le2i/Coffee_room_01/Coffee_room_01/Videos/video (40).avi,fall,le2i:Coffee_room_01:video (40),1,le2i,le2i:Coffee_room_01:video (40),8,24,24,16,10,10,2.5,0,104
/data/final_project_dataset/le2i/Coffee_room_01/Coffee_room_01/Videos/video (40).avi,fall,le2i:Coffee_room_01:video (40),1,le2i,le2i:Coffee_room_01:video (40),10,26,26,16,10,10,2.5,0,104
/data/final_project_dataset/le2i/Coffee_room_01/Coffee_room_01/Videos/video (40).avi,fall,le2i:Coffee_room_01:video (40),1,le2i,le2i:Coffee_room_01:video (40),12,28,28,16,10,10,2.5,0,104
/data/final_project_dataset/le2i/Coffee_room_01/Coffee_room_01/Videos/video (40).avi,fall,le2i:Coffee_room_01:video (40),1,le2i,le2i:Coffee_room_01:video (40),14,30,30,16,10,10,2.5,0,104
/data/final_project_dataset/le2i/Coffee_room_01/Coffee_room_01/Videos/video (40).avi,fall,le2i:Coffee_room_01:video (40),1,le2i,le2i:Coffee_room_01:video (40),16,32,32,16,10,10,2.5,0,104
/data/final_project_dataset/le2i/Coffee_room_01/Coffee_room_01/Videos/video (40).avi,fall,le2i:Coffee_room_01:video (40),1,le2i,le2i:Coffee_room_01:video (40),18,34,34,16,10,10,2.5,0,104
/data/final_project_dataset/le2i/Coffee_room_01/Coffee_room_01/Videos/video (40).avi,fall,le2i:Coffee_room_01:video (40),1,le2i,le2i:Coffee_room_01:video (40),20,36,36,16,10,10,2.5,0,104
/data/final_project_dataset/le2i/Coffee_room_01/Coffee_room_01/Videos/video (40).avi,fall,le2i:Coffee_room_01:video (40),1,le2i,le2i:Coffee_room_01:video (40),22,38,38,16,10,10,2.5,0,104
/data/final_project_dataset/le2i/Coffee_room_01/Coffee_room_01/Videos/video (40).avi,fall,le2i:Coffee_room_01:video (40),1,le2i,le2i:Coffee_room_01:video (40),24,40,40,16,10,10,2.5,0,104
/data/final_project_dataset/le2i/Coffee_room_01/Coffee_room_01/Videos/video (40).avi,fall,le2i:Coffee_room_01:video (40),1,le2i,le2i:Coffee_room_01:video (40),26,42,42,16,10,10,2.5,0,104
/data/final_project_dataset/le2i/Coffee_room_01/Coffee_room_01/Videos/video (40).avi,fall,le2i:Coffee_room_01:video (40),1,le2i,le2i:Coffee_room_01:video (40),28,44,44,16,10,10,2.5,0,104
/data/final_project_dataset/le2i/Coffee_room_01/Coffee_room_01/Videos/video (40).avi,fall,le2i:Coffee_room_01:video (40),1,le2i,le2i:Coffee_room_01:video (40),30,46,46,16,10,10,2.5,0,104
/data/final_project_dataset/le2i/Coffee_room_01/Coffee_room_01/Videos/video (40).avi,fall,le2i:Coffee_room_01:video (40),1,le2i,le2i:Coffee_room_01:video (40),32,48,48,16,10,10,2.5,0,104
/data/final_project_dataset/le2i/Coffee_room_01/Coffee_room_01/Videos/video (40).avi,fall,le2i:Coffee_room_01:video (40),1,le2i,le2i:Coffee_room_01:video (40),34,50,50,16,10,10,2.5,0,104
/data/final_project_dataset/le2i/Coffee_room_01/Coffee_room_01/Videos/video (40).avi,fall,le2i:Coffee_room_01:video (40),1,le2i,le2i:Coffee_room_01:video (40),36,52,52,16,10,10,2.5,0,104
/data/final_project_dataset/le2i/Coffee_room_01/Coffee_room_01/Videos/video (40).avi,fall,le2i:Coffee_room_01:video (40),1,le2i,le2i:Coffee_room_01:video (40),38,54,54,16,10,10,2.5,0,104
/data/final_project_dataset/le2i/Coffee_room_01/Coffee_room_01/Videos/video (40).avi,fall,le2i:Coffee_room_01:video (40),1,le2i,le2i:Coffee_room_01:video (40),40,56,56,16,10,10,2.5,0,104
/data/final_project_dataset/le2i/Coffee_room_01/Coffee_room_01/Videos/video (40).avi,fall,le2i:Coffee_room_01:video (40),1,le2i,le2i:Coffee_room_01:video (40),42,58,58,16,10,10,2.5,0,104
/data/final_project_dataset/le2i/Coffee_room_01/Coffee_room_01/Videos/video (40).avi,fall,le2i:Coffee_room_01:video (40),1,le2i,le2i:Coffee_room_01:video (40),44,60,60,16,10,10,2.5,0,104
/data/final_project_dataset/le2i/Coffee_room_01/Coffee_room_01/Videos/video (40).avi,fall,le2i:Coffee_room_01:video (40),1,le2i,le2i:Coffee_room_01:video (40),46,62,62,16,10,10,2.5,0,104
/data/final_project_dataset/le2i/Coffee_room_01/Coffee_room_01/Videos/video (40).avi,fall,le2i:Coffee_room_01:video (40),1,le2i,le2i:Coffee_room_01:video (40),48,64,64,16,10,10,2.5,0,104
/data/final_project_dataset/le2i/Coffee_room_01/Coffee_room_01/Videos/video (40).avi,fall,le2i:Coffee_room_01:video (40),1,le2i,le2i:Coffee_room_01:video (40),50,66,66,16,10,10,2.5,0,104
/data/final_project_dataset/le2i/Coffee_room_01/Coffee_room_01/Videos/video (40).avi,fall,le2i:Coffee_room_01:video (40),1,le2i,le2i:Coffee_room_01:video (40),52,68,68,16,10,10,2.5,0,104
/data/final_project_dataset/le2i/Coffee_room_01/Coffee_room_01/Videos/video (40).avi,fall,le2i:Coffee_room_01:video (40),1,le2i,le2i:Coffee_room_01:video (40),54,70,70,16,10,10,2.5,0,104
/data/final_project_dataset/le2i/Coffee_room_01/Coffee_room_01/Videos/video (40).avi,fall,le2i:Coffee_room_01:video (40),1,le2i,le2i:Coffee_room_01:video (40),56,72,72,16,10,10,2.5,0,104
/data/final_project_dataset/le2i/Coffee_room_01/Coffee_room_01/Videos/video (40).avi,fall,le2i:Coffee_room_01:video (40),1,le2i,le2i:Coffee_room_01:video (40),58,74,74,16,10,10,2.5,0,104
/data/final_project_dataset/le2i/Coffee_room_01/Coffee_room_01/Videos/video (40).avi,fall,le2i:Coffee_room_01:video (40),1,le2i,le2i:Coffee_room_01:video (40),60,76,76,16,10,10,2.5,0,104
/data/final_project_dataset/le2i/Coffee_room_01/Coffee_room_01/Videos/video (40).avi,fall,le2i:Coffee_room_01:video (40),1,le2i,le2i:Coffee_room_01:video (40),62,78,78,16,10,10,2.5,0,104
/data/final_project_dataset/le2i/Coffee_room_01/Coffee_room_01/Videos/video (40).avi,fall,le2i:Coffee_room_01:video (40),1,le2i,le2i:Coffee_room_01:video (40),64,80,80,16,10,10,2.5,0,104
/data/final_project_dataset/le2i/Coffee_room_01/Coffee_room_01/Videos/video (40).avi,fall,le2i:Coffee_room_01:video (40),1,le2i,le2i:Coffee_room_01:video (40),66,82,82,16,10,10,2.5,0,104
/data/final_project_dataset/le2i/Coffee_room_01/Coffee_room_01/Videos/video (40).avi,fall,le2i:Coffee_room_01:video (40),1,le2i,le2i:Coffee_room_01:video (40),68,84,84,16,10,10,2.5,0,104
/data/final_project_dataset/le2i/Coffee_room_01/Coffee_room_01/Videos/video (40).avi,fall,le2i:Coffee_room_01:video (40),1,le2i,le2i:Coffee_room_01:video (40),70,86,86,16,10,10,2.5,0,104
/data/final_project_dataset/le2i/Coffee_room_01/Coffee_room_01/Videos/video (40).avi,fall,le2i:Coffee_room_01:video (40),1,le2i,le2i:Coffee_room_01:video (40),72,88,88,16,10,10,2.5,0,104
/data/final_project_dataset/le2i/Coffee_room_01/Coffee_room_01/Videos/video (40).avi,fall,le2i:Coffee_room_01:video (40),1,le2i,le2i:Coffee_room_01:video (40),74,90,90,16,10,10,2.5,0,104
/data/final_project_dataset/le2i/Coffee_room_01/Coffee_room_01/Videos/video (40).avi,fall,le2i:Coffee_room_01:video (40),1,le2i,le2i:Coffee_room_01:video (40),76,92,92,16,10,10,2.5,0,104
/data/final_project_dataset/le2i/Coffee_room_01/Coffee_room_01/Videos/video (40).avi,fall,le2i:Coffee_room_01:video (40),1,le2i,le2i:Coffee_room_01:video (40),78,94,94,16,10,10,2.5,1,104
/data/final_project_dataset/le2i/Coffee_room_01/Coffee_room_01/Videos/video (40).avi,fall,le2i:Coffee_room_01:video (40),1,le2i,le2i:Coffee_room_01:video (40),80,96,96,16,10,10,2.5,1,104
/data/final_project_dataset/le2i/Coffee_room_01/Coffee_room_01/Videos/video (40).avi,fall,le2i:Coffee_room_01:video (40),1,le2i,le2i:Coffee_room_01:video (40),82,98,98,16,10,10,2.5,1,104
/data/final_project_dataset/le2i/Coffee_room_01/Coffee_room_01/Videos/video (40).avi,fall,le2i:Coffee_room_01:video (40),1,le2i,le2i:Coffee_room_01:video (40),84,100,100,16,10,10,2.5,1,104
/data/final_project_dataset/le2i/Coffee_room_01/Coffee_room_01/Videos/video (40).avi,fall,le2i:Coffee_room_01:video (40),1,le2i,le2i:Coffee_room_01:video (40),86,102,102,16,10,10,2.5,1,104
/data/final_project_dataset/le2i/Coffee_room_01/Coffee_room_01/Videos/video (41).avi,fall,le2i:Coffee_room_01:video (41),1,le2i,le2i:Coffee_room_01:video (41),0,16,16,16,10,10,2.5,0,107
/data/final_project_dataset/le2i/Coffee_room_01/Coffee_room_01/Videos/video (41).avi,fall,le2i:Coffee_room_01:video (41),1,le2i,le2i:Coffee_room_01:video (41),2,18,18,16,10,10,2.5,0,107
/data/final_project_dataset/le2i/Coffee_room_01/Coffee_room_01/Videos/video (41).avi,fall,le2i:Coffee_room_01:video (41),1,le2i,le2i:Coffee_room_01:video (41),4,20,20,16,10,10,2.5,0,107
/data/final_project_dataset/le2i/Coffee_room_01/Coffee_room_01/Videos/video (41).avi,fall,le2i:Coffee_room_01:video (41),1,le2i,le2i:Coffee_room_01:video (41),6,22,22,16,10,10,2.5,0,107
/data/final_project_dataset/le2i/Coffee_room_01/Coffee_room_01/Videos/video (41).avi,fall,le2i:Coffee_room_01:video (41),1,le2i,le2i:Coffee_room_01:video (41),8,24,24,16,10,10,2.5,0,107
/data/final_project_dataset/le2i/Coffee_room_01/Coffee_room_01/Videos/video (41).avi,fall,le2i:Coffee_room_01:video (41),1,le2i,le2i:Coffee_room_01:video (41),10,26,26,16,10,10,2.5,0,107
/data/final_project_dataset/le2i/Coffee_room_01/Coffee_room_01/Videos/video (41).avi,fall,le2i:Coffee_room_01:video (41),1,le2i,le2i:Coffee_room_01:video (41),12,28,28,16,10,10,2.5,0,107
/data/final_project_dataset/le2i/Coffee_room_01/Coffee_room_01/Videos/video (41).avi,fall,le2i:Coffee_room_01:video (41),1,le2i,le2i:Coffee_room_01:video (41),14,30,30,16,10,10,2.5,0,107
/data/final_project_dataset/le2i/Coffee_room_01/Coffee_room_01/Videos/video (41).avi,fall,le2i:Coffee_room_01:video (41),1,le2i,le2i:Coffee_room_01:video (41),16,32,32,16,10,10,2.5,0,107
/data/final_project_dataset/le2i/Coffee_room_01/Coffee_room_01/Videos/video (41).avi,fall,le2i:Coffee_room_01:video (41),1,le2i,le2i:Coffee_room_01:video (41),18,34,34,16,10,10,2.5,0,107
/data/final_project_dataset/le2i/Coffee_room_01/Coffee_room_01/Videos/video (41).avi,fall,le2i:Coffee_room_01:video (41),1,le2i,le2i:Coffee_room_01:video (41),20,36,36,16,10,10,2.5,0,107
/data/final_project_dataset/le2i/Coffee_room_01/Coffee_room_01/Videos/video (41).avi,fall,le2i:Coffee_room_01:video (41),1,le2i,le2i:Coffee_room_01:video (41),22,38,38,16,10,10,2.5,0,107
/data/final_project_dataset/le2i/Coffee_room_01/Coffee_room_01/Videos/video (41).avi,fall,le2i:Coffee_room_01:video (41),1,le2i,le2i:Coffee_room_01:video (41),24,40,40,16,10,10,2.5,0,107
/data/final_project_dataset/le2i/Coffee_room_01/Coffee_room_01/Videos/video (41).avi,fall,le2i:Coffee_room_01:video (41),1,le2i,le2i:Coffee_room_01:video (41),26,42,42,16,10,10,2.5,0,107
/data/final_project_dataset/le2i/Coffee_room_01/Coffee_room_01/Videos/video (41).avi,fall,le2i:Coffee_room_01:video (41),1,le2i,le2i:Coffee_room_01:video (41),28,44,44,16,10,10,2.5,0,107
/data/final_project_dataset/le2i/Coffee_room_01/Coffee_room_01/Videos/video (41).avi,fall,le2i:Coffee_room_01:video (41),1,le2i,le2i:Coffee_room_01:video (41),30,46,46,16,10,10,2.5,0,107
/data/final_project_dataset/le2i/Coffee_room_01/Coffee_room_01/Videos/video (41).avi,fall,le2i:Coffee_room_01:video (41),1,le2i,le2i:Coffee_room_01:video (41),32,48,48,16,10,10,2.5,0,107
/data/final_project_dataset/le2i/Coffee_room_01/Coffee_room_01/Videos/video (41).avi,fall,le2i:Coffee_room_01:video (41),1,le2i,le2i:Coffee_room_01:video (41),34,50,50,16,10,10,2.5,0,107
/data/final_project_dataset/le2i/Coffee_room_01/Coffee_room_01/Videos/video (41).avi,fall,le2i:Coffee_room_01:video (41),1,le2i,le2i:Coffee_room_01:video (41),36,52,52,16,10,10,2.5,0,107
/data/final_project_dataset/le2i/Coffee_room_01/Coffee_room_01/Videos/video (41).avi,fall,le2i:Coffee_room_01:video (41),1,le2i,le2i:Coffee_room_01:video (41),38,54,54,16,10,10,2.5,0,107
/data/final_project_dataset/le2i/Coffee_room_01/Coffee_room_01/Videos/video (41).avi,fall,le2i:Coffee_room_01:video (41),1,le2i,le2i:Coffee_room_01:video (41),40,56,56,16,10,10,2.5,0,107
/data/final_project_dataset/le2i/Coffee_room_01/Coffee_room_01/Videos/video (41).avi,fall,le2i:Coffee_room_01:video (41),1,le2i,le2i:Coffee_room_01:video (41),42,58,58,16,10,10,2.5,0,107
/data/final_project_dataset/le2i/Coffee_room_01/Coffee_room_01/Videos/video (41).avi,fall,le2i:Coffee_room_01:video (41),1,le2i,le2i:Coffee_room_01:video (41),44,60,60,16,10,10,2.5,0,107
/data/final_project_dataset/le2i/Coffee_room_01/Coffee_room_01/Videos/video (41).avi,fall,le2i:Coffee_room_01:video (41),1,le2i,le2i:Coffee_room_01:video (41),46,62,62,16,10,10,2.5,0,107
/data/final_project_dataset/le2i/Coffee_room_01/Coffee_room_01/Videos/video (41).avi,fall,le2i:Coffee_room_01:video (41),1,le2i,le2i:Coffee_room_01:video (41),48,64,64,16,10,10,2.5,0,107
/data/final_project_dataset/le2i/Coffee_room_01/Coffee_room_01/Videos/video (41).avi,fall,le2i:Coffee_room_01:video (41),1,le2i,le2i:Coffee_room_01:video (41),50,66,66,16,10,10,2.5,0,107
/data/final_project_dataset/le2i/Coffee_room_01/Coffee_room_01/Videos/video (41).avi,fall,le2i:Coffee_room_01:video (41),1,le2i,le2i:Coffee_room_01:video (41),52,68,68,16,10,10,2.5,0,107
/data/final_project_dataset/le2i/Coffee_room_01/Coffee_room_01/Videos/video (41).avi,fall,le2i:Coffee_room_01:video (41),1,le2i,le2i:Coffee_room_01:video (41),54,70,70,16,10,10,2.5,0,107
/data/final_project_dataset/le2i/Coffee_room_01/Coffee_room_01/Videos/video (41).avi,fall,le2i:Coffee_room_01:video (41),1,le2i,le2i:Coffee_room_01:video (41),56,72,72,16,10,10,2.5,0,107
/data/final_project_dataset/le2i/Coffee_room_01/Coffee_room_01/Videos/video (41).avi,fall,le2i:Coffee_room_01:video (41),1,le2i,le2i:Coffee_room_01:video (41),58,74,74,16,10,10,2.5,0,107
/data/final_project_dataset/le2i/Coffee_room_01/Coffee_room_01/Videos/video (41).avi,fall,le2i:Coffee_room_01:video (41),1,le2i,le2i:Coffee_room_01:video (41),60,76,76,16,10,10,2.5,0,107
/data/final_project_dataset/le2i/Coffee_room_01/Coffee_room_01/Videos/video (41).avi,fall,le2i:Coffee_room_01:video (41),1,le2i,le2i:Coffee_room_01:video (41),62,78,78,16,10,10,2.5,0,107
/data/final_project_dataset/le2i/Coffee_room_01/Coffee_room_01/Videos/video (41).avi,fall,le2i:Coffee_room_01:video (41),1,le2i,le2i:Coffee_room_01:video (41),64,80,80,16,10,10,2.5,0,107
/data/final_project_dataset/le2i/Coffee_room_01/Coffee_room_01/Videos/video (41).avi,fall,le2i:Coffee_room_01:video (41),1,le2i,le2i:Coffee_room_01:video (41),66,82,82,16,10,10,2.5,0,107
/data/final_project_dataset/le2i/Coffee_room_01/Coffee_room_01/Videos/video (41).avi,fall,le2i:Coffee_room_01:video (41),1,le2i,le2i:Coffee_room_01:video (41),68,84,84,16,10,10,2.5,0,107
/data/final_project_dataset/le2i/Coffee_room_01/Coffee_room_01/Videos/video (41).avi,fall,le2i:Coffee_room_01:video (41),1,le2i,le2i:Coffee_room_01:video (41),70,86,86,16,10,10,2.5,0,107
/data/final_project_dataset/le2i/Coffee_room_01/Coffee_room_01/Videos/video (41).avi,fall,le2i:Coffee_room_01:video (41),1,le2i,le2i:Coffee_room_01:video (41),72,88,88,16,10,10,2.5,0,107
/data/final_project_dataset/le2i/Coffee_room_01/Coffee_room_01/Videos/video (41).avi,fall,le2i:Coffee_room_01:video (41),1,le2i,le2i:Coffee_room_01:video (41),74,90,90,16,10,10,2.5,0,107
/data/final_project_dataset/le2i/Coffee_room_01/Coffee_room_01/Videos/video (41).avi,fall,le2i:Coffee_room_01:video (41),1,le2i,le2i:Coffee_room_01:video (41),76,92,92,16,10,10,2.5,0,107
/data/final_project_dataset/le2i/Coffee_room_01/Coffee_room_01/Videos/video (41).avi,fall,le2i:Coffee_room_01:video (41),1,le2i,le2i:Coffee_room_01:video (41),78,94,94,16,10,10,2.5,0,107
/data/final_project_dataset/le2i/Coffee_room_01/Coffee_room_01/Videos/video (41).avi,fall,le2i:Coffee_room_01:video (41),1,le2i,le2i:Coffee_room_01:video (41),80,96,96,16,10,10,2.5,0,107
/data/final_project_dataset/le2i/Coffee_room_01/Coffee_room_01/Videos/video (41).avi,fall,le2i:Coffee_room_01:video (41),1,le2i,le2i:Coffee_room_01:video (41),82,98,98,16,10,10,2.5,1,107
/data/final_project_dataset/le2i/Coffee_room_01/Coffee_room_01/Videos/video (41).avi,fall,le2i:Coffee_room_01:video (41),1,le2i,le2i:Coffee_room_01:video (41),84,100,100,16,10,10,2.5,1,107
/data/final_project_dataset/le2i/Coffee_room_01/Coffee_room_01/Videos/video (41).avi,fall,le2i:Coffee_room_01:video (41),1,le2i,le2i:Coffee_room_01:video (41),86,102,102,16,10,10,2.5,1,107
/data/final_project_dataset/le2i/Coffee_room_01/Coffee_room_01/Videos/video (41).avi,fall,le2i:Coffee_room_01:video (41),1,le2i,le2i:Coffee_room_01:video (41),88,104,104,16,10,10,2.5,1,107
/data/final_project_dataset/le2i/Coffee_room_01/Coffee_room_01/Videos/video (41).avi,fall,le2i:Coffee_room_01:video (41),1,le2i,le2i:Coffee_room_01:video (41),90,106,106,16,10,10,2.5,1,107
/data/final_project_dataset/le2i/Coffee_room_01/Coffee_room_01/Videos/video (42).avi,fall,le2i:Coffee_room_01:video (42),1,le2i,le2i:Coffee_room_01:video (42),0,16,16,16,10,10,2.5,0,44
/data/final_project_dataset/le2i/Coffee_room_01/Coffee_room_01/Videos/video (42).avi,fall,le2i:Coffee_room_01:video (42),1,le2i,le2i:Coffee_room_01:video (42),2,18,18,16,10,10,2.5,0,44
/data/final_project_dataset/le2i/Coffee_room_01/Coffee_room_01/Videos/video (42).avi,fall,le2i:Coffee_room_01:video (42),1,le2i,le2i:Coffee_room_01:video (42),4,20,20,16,10,10,2.5,0,44
/data/final_project_dataset/le2i/Coffee_room_01/Coffee_room_01/Videos/video (42).avi,fall,le2i:Coffee_room_01:video (42),1,le2i,le2i:Coffee_room_01:video (42),6,22,22,16,10,10,2.5,0,44
/data/final_project_dataset/le2i/Coffee_room_01/Coffee_room_01/Videos/video (42).avi,fall,le2i:Coffee_room_01:video (42),1,le2i,le2i:Coffee_room_01:video (42),8,24,24,16,10,10,2.5,0,44
/data/final_project_dataset/le2i/Coffee_room_01/Coffee_room_01/Videos/video (42).avi,fall,le2i:Coffee_room_01:video (42),1,le2i,le2i:Coffee_room_01:video (42),10,26,26,16,10,10,2.5,0,44
/data/final_project_dataset/le2i/Coffee_room_01/Coffee_room_01/Videos/video (42).avi,fall,le2i:Coffee_room_01:video (42),1,le2i,le2i:Coffee_room_01:video (42),12,28,28,16,10,10,2.5,0,44
/data/final_project_dataset/le2i/Coffee_room_01/Coffee_room_01/Videos/video (42).avi,fall,le2i:Coffee_room_01:video (42),1,le2i,le2i:Coffee_room_01:video (42),14,30,30,16,10,10,2.5,0,44
/data/final_project_dataset/le2i/Coffee_room_01/Coffee_room_01/Videos/video (42).avi,fall,le2i:Coffee_room_01:video (42),1,le2i,le2i:Coffee_room_01:video (42),16,32,32,16,10,10,2.5,0,44
/data/final_project_dataset/le2i/Coffee_room_01/Coffee_room_01/Videos/video (42).avi,fall,le2i:Coffee_room_01:video (42),1,le2i,le2i:Coffee_room_01:video (42),18,34,34,16,10,10,2.5,1,44
/data/final_project_dataset/le2i/Coffee_room_01/Coffee_room_01/Videos/video (42).avi,fall,le2i:Coffee_room_01:video (42),1,le2i,le2i:Coffee_room_01:video (42),20,36,36,16,10,10,2.5,1,44
/data/final_project_dataset/le2i/Coffee_room_01/Coffee_room_01/Videos/video (42).avi,fall,le2i:Coffee_room_01:video (42),1,le2i,le2i:Coffee_room_01:video (42),22,38,38,16,10,10,2.5,1,44
/data/final_project_dataset/le2i/Coffee_room_01/Coffee_room_01/Videos/video (42).avi,fall,le2i:Coffee_room_01:video (42),1,le2i,le2i:Coffee_room_01:video (42),24,40,40,16,10,10,2.5,1,44
/data/final_project_dataset/le2i/Coffee_room_01/Coffee_room_01/Videos/video (42).avi,fall,le2i:Coffee_room_01:video (42),1,le2i,le2i:Coffee_room_01:video (42),26,42,42,16,10,10,2.5,1,44
/data/final_project_dataset/le2i/Coffee_room_01/Coffee_room_01/Videos/video (43).avi,fall,le2i:Coffee_room_01:video (43),1,le2i,le2i:Coffee_room_01:video (43),0,16,16,16,10,10,2.5,0,253
/data/final_project_dataset/le2i/Coffee_room_01/Coffee_room_01/Videos/video (43).avi,fall,le2i:Coffee_room_01:video (43),1,le2i,le2i:Coffee_room_01:video (43),2,18,18,16,10,10,2.5,0,253
/data/final_project_dataset/le2i/Coffee_room_01/Coffee_room_01/Videos/video (43).avi,fall,le2i:Coffee_room_01:video (43),1,le2i,le2i:Coffee_room_01:video (43),4,20,20,16,10,10,2.5,0,253
/data/final_project_dataset/le2i/Coffee_room_01/Coffee_room_01/Videos/video (43).avi,fall,le2i:Coffee_room_01:video (43),1,le2i,le2i:Coffee_room_01:video (43),6,22,22,16,10,10,2.5,0,253
/data/final_project_dataset/le2i/Coffee_room_01/Coffee_room_01/Videos/video (43).avi,fall,le2i:Coffee_room_01:video (43),1,le2i,le2i:Coffee_room_01:video (43),8,24,24,16,10,10,2.5,0,253
/data/final_project_dataset/le2i/Coffee_room_01/Coffee_room_01/Videos/video (43).avi,fall,le2i:Coffee_room_01:video (43),1,le2i,le2i:Coffee_room_01:video (43),10,26,26,16,10,10,2.5,0,253
/data/final_project_dataset/le2i/Coffee_room_01/Coffee_room_01/Videos/video (43).avi,fall,le2i:Coffee_room_01:video (43),1,le2i,le2i:Coffee_room_01:video (43),12,28,28,16,10,10,2.5,0,253
/data/final_project_dataset/le2i/Coffee_room_01/Coffee_room_01/Videos/video (43).avi,fall,le2i:Coffee_room_01:video (43),1,le2i,le2i:Coffee_room_01:video (43),14,30,30,16,10,10,2.5,0,253
/data/final_project_dataset/le2i/Coffee_room_01/Coffee_room_01/Videos/video (43).avi,fall,le2i:Coffee_room_01:video (43),1,le2i,le2i:Coffee_room_01:video (43),16,32,32,16,10,10,2.5,0,253
/data/final_project_dataset/le2i/Coffee_room_01/Coffee_room_01/Videos/video (43).avi,fall,le2i:Coffee_room_01:video (43),1,le2i,le2i:Coffee_room_01:video (43),18,34,34,16,10,10,2.5,0,253
/data/final_project_dataset/le2i/Coffee_room_01/Coffee_room_01/Videos/video (43).avi,fall,le2i:Coffee_room_01:video (43),1,le2i,le2i:Coffee_room_01:video (43),20,36,36,16,10,10,2.5,0,253
/data/final_project_dataset/le2i/Coffee_room_01/Coffee_room_01/Videos/video (43).avi,fall,le2i:Coffee_room_01:video (43),1,le2i,le2i:Coffee_room_01:video (43),22,38,38,16,10,10,2.5,0,253
/data/final_project_dataset/le2i/Coffee_room_01/Coffee_room_01/Videos/video (43).avi,fall,le2i:Coffee_room_01:video (43),1,le2i,le2i:Coffee_room_01:video (43),24,40,40,16,10,10,2.5,0,253
/data/final_project_dataset/le2i/Coffee_room_01/Coffee_room_01/Videos/video (43).avi,fall,le2i:Coffee_room_01:video (43),1,le2i,le2i:Coffee_room_01:video (43),26,42,42,16,10,10,2.5,0,253
/data/final_project_dataset/le2i/Coffee_room_01/Coffee_room_01/Videos/video (43).avi,fall,le2i:Coffee_room_01:video (43),1,le2i,le2i:Coffee_room_01:video (43),28,44,44,16,10,10,2.5,0,253
/data/final_project_dataset/le2i/Coffee_room_01/Coffee_room_01/Videos/video (43).avi,fall,le2i:Coffee_room_01:video (43),1,le2i,le2i:Coffee_room_01:video (43),30,46,46,16,10,10,2.5,0,253
/data/final_project_dataset/le2i/Coffee_room_01/Coffee_room_01/Videos/video (43).avi,fall,le2i:Coffee_room_01:video (43),1,le2i,le2i:Coffee_room_01:video (43),32,48,48,16,10,10,2.5,0,253
/data/final_project_dataset/le2i/Coffee_room_01/Coffee_room_01/Videos/video (43).avi,fall,le2i:Coffee_room_01:video (43),1,le2i,le2i:Coffee_room_01:video (43),34,50,50,16,10,10,2.5,0,253
/data/final_project_dataset/le2i/Coffee_room_01/Coffee_room_01/Videos/video (43).avi,fall,le2i:Coffee_room_01:video (43),1,le2i,le2i:Coffee_room_01:video (43),36,52,52,16,10,10,2.5,0,253
/data/final_project_dataset/le2i/Coffee_room_01/Coffee_room_01/Videos/video (43).avi,fall,le2i:Coffee_room_01:video (43),1,le2i,le2i:Coffee_room_01:video (43),38,54,54,16,10,10,2.5,0,253
/data/final_project_dataset/le2i/Coffee_room_01/Coffee_room_01/Videos/video (43).avi,fall,le2i:Coffee_room_01:video (43),1,le2i,le2i:Coffee_room_01:video (43),40,56,56,16,10,10,2.5,0,253
/data/final_project_dataset/le2i/Coffee_room_01/Coffee_room_01/Videos/video (43).avi,fall,le2i:Coffee_room_01:video (43),1,le2i,le2i:Coffee_room_01:video (43),42,58,58,16,10,10,2.5,0,253
/data/final_project_dataset/le2i/Coffee_room_01/Coffee_room_01/Videos/video (43).avi,fall,le2i:Coffee_room_01:video (43),1,le2i,le2i:Coffee_room_01:video (43),44,60,60,16,10,10,2.5,0,253
/data/final_project_dataset/le2i/Coffee_room_01/Coffee_room_01/Videos/video (43).avi,fall,le2i:Coffee_room_01:video (43),1,le2i,le2i:Coffee_room_01:video (43),46,62,62,16,10,10,2.5,0,253
/data/final_project_dataset/le2i/Coffee_room_01/Coffee_room_01/Videos/video (43).avi,fall,le2i:Coffee_room_01:video (43),1,le2i,le2i:Coffee_room_01:video (43),48,64,64,16,10,10,2.5,0,253
/data/final_project_dataset/le2i/Coffee_room_01/Coffee_room_01/Videos/video (43).avi,fall,le2i:Coffee_room_01:video (43),1,le2i,le2i:Coffee_room_01:video (43),50,66,66,16,10,10,2.5,0,253
/data/final_project_dataset/le2i/Coffee_room_01/Coffee_room_01/Videos/video (43).avi,fall,le2i:Coffee_room_01:video (43),1,le2i,le2i:Coffee_room_01:video (43),52,68,68,16,10,10,2.5,0,253
/data/final_project_dataset/le2i/Coffee_room_01/Coffee_room_01/Videos/video (43).avi,fall,le2i:Coffee_room_01:video (43),1,le2i,le2i:Coffee_room_01:video (43),54,70,70,16,10,10,2.5,0,253
/data/final_project_dataset/le2i/Coffee_room_01/Coffee_room_01/Videos/video (43).avi,fall,le2i:Coffee_room_01:video (43),1,le2i,le2i:Coffee_room_01:video (43),56,72,72,16,10,10,2.5,0,253
/data/final_project_dataset/le2i/Coffee_room_01/Coffee_room_01/Videos/video (43).avi,fall,le2i:Coffee_room_01:video (43),1,le2i,le2i:Coffee_room_01:video (43),58,74,74,16,10,10,2.5,0,253
/data/final_project_dataset/le2i/Coffee_room_01/Coffee_room_01/Videos/video (43).avi,fall,le2i:Coffee_room_01:video (43),1,le2i,le2i:Coffee_room_01:video (43),60,76,76,16,10,10,2.5,0,253
/data/final_project_dataset/le2i/Coffee_room_01/Coffee_room_01/Videos/video (43).avi,fall,le2i:Coffee_room_01:video (43),1,le2i,le2i:Coffee_room_01:video (43),62,78,78,16,10,10,2.5,0,253
/data/final_project_dataset/le2i/Coffee_room_01/Coffee_room_01/Videos/video (43).avi,fall,le2i:Coffee_room_01:video (43),1,le2i,le2i:Coffee_room_01:video (43),64,80,80,16,10,10,2.5,0,253
/data/final_project_dataset/le2i/Coffee_room_01/Coffee_room_01/Videos/video (43).avi,fall,le2i:Coffee_room_01:video (43),1,le2i,le2i:Coffee_room_01:video (43),66,82,82,16,10,10,2.5,0,253
/data/final_project_dataset/le2i/Coffee_room_01/Coffee_room_01/Videos/video (43).avi,fall,le2i:Coffee_room_01:video (43),1,le2i,le2i:Coffee_room_01:video (43),68,84,84,16,10,10,2.5,0,253
/data/final_project_dataset/le2i/Coffee_room_01/Coffee_room_01/Videos/video (43).avi,fall,le2i:Coffee_room_01:video (43),1,le2i,le2i:Coffee_room_01:video (43),70,86,86,16,10,10,2.5,0,253
/data/final_project_dataset/le2i/Coffee_room_01/Coffee_room_01/Videos/video (43).avi,fall,le2i:Coffee_room_01:video (43),1,le2i,le2i:Coffee_room_01:video (43),72,88,88,16,10,10,2.5,0,253
/data/final_project_dataset/le2i/Coffee_room_01/Coffee_room_01/Videos/video (43).avi,fall,le2i:Coffee_room_01:video (43),1,le2i,le2i:Coffee_room_01:video (43),74,90,90,16,10,10,2.5,0,253
/data/final_project_dataset/le2i/Coffee_room_01/Coffee_room_01/Videos/video (43).avi,fall,le2i:Coffee_room_01:video (43),1,le2i,le2i:Coffee_room_01:video (43),76,92,92,16,10,10,2.5,0,253
/data/final_project_dataset/le2i/Coffee_room_01/Coffee_room_01/Videos/video (43).avi,fall,le2i:Coffee_room_01:video (43),1,le2i,le2i:Coffee_room_01:video (43),78,94,94,16,10,10,2.5,0,253
/data/final_project_dataset/le2i/Coffee_room_01/Coffee_room_01/Videos/video (43).avi,fall,le2i:Coffee_room_01:video (43),1,le2i,le2i:Coffee_room_01:video (43),80,96,96,16,10,10,2.5,0,253
/data/final_project_dataset/le2i/Coffee_room_01/Coffee_room_01/Videos/video (43).avi,fall,le2i:Coffee_room_01:video (43),1,le2i,le2i:Coffee_room_01:video (43),82,98,98,16,10,10,2.5,0,253
/data/final_project_dataset/le2i/Coffee_room_01/Coffee_room_01/Videos/video (43).avi,fall,le2i:Coffee_room_01:video (43),1,le2i,le2i:Coffee_room_01:video (43),84,100,100,16,10,10,2.5,0,253
/data/final_project_dataset/le2i/Coffee_room_01/Coffee_room_01/Videos/video (43).avi,fall,le2i:Coffee_room_01:video (43),1,le2i,le2i:Coffee_room_01:video (43),86,102,102,16,10,10,2.5,0,253
/data/final_project_dataset/le2i/Coffee_room_01/Coffee_room_01/Videos/video (43).avi,fall,le2i:Coffee_room_01:video (43),1,le2i,le2i:Coffee_room_01:video (43),88,104,104,16,10,10,2.5,0,253
/data/final_project_dataset/le2i/Coffee_room_01/Coffee_room_01/Videos/video (43).avi,fall,le2i:Coffee_room_01:video (43),1,le2i,le2i:Coffee_room_01:video (43),90,106,106,16,10,10,2.5,0,253
/data/final_project_dataset/le2i/Coffee_room_01/Coffee_room_01/Videos/video (43).avi,fall,le2i:Coffee_room_01:video (43),1,le2i,le2i:Coffee_room_01:video (43),92,108,108,16,10,10,2.5,0,253
/data/final_project_dataset/le2i/Coffee_room_01/Coffee_room_01/Videos/video (43).avi,fall,le2i:Coffee_room_01:video (43),1,le2i,le2i:Coffee_room_01:video (43),94,110,110,16,10,10,2.5,0,253
/data/final_project_dataset/le2i/Coffee_room_01/Coffee_room_01/Videos/video (43).avi,fall,le2i:Coffee_room_01:video (43),1,le2i,le2i:Coffee_room_01:video (43),96,112,112,16,10,10,2.5,0,253
/data/final_project_dataset/le2i/Coffee_room_01/Coffee_room_01/Videos/video (43).avi,fall,le2i:Coffee_room_01:video (43),1,le2i,le2i:Coffee_room_01:video (43),98,114,114,16,10,10,2.5,0,253
/data/final_project_dataset/le2i/Coffee_room_01/Coffee_room_01/Videos/video (43).avi,fall,le2i:Coffee_room_01:video (43),1,le2i,le2i:Coffee_room_01:video (43),100,116,116,16,10,10,2.5,0,253
/data/final_project_dataset/le2i/Coffee_room_01/Coffee_room_01/Videos/video (43).avi,fall,le2i:Coffee_room_01:video (43),1,le2i,le2i:Coffee_room_01:video (43),102,118,118,16,10,10,2.5,0,253
/data/final_project_dataset/le2i/Coffee_room_01/Coffee_room_01/Videos/video (43).avi,fall,le2i:Coffee_room_01:video (43),1,le2i,le2i:Coffee_room_01:video (43),104,120,120,16,10,10,2.5,0,253
/data/final_project_dataset/le2i/Coffee_room_01/Coffee_room_01/Videos/video (43).avi,fall,le2i:Coffee_room_01:video (43),1,le2i,le2i:Coffee_room_01:video (43),106,122,122,16,10,10,2.5,0,253
/data/final_project_dataset/le2i/Coffee_room_01/Coffee_room_01/Videos/video (43).avi,fall,le2i:Coffee_room_01:video (43),1,le2i,le2i:Coffee_room_01:video (43),108,124,124,16,10,10,2.5,0,253
/data/final_project_dataset/le2i/Coffee_room_01/Coffee_room_01/Videos/video (43).avi,fall,le2i:Coffee_room_01:video (43),1,le2i,le2i:Coffee_room_01:video (43),110,126,126,16,10,10,2.5,0,253
/data/final_project_dataset/le2i/Coffee_room_01/Coffee_room_01/Videos/video (43).avi,fall,le2i:Coffee_room_01:video (43),1,le2i,le2i:Coffee_room_01:video (43),112,128,128,16,10,10,2.5,0,253
/data/final_project_dataset/le2i/Coffee_room_01/Coffee_room_01/Videos/video (43).avi,fall,le2i:Coffee_room_01:video (43),1,le2i,le2i:Coffee_room_01:video (43),114,130,130,16,10,10,2.5,0,253
/data/final_project_dataset/le2i/Coffee_room_01/Coffee_room_01/Videos/video (43).avi,fall,le2i:Coffee_room_01:video (43),1,le2i,le2i:Coffee_room_01:video (43),116,132,132,16,10,10,2.5,0,253
/data/final_project_dataset/le2i/Coffee_room_01/Coffee_room_01/Videos/video (43).avi,fall,le2i:Coffee_room_01:video (43),1,le2i,le2i:Coffee_room_01:video (43),118,134,134,16,10,10,2.5,0,253
/data/final_project_dataset/le2i/Coffee_room_01/Coffee_room_01/Videos/video (43).avi,fall,le2i:Coffee_room_01:video (43),1,le2i,le2i:Coffee_room_01:video (43),120,136,136,16,10,10,2.5,0,253
/data/final_project_dataset/le2i/Coffee_room_01/Coffee_room_01/Videos/video (43).avi,fall,le2i:Coffee_room_01:video (43),1,le2i,le2i:Coffee_room_01:video (43),122,138,138,16,10,10,2.5,0,253
/data/final_project_dataset/le2i/Coffee_room_01/Coffee_room_01/Videos/video (43).avi,fall,le2i:Coffee_room_01:video (43),1,le2i,le2i:Coffee_room_01:video (43),124,140,140,16,10,10,2.5,0,253
/data/final_project_dataset/le2i/Coffee_room_01/Coffee_room_01/Videos/video (43).avi,fall,le2i:Coffee_room_01:video (43),1,le2i,le2i:Coffee_room_01:video (43),126,142,142,16,10,10,2.5,0,253
/data/final_project_dataset/le2i/Coffee_room_01/Coffee_room_01/Videos/video (43).avi,fall,le2i:Coffee_room_01:video (43),1,le2i,le2i:Coffee_room_01:video (43),128,144,144,16,10,10,2.5,0,253
/data/final_project_dataset/le2i/Coffee_room_01/Coffee_room_01/Videos/video (43).avi,fall,le2i:Coffee_room_01:video (43),1,le2i,le2i:Coffee_room_01:video (43),130,146,146,16,10,10,2.5,0,253
/data/final_project_dataset/le2i/Coffee_room_01/Coffee_room_01/Videos/video (43).avi,fall,le2i:Coffee_room_01:video (43),1,le2i,le2i:Coffee_room_01:video (43),132,148,148,16,10,10,2.5,0,253
/data/final_project_dataset/le2i/Coffee_room_01/Coffee_room_01/Videos/video (43).avi,fall,le2i:Coffee_room_01:video (43),1,le2i,le2i:Coffee_room_01:video (43),134,150,150,16,10,10,2.5,0,253
/data/final_project_dataset/le2i/Coffee_room_01/Coffee_room_01/Videos/video (43).avi,fall,le2i:Coffee_room_01:video (43),1,le2i,le2i:Coffee_room_01:video (43),136,152,152,16,10,10,2.5,0,253
/data/final_project_dataset/le2i/Coffee_room_01/Coffee_room_01/Videos/video (43).avi,fall,le2i:Coffee_room_01:video (43),1,le2i,le2i:Coffee_room_01:video (43),138,154,154,16,10,10,2.5,0,253
/data/final_project_dataset/le2i/Coffee_room_01/Coffee_room_01/Videos/video (43).avi,fall,le2i:Coffee_room_01:video (43),1,le2i,le2i:Coffee_room_01:video (43),140,156,156,16,10,10,2.5,0,253
/data/final_project_dataset/le2i/Coffee_room_01/Coffee_room_01/Videos/video (43).avi,fall,le2i:Coffee_room_01:video (43),1,le2i,le2i:Coffee_room_01:video (43),142,158,158,16,10,10,2.5,0,253
/data/final_project_dataset/le2i/Coffee_room_01/Coffee_room_01/Videos/video (43).avi,fall,le2i:Coffee_room_01:video (43),1,le2i,le2i:Coffee_room_01:video (43),144,160,160,16,10,10,2.5,0,253
/data/final_project_dataset/le2i/Coffee_room_01/Coffee_room_01/Videos/video (43).avi,fall,le2i:Coffee_room_01:video (43),1,le2i,le2i:Coffee_room_01:video (43),146,162,162,16,10,10,2.5,0,253
/data/final_project_dataset/le2i/Coffee_room_01/Coffee_room_01/Videos/video (43).avi,fall,le2i:Coffee_room_01:video (43),1,le2i,le2i:Coffee_room_01:video (43),148,164,164,16,10,10,2.5,0,253
/data/final_project_dataset/le2i/Coffee_room_01/Coffee_room_01/Videos/video (43).avi,fall,le2i:Coffee_room_01:video (43),1,le2i,le2i:Coffee_room_01:video (43),150,166,166,16,10,10,2.5,0,253
/data/final_project_dataset/le2i/Coffee_room_01/Coffee_room_01/Videos/video (43).avi,fall,le2i:Coffee_room_01:video (43),1,le2i,le2i:Coffee_room_01:video (43),152,168,168,16,10,10,2.5,0,253
/data/final_project_dataset/le2i/Coffee_room_01/Coffee_room_01/Videos/video (43).avi,fall,le2i:Coffee_room_01:video (43),1,le2i,le2i:Coffee_room_01:video (43),154,170,170,16,10,10,2.5,0,253
/data/final_project_dataset/le2i/Coffee_room_01/Coffee_room_01/Videos/video (43).avi,fall,le2i:Coffee_room_01:video (43),1,le2i,le2i:Coffee_room_01:video (43),156,172,172,16,10,10,2.5,0,253
/data/final_project_dataset/le2i/Coffee_room_01/Coffee_room_01/Videos/video (43).avi,fall,le2i:Coffee_room_01:video (43),1,le2i,le2i:Coffee_room_01:video (43),158,174,174,16,10,10,2.5,0,253
/data/final_project_dataset/le2i/Coffee_room_01/Coffee_room_01/Videos/video (43).avi,fall,le2i:Coffee_room_01:video (43),1,le2i,le2i:Coffee_room_01:video (43),160,176,176,16,10,10,2.5,0,253
/data/final_project_dataset/le2i/Coffee_room_01/Coffee_room_01/Videos/video (43).avi,fall,le2i:Coffee_room_01:video (43),1,le2i,le2i:Coffee_room_01:video (43),162,178,178,16,10,10,2.5,0,253
/data/final_project_dataset/le2i/Coffee_room_01/Coffee_room_01/Videos/video (43).avi,fall,le2i:Coffee_room_01:video (43),1,le2i,le2i:Coffee_room_01:video (43),164,180,180,16,10,10,2.5,0,253
/data/final_project_dataset/le2i/Coffee_room_01/Coffee_room_01/Videos/video (43).avi,fall,le2i:Coffee_room_01:video (43),1,le2i,le2i:Coffee_room_01:video (43),166,182,182,16,10,10,2.5,0,253
/data/final_project_dataset/le2i/Coffee_room_01/Coffee_room_01/Videos/video (43).avi,fall,le2i:Coffee_room_01:video (43),1,le2i,le2i:Coffee_room_01:video (43),168,184,184,16,10,10,2.5,0,253
/data/final_project_dataset/le2i/Coffee_room_01/Coffee_room_01/Videos/video (43).avi,fall,le2i:Coffee_room_01:video (43),1,le2i,le2i:Coffee_room_01:video (43),170,186,186,16,10,10,2.5,0,253
/data/final_project_dataset/le2i/Coffee_room_01/Coffee_room_01/Videos/video (43).avi,fall,le2i:Coffee_room_01:video (43),1,le2i,le2i:Coffee_room_01:video (43),172,188,188,16,10,10,2.5,0,253
/data/final_project_dataset/le2i/Coffee_room_01/Coffee_room_01/Videos/video (43).avi,fall,le2i:Coffee_room_01:video (43),1,le2i,le2i:Coffee_room_01:video (43),174,190,190,16,10,10,2.5,0,253
/data/final_project_dataset/le2i/Coffee_room_01/Coffee_room_01/Videos/video (43).avi,fall,le2i:Coffee_room_01:video (43),1,le2i,le2i:Coffee_room_01:video (43),176,192,192,16,10,10,2.5,0,253
/data/final_project_dataset/le2i/Coffee_room_01/Coffee_room_01/Videos/video (43).avi,fall,le2i:Coffee_room_01:video (43),1,le2i,le2i:Coffee_room_01:video (43),178,194,194,16,10,10,2.5,0,253
/data/final_project_dataset/le2i/Coffee_room_01/Coffee_room_01/Videos/video (43).avi,fall,le2i:Coffee_room_01:video (43),1,le2i,le2i:Coffee_room_01:video (43),180,196,196,16,10,10,2.5,0,253
/data/final_project_dataset/le2i/Coffee_room_01/Coffee_room_01/Videos/video (43).avi,fall,le2i:Coffee_room_01:video (43),1,le2i,le2i:Coffee_room_01:video (43),182,198,198,16,10,10,2.5,0,253
/data/final_project_dataset/le2i/Coffee_room_01/Coffee_room_01/Videos/video (43).avi,fall,le2i:Coffee_room_01:video (43),1,le2i,le2i:Coffee_room_01:video (43),184,200,200,16,10,10,2.5,0,253
/data/final_project_dataset/le2i/Coffee_room_01/Coffee_room_01/Videos/video (43).avi,fall,le2i:Coffee_room_01:video (43),1,le2i,le2i:Coffee_room_01:video (43),186,202,202,16,10,10,2.5,0,253
/data/final_project_dataset/le2i/Coffee_room_01/Coffee_room_01/Videos/video (43).avi,fall,le2i:Coffee_room_01:video (43),1,le2i,le2i:Coffee_room_01:video (43),188,204,204,16,10,10,2.5,0,253
/data/final_project_dataset/le2i/Coffee_room_01/Coffee_room_01/Videos/video (43).avi,fall,le2i:Coffee_room_01:video (43),1,le2i,le2i:Coffee_room_01:video (43),190,206,206,16,10,10,2.5,0,253
/data/final_project_dataset/le2i/Coffee_room_01/Coffee_room_01/Videos/video (43).avi,fall,le2i:Coffee_room_01:video (43),1,le2i,le2i:Coffee_room_01:video (43),192,208,208,16,10,10,2.5,0,253
/data/final_project_dataset/le2i/Coffee_room_01/Coffee_room_01/Videos/video (43).avi,fall,le2i:Coffee_room_01:video (43),1,le2i,le2i:Coffee_room_01:video (43),194,210,210,16,10,10,2.5,0,253
/data/final_project_dataset/le2i/Coffee_room_01/Coffee_room_01/Videos/video (43).avi,fall,le2i:Coffee_room_01:video (43),1,le2i,le2i:Coffee_room_01:video (43),196,212,212,16,10,10,2.5,0,253
/data/final_project_dataset/le2i/Coffee_room_01/Coffee_room_01/Videos/video (43).avi,fall,le2i:Coffee_room_01:video (43),1,le2i,le2i:Coffee_room_01:video (43),198,214,214,16,10,10,2.5,0,253
/data/final_project_dataset/le2i/Coffee_room_01/Coffee_room_01/Videos/video (43).avi,fall,le2i:Coffee_room_01:video (43),1,le2i,le2i:Coffee_room_01:video (43),200,216,216,16,10,10,2.5,0,253
/data/final_project_dataset/le2i/Coffee_room_01/Coffee_room_01/Videos/video (43).avi,fall,le2i:Coffee_room_01:video (43),1,le2i,le2i:Coffee_room_01:video (43),202,218,218,16,10,10,2.5,0,253
/data/final_project_dataset/le2i/Coffee_room_01/Coffee_room_01/Videos/video (43).avi,fall,le2i:Coffee_room_01:video (43),1,le2i,le2i:Coffee_room_01:video (43),204,220,220,16,10,10,2.5,0,253
/data/final_project_dataset/le2i/Coffee_room_01/Coffee_room_01/Videos/video (43).avi,fall,le2i:Coffee_room_01:video (43),1,le2i,le2i:Coffee_room_01:video (43),206,222,222,16,10,10,2.5,0,253
/data/final_project_dataset/le2i/Coffee_room_01/Coffee_room_01/Videos/video (43).avi,fall,le2i:Coffee_room_01:video (43),1,le2i,le2i:Coffee_room_01:video (43),208,224,224,16,10,10,2.5,0,253
/data/final_project_dataset/le2i/Coffee_room_01/Coffee_room_01/Videos/video (43).avi,fall,le2i:Coffee_room_01:video (43),1,le2i,le2i:Coffee_room_01:video (43),210,226,226,16,10,10,2.5,0,253
/data/final_project_dataset/le2i/Coffee_room_01/Coffee_room_01/Videos/video (43).avi,fall,le2i:Coffee_room_01:video (43),1,le2i,le2i:Coffee_room_01:video (43),212,228,228,16,10,10,2.5,0,253
/data/final_project_dataset/le2i/Coffee_room_01/Coffee_room_01/Videos/video (43).avi,fall,le2i:Coffee_room_01:video (43),1,le2i,le2i:Coffee_room_01:video (43),214,230,230,16,10,10,2.5,0,253
/data/final_project_dataset/le2i/Coffee_room_01/Coffee_room_01/Videos/video (43).avi,fall,le2i:Coffee_room_01:video (43),1,le2i,le2i:Coffee_room_01:video (43),216,232,232,16,10,10,2.5,0,253
/data/final_project_dataset/le2i/Coffee_room_01/Coffee_room_01/Videos/video (43).avi,fall,le2i:Coffee_room_01:video (43),1,le2i,le2i:Coffee_room_01:video (43),218,234,234,16,10,10,2.5,0,253
/data/final_project_dataset/le2i/Coffee_room_01/Coffee_room_01/Videos/video (43).avi,fall,le2i:Coffee_room_01:video (43),1,le2i,le2i:Coffee_room_01:video (43),220,236,236,16,10,10,2.5,0,253
/data/final_project_dataset/le2i/Coffee_room_01/Coffee_room_01/Videos/video (43).avi,fall,le2i:Coffee_room_01:video (43),1,le2i,le2i:Coffee_room_01:video (43),222,238,238,16,10,10,2.5,0,253
/data/final_project_dataset/le2i/Coffee_room_01/Coffee_room_01/Videos/video (43).avi,fall,le2i:Coffee_room_01:video (43),1,le2i,le2i:Coffee_room_01:video (43),224,240,240,16,10,10,2.5,0,253
/data/final_project_dataset/le2i/Coffee_room_01/Coffee_room_01/Videos/video (43).avi,fall,le2i:Coffee_room_01:video (43),1,le2i,le2i:Coffee_room_01:video (43),226,242,242,16,10,10,2.5,0,253
/data/final_project_dataset/le2i/Coffee_room_01/Coffee_room_01/Videos/video (43).avi,fall,le2i:Coffee_room_01:video (43),1,le2i,le2i:Coffee_room_01:video (43),228,244,244,16,10,10,2.5,1,253
/data/final_project_dataset/le2i/Coffee_room_01/Coffee_room_01/Videos/video (43).avi,fall,le2i:Coffee_room_01:video (43),1,le2i,le2i:Coffee_room_01:video (43),230,246,246,16,10,10,2.5,1,253
/data/final_project_dataset/le2i/Coffee_room_01/Coffee_room_01/Videos/video (43).avi,fall,le2i:Coffee_room_01:video (43),1,le2i,le2i:Coffee_room_01:video (43),232,248,248,16,10,10,2.5,1,253
/data/final_project_dataset/le2i/Coffee_room_01/Coffee_room_01/Videos/video (43).avi,fall,le2i:Coffee_room_01:video (43),1,le2i,le2i:Coffee_room_01:video (43),234,250,250,16,10,10,2.5,1,253
/data/final_project_dataset/le2i/Coffee_room_01/Coffee_room_01/Videos/video (43).avi,fall,le2i:Coffee_room_01:video (43),1,le2i,le2i:Coffee_room_01:video (43),236,252,252,16,10,10,2.5,1,253
/data/final_project_dataset/le2i/Coffee_room_01/Coffee_room_01/Videos/video (44).avi,fall,le2i:Coffee_room_01:video (44),1,le2i,le2i:Coffee_room_01:video (44),0,16,16,16,10,10,2.5,1,22
/data/final_project_dataset/le2i/Coffee_room_01/Coffee_room_01/Videos/video (44).avi,fall,le2i:Coffee_room_01:video (44),1,le2i,le2i:Coffee_room_01:video (44),2,18,18,16,10,10,2.5,1,22
/data/final_project_dataset/le2i/Coffee_room_01/Coffee_room_01/Videos/video (44).avi,fall,le2i:Coffee_room_01:video (44),1,le2i,le2i:Coffee_room_01:video (44),4,20,20,16,10,10,2.5,1,22
/data/final_project_dataset/le2i/Coffee_room_01/Coffee_room_01/Videos/video (45).avi,fall,le2i:Coffee_room_01:video (45),1,le2i,le2i:Coffee_room_01:video (45),0,16,16,16,10,10,2.5,0,40
/data/final_project_dataset/le2i/Coffee_room_01/Coffee_room_01/Videos/video (45).avi,fall,le2i:Coffee_room_01:video (45),1,le2i,le2i:Coffee_room_01:video (45),2,18,18,16,10,10,2.5,0,40
/data/final_project_dataset/le2i/Coffee_room_01/Coffee_room_01/Videos/video (45).avi,fall,le2i:Coffee_room_01:video (45),1,le2i,le2i:Coffee_room_01:video (45),4,20,20,16,10,10,2.5,0,40
/data/final_project_dataset/le2i/Coffee_room_01/Coffee_room_01/Videos/video (45).avi,fall,le2i:Coffee_room_01:video (45),1,le2i,le2i:Coffee_room_01:video (45),6,22,22,16,10,10,2.5,0,40
/data/final_project_dataset/le2i/Coffee_room_01/Coffee_room_01/Videos/video (45).avi,fall,le2i:Coffee_room_01:video (45),1,le2i,le2i:Coffee_room_01:video (45),8,24,24,16,10,10,2.5,0,40
/data/final_project_dataset/le2i/Coffee_room_01/Coffee_room_01/Videos/video (45).avi,fall,le2i:Coffee_room_01:video (45),1,le2i,le2i:Coffee_room_01:video (45),10,26,26,16,10,10,2.5,0,40
/data/final_project_dataset/le2i/Coffee_room_01/Coffee_room_01/Videos/video (45).avi,fall,le2i:Coffee_room_01:video (45),1,le2i,le2i:Coffee_room_01:video (45),12,28,28,16,10,10,2.5,0,40
/data/final_project_dataset/le2i/Coffee_room_01/Coffee_room_01/Videos/video (45).avi,fall,le2i:Coffee_room_01:video (45),1,le2i,le2i:Coffee_room_01:video (45),14,30,30,16,10,10,2.5,1,40
/data/final_project_dataset/le2i/Coffee_room_01/Coffee_room_01/Videos/video (45).avi,fall,le2i:Coffee_room_01:video (45),1,le2i,le2i:Coffee_room_01:video (45),16,32,32,16,10,10,2.5,1,40
/data/final_project_dataset/le2i/Coffee_room_01/Coffee_room_01/Videos/video (45).avi,fall,le2i:Coffee_room_01:video (45),1,le2i,le2i:Coffee_room_01:video (45),18,34,34,16,10,10,2.5,1,40
/data/final_project_dataset/le2i/Coffee_room_01/Coffee_room_01/Videos/video (45).avi,fall,le2i:Coffee_room_01:video (45),1,le2i,le2i:Coffee_room_01:video (45),20,36,36,16,10,10,2.5,1,40
/data/final_project_dataset/le2i/Coffee_room_01/Coffee_room_01/Videos/video (45).avi,fall,le2i:Coffee_room_01:video (45),1,le2i,le2i:Coffee_room_01:video (45),22,38,38,16,10,10,2.5,1,40
/data/final_project_dataset/le2i/Coffee_room_01/Coffee_room_01/Videos/video (46).avi,fall,le2i:Coffee_room_01:video (46),1,le2i,le2i:Coffee_room_01:video (46),0,16,16,16,10,10,2.5,0,66
/data/final_project_dataset/le2i/Coffee_room_01/Coffee_room_01/Videos/video (46).avi,fall,le2i:Coffee_room_01:video (46),1,le2i,le2i:Coffee_room_01:video (46),2,18,18,16,10,10,2.5,0,66
/data/final_project_dataset/le2i/Coffee_room_01/Coffee_room_01/Videos/video (46).avi,fall,le2i:Coffee_room_01:video (46),1,le2i,le2i:Coffee_room_01:video (46),4,20,20,16,10,10,2.5,0,66
/data/final_project_dataset/le2i/Coffee_room_01/Coffee_room_01/Videos/video (46).avi,fall,le2i:Coffee_room_01:video (46),1,le2i,le2i:Coffee_room_01:video (46),6,22,22,16,10,10,2.5,0,66
/data/final_project_dataset/le2i/Coffee_room_01/Coffee_room_01/Videos/video (46).avi,fall,le2i:Coffee_room_01:video (46),1,le2i,le2i:Coffee_room_01:video (46),8,24,24,16,10,10,2.5,0,66
/data/final_project_dataset/le2i/Coffee_room_01/Coffee_room_01/Videos/video (46).avi,fall,le2i:Coffee_room_01:video (46),1,le2i,le2i:Coffee_room_01:video (46),10,26,26,16,10,10,2.5,0,66
/data/final_project_dataset/le2i/Coffee_room_01/Coffee_room_01/Videos/video (46).avi,fall,le2i:Coffee_room_01:video (46),1,le2i,le2i:Coffee_room_01:video (46),12,28,28,16,10,10,2.5,0,66
/data/final_project_dataset/le2i/Coffee_room_01/Coffee_room_01/Videos/video (46).avi,fall,le2i:Coffee_room_01:video (46),1,le2i,le2i:Coffee_room_01:video (46),14,30,30,16,10,10,2.5,0,66
/data/final_project_dataset/le2i/Coffee_room_01/Coffee_room_01/Videos/video (46).avi,fall,le2i:Coffee_room_01:video (46),1,le2i,le2i:Coffee_room_01:video (46),16,32,32,16,10,10,2.5,0,66
/data/final_project_dataset/le2i/Coffee_room_01/Coffee_room_01/Videos/video (46).avi,fall,le2i:Coffee_room_01:video (46),1,le2i,le2i:Coffee_room_01:video (46),18,34,34,16,10,10,2.5,0,66
/data/final_project_dataset/le2i/Coffee_room_01/Coffee_room_01/Videos/video (46).avi,fall,le2i:Coffee_room_01:video (46),1,le2i,le2i:Coffee_room_01:video (46),20,36,36,16,10,10,2.5,0,66
/data/final_project_dataset/le2i/Coffee_room_01/Coffee_room_01/Videos/video (46).avi,fall,le2i:Coffee_room_01:video (46),1,le2i,le2i:Coffee_room_01:video (46),22,38,38,16,10,10,2.5,0,66
/data/final_project_dataset/le2i/Coffee_room_01/Coffee_room_01/Videos/video (46).avi,fall,le2i:Coffee_room_01:video (46),1,le2i,le2i:Coffee_room_01:video (46),24,40,40,16,10,10,2.5,0,66
/data/final_project_dataset/le2i/Coffee_room_01/Coffee_room_01/Videos/video (46).avi,fall,le2i:Coffee_room_01:video (46),1,le2i,le2i:Coffee_room_01:video (46),26,42,42,16,10,10,2.5,0,66
/data/final_project_dataset/le2i/Coffee_room_01/Coffee_room_01/Videos/video (46).avi,fall,le2i:Coffee_room_01:video (46),1,le2i,le2i:Coffee_room_01:video (46),28,44,44,16,10,10,2.5,0,66
/data/final_project_dataset/le2i/Coffee_room_01/Coffee_room_01/Videos/video (46).avi,fall,le2i:Coffee_room_01:video (46),1,le2i,le2i:Coffee_room_01:video (46),30,46,46,16,10,10,2.5,0,66
/data/final_project_dataset/le2i/Coffee_room_01/Coffee_room_01/Videos/video (46).avi,fall,le2i:Coffee_room_01:video (46),1,le2i,le2i:Coffee_room_01:video (46),32,48,48,16,10,10,2.5,0,66
/data/final_project_dataset/le2i/Coffee_room_01/Coffee_room_01/Videos/video (46).avi,fall,le2i:Coffee_room_01:video (46),1,le2i,le2i:Coffee_room_01:video (46),34,50,50,16,10,10,2.5,0,66
/data/final_project_dataset/le2i/Coffee_room_01/Coffee_room_01/Videos/video (46).avi,fall,le2i:Coffee_room_01:video (46),1,le2i,le2i:Coffee_room_01:video (46),36,52,52,16,10,10,2.5,0,66
/data/final_project_dataset/le2i/Coffee_room_01/Coffee_room_01/Videos/video (46).avi,fall,le2i:Coffee_room_01:video (46),1,le2i,le2i:Coffee_room_01:video (46),38,54,54,16,10,10,2.5,0,66
/data/final_project_dataset/le2i/Coffee_room_01/Coffee_room_01/Videos/video (46).avi,fall,le2i:Coffee_room_01:video (46),1,le2i,le2i:Coffee_room_01:video (46),40,56,56,16,10,10,2.5,1,66
/data/final_project_dataset/le2i/Coffee_room_01/Coffee_room_01/Videos/video (46).avi,fall,le2i:Coffee_room_01:video (46),1,le2i,le2i:Coffee_room_01:video (46),42,58,58,16,10,10,2.5,1,66
/data/final_project_dataset/le2i/Coffee_room_01/Coffee_room_01/Videos/video (46).avi,fall,le2i:Coffee_room_01:video (46),1,le2i,le2i:Coffee_room_01:video (46),44,60,60,16,10,10,2.5,1,66
/data/final_project_dataset/le2i/Coffee_room_01/Coffee_room_01/Videos/video (46).avi,fall,le2i:Coffee_room_01:video (46),1,le2i,le2i:Coffee_room_01:video (46),46,62,62,16,10,10,2.5,1,66
/data/final_project_dataset/le2i/Coffee_room_01/Coffee_room_01/Videos/video (46).avi,fall,le2i:Coffee_room_01:video (46),1,le2i,le2i:Coffee_room_01:video (46),48,64,64,16,10,10,2.5,1,66
/data/final_project_dataset/le2i/Coffee_room_01/Coffee_room_01/Videos/video (47).avi,fall,le2i:Coffee_room_01:video (47),1,le2i,le2i:Coffee_room_01:video (47),0,16,16,16,10,10,2.5,0,250
/data/final_project_dataset/le2i/Coffee_room_01/Coffee_room_01/Videos/video (47).avi,fall,le2i:Coffee_room_01:video (47),1,le2i,le2i:Coffee_room_01:video (47),2,18,18,16,10,10,2.5,0,250
/data/final_project_dataset/le2i/Coffee_room_01/Coffee_room_01/Videos/video (47).avi,fall,le2i:Coffee_room_01:video (47),1,le2i,le2i:Coffee_room_01:video (47),4,20,20,16,10,10,2.5,0,250
/data/final_project_dataset/le2i/Coffee_room_01/Coffee_room_01/Videos/video (47).avi,fall,le2i:Coffee_room_01:video (47),1,le2i,le2i:Coffee_room_01:video (47),6,22,22,16,10,10,2.5,0,250
/data/final_project_dataset/le2i/Coffee_room_01/Coffee_room_01/Videos/video (47).avi,fall,le2i:Coffee_room_01:video (47),1,le2i,le2i:Coffee_room_01:video (47),8,24,24,16,10,10,2.5,0,250
/data/final_project_dataset/le2i/Coffee_room_01/Coffee_room_01/Videos/video (47).avi,fall,le2i:Coffee_room_01:video (47),1,le2i,le2i:Coffee_room_01:video (47),10,26,26,16,10,10,2.5,0,250
/data/final_project_dataset/le2i/Coffee_room_01/Coffee_room_01/Videos/video (47).avi,fall,le2i:Coffee_room_01:video (47),1,le2i,le2i:Coffee_room_01:video (47),12,28,28,16,10,10,2.5,0,250
/data/final_project_dataset/le2i/Coffee_room_01/Coffee_room_01/Videos/video (47).avi,fall,le2i:Coffee_room_01:video (47),1,le2i,le2i:Coffee_room_01:video (47),14,30,30,16,10,10,2.5,0,250
/data/final_project_dataset/le2i/Coffee_room_01/Coffee_room_01/Videos/video (47).avi,fall,le2i:Coffee_room_01:video (47),1,le2i,le2i:Coffee_room_01:video (47),16,32,32,16,10,10,2.5,0,250
/data/final_project_dataset/le2i/Coffee_room_01/Coffee_room_01/Videos/video (47).avi,fall,le2i:Coffee_room_01:video (47),1,le2i,le2i:Coffee_room_01:video (47),18,34,34,16,10,10,2.5,0,250
/data/final_project_dataset/le2i/Coffee_room_01/Coffee_room_01/Videos/video (47).avi,fall,le2i:Coffee_room_01:video (47),1,le2i,le2i:Coffee_room_01:video (47),20,36,36,16,10,10,2.5,0,250
/data/final_project_dataset/le2i/Coffee_room_01/Coffee_room_01/Videos/video (47).avi,fall,le2i:Coffee_room_01:video (47),1,le2i,le2i:Coffee_room_01:video (47),22,38,38,16,10,10,2.5,0,250
/data/final_project_dataset/le2i/Coffee_room_01/Coffee_room_01/Videos/video (47).avi,fall,le2i:Coffee_room_01:video (47),1,le2i,le2i:Coffee_room_01:video (47),24,40,40,16,10,10,2.5,0,250
/data/final_project_dataset/le2i/Coffee_room_01/Coffee_room_01/Videos/video (47).avi,fall,le2i:Coffee_room_01:video (47),1,le2i,le2i:Coffee_room_01:video (47),26,42,42,16,10,10,2.5,0,250
/data/final_project_dataset/le2i/Coffee_room_01/Coffee_room_01/Videos/video (47).avi,fall,le2i:Coffee_room_01:video (47),1,le2i,le2i:Coffee_room_01:video (47),28,44,44,16,10,10,2.5,0,250
/data/final_project_dataset/le2i/Coffee_room_01/Coffee_room_01/Videos/video (47).avi,fall,le2i:Coffee_room_01:video (47),1,le2i,le2i:Coffee_room_01:video (47),30,46,46,16,10,10,2.5,0,250
/data/final_project_dataset/le2i/Coffee_room_01/Coffee_room_01/Videos/video (47).avi,fall,le2i:Coffee_room_01:video (47),1,le2i,le2i:Coffee_room_01:video (47),32,48,48,16,10,10,2.5,0,250
/data/final_project_dataset/le2i/Coffee_room_01/Coffee_room_01/Videos/video (47).avi,fall,le2i:Coffee_room_01:video (47),1,le2i,le2i:Coffee_room_01:video (47),34,50,50,16,10,10,2.5,0,250
/data/final_project_dataset/le2i/Coffee_room_01/Coffee_room_01/Videos/video (47).avi,fall,le2i:Coffee_room_01:video (47),1,le2i,le2i:Coffee_room_01:video (47),36,52,52,16,10,10,2.5,0,250
/data/final_project_dataset/le2i/Coffee_room_01/Coffee_room_01/Videos/video (47).avi,fall,le2i:Coffee_room_01:video (47),1,le2i,le2i:Coffee_room_01:video (47),38,54,54,16,10,10,2.5,0,250
/data/final_project_dataset/le2i/Coffee_room_01/Coffee_room_01/Videos/video (47).avi,fall,le2i:Coffee_room_01:video (47),1,le2i,le2i:Coffee_room_01:video (47),40,56,56,16,10,10,2.5,0,250
/data/final_project_dataset/le2i/Coffee_room_01/Coffee_room_01/Videos/video (47).avi,fall,le2i:Coffee_room_01:video (47),1,le2i,le2i:Coffee_room_01:video (47),42,58,58,16,10,10,2.5,0,250
/data/final_project_dataset/le2i/Coffee_room_01/Coffee_room_01/Videos/video (47).avi,fall,le2i:Coffee_room_01:video (47),1,le2i,le2i:Coffee_room_01:video (47),44,60,60,16,10,10,2.5,0,250
/data/final_project_dataset/le2i/Coffee_room_01/Coffee_room_01/Videos/video (47).avi,fall,le2i:Coffee_room_01:video (47),1,le2i,le2i:Coffee_room_01:video (47),46,62,62,16,10,10,2.5,0,250
/data/final_project_dataset/le2i/Coffee_room_01/Coffee_room_01/Videos/video (47).avi,fall,le2i:Coffee_room_01:video (47),1,le2i,le2i:Coffee_room_01:video (47),48,64,64,16,10,10,2.5,0,250
/data/final_project_dataset/le2i/Coffee_room_01/Coffee_room_01/Videos/video (47).avi,fall,le2i:Coffee_room_01:video (47),1,le2i,le2i:Coffee_room_01:video (47),50,66,66,16,10,10,2.5,0,250
/data/final_project_dataset/le2i/Coffee_room_01/Coffee_room_01/Videos/video (47).avi,fall,le2i:Coffee_room_01:video (47),1,le2i,le2i:Coffee_room_01:video (47),52,68,68,16,10,10,2.5,0,250
/data/final_project_dataset/le2i/Coffee_room_01/Coffee_room_01/Videos/video (47).avi,fall,le2i:Coffee_room_01:video (47),1,le2i,le2i:Coffee_room_01:video (47),54,70,70,16,10,10,2.5,0,250
/data/final_project_dataset/le2i/Coffee_room_01/Coffee_room_01/Videos/video (47).avi,fall,le2i:Coffee_room_01:video (47),1,le2i,le2i:Coffee_room_01:video (47),56,72,72,16,10,10,2.5,0,250
/data/final_project_dataset/le2i/Coffee_room_01/Coffee_room_01/Videos/video (47).avi,fall,le2i:Coffee_room_01:video (47),1,le2i,le2i:Coffee_room_01:video (47),58,74,74,16,10,10,2.5,0,250
/data/final_project_dataset/le2i/Coffee_room_01/Coffee_room_01/Videos/video (47).avi,fall,le2i:Coffee_room_01:video (47),1,le2i,le2i:Coffee_room_01:video (47),60,76,76,16,10,10,2.5,0,250
/data/final_project_dataset/le2i/Coffee_room_01/Coffee_room_01/Videos/video (47).avi,fall,le2i:Coffee_room_01:video (47),1,le2i,le2i:Coffee_room_01:video (47),62,78,78,16,10,10,2.5,0,250
/data/final_project_dataset/le2i/Coffee_room_01/Coffee_room_01/Videos/video (47).avi,fall,le2i:Coffee_room_01:video (47),1,le2i,le2i:Coffee_room_01:video (47),64,80,80,16,10,10,2.5,0,250
/data/final_project_dataset/le2i/Coffee_room_01/Coffee_room_01/Videos/video (47).avi,fall,le2i:Coffee_room_01:video (47),1,le2i,le2i:Coffee_room_01:video (47),66,82,82,16,10,10,2.5,0,250
/data/final_project_dataset/le2i/Coffee_room_01/Coffee_room_01/Videos/video (47).avi,fall,le2i:Coffee_room_01:video (47),1,le2i,le2i:Coffee_room_01:video (47),68,84,84,16,10,10,2.5,0,250
/data/final_project_dataset/le2i/Coffee_room_01/Coffee_room_01/Videos/video (47).avi,fall,le2i:Coffee_room_01:video (47),1,le2i,le2i:Coffee_room_01:video (47),70,86,86,16,10,10,2.5,0,250
/data/final_project_dataset/le2i/Coffee_room_01/Coffee_room_01/Videos/video (47).avi,fall,le2i:Coffee_room_01:video (47),1,le2i,le2i:Coffee_room_01:video (47),72,88,88,16,10,10,2.5,0,250
/data/final_project_dataset/le2i/Coffee_room_01/Coffee_room_01/Videos/video (47).avi,fall,le2i:Coffee_room_01:video (47),1,le2i,le2i:Coffee_room_01:video (47),74,90,90,16,10,10,2.5,0,250
/data/final_project_dataset/le2i/Coffee_room_01/Coffee_room_01/Videos/video (47).avi,fall,le2i:Coffee_room_01:video (47),1,le2i,le2i:Coffee_room_01:video (47),76,92,92,16,10,10,2.5,0,250
/data/final_project_dataset/le2i/Coffee_room_01/Coffee_room_01/Videos/video (47).avi,fall,le2i:Coffee_room_01:video (47),1,le2i,le2i:Coffee_room_01:video (47),78,94,94,16,10,10,2.5,0,250
/data/final_project_dataset/le2i/Coffee_room_01/Coffee_room_01/Videos/video (47).avi,fall,le2i:Coffee_room_01:video (47),1,le2i,le2i:Coffee_room_01:video (47),80,96,96,16,10,10,2.5,0,250
/data/final_project_dataset/le2i/Coffee_room_01/Coffee_room_01/Videos/video (47).avi,fall,le2i:Coffee_room_01:video (47),1,le2i,le2i:Coffee_room_01:video (47),82,98,98,16,10,10,2.5,0,250
/data/final_project_dataset/le2i/Coffee_room_01/Coffee_room_01/Videos/video (47).avi,fall,le2i:Coffee_room_01:video (47),1,le2i,le2i:Coffee_room_01:video (47),84,100,100,16,10,10,2.5,0,250
/data/final_project_dataset/le2i/Coffee_room_01/Coffee_room_01/Videos/video (47).avi,fall,le2i:Coffee_room_01:video (47),1,le2i,le2i:Coffee_room_01:video (47),86,102,102,16,10,10,2.5,0,250
/data/final_project_dataset/le2i/Coffee_room_01/Coffee_room_01/Videos/video (47).avi,fall,le2i:Coffee_room_01:video (47),1,le2i,le2i:Coffee_room_01:video (47),88,104,104,16,10,10,2.5,0,250
/data/final_project_dataset/le2i/Coffee_room_01/Coffee_room_01/Videos/video (47).avi,fall,le2i:Coffee_room_01:video (47),1,le2i,le2i:Coffee_room_01:video (47),90,106,106,16,10,10,2.5,0,250
/data/final_project_dataset/le2i/Coffee_room_01/Coffee_room_01/Videos/video (47).avi,fall,le2i:Coffee_room_01:video (47),1,le2i,le2i:Coffee_room_01:video (47),92,108,108,16,10,10,2.5,0,250
/data/final_project_dataset/le2i/Coffee_room_01/Coffee_room_01/Videos/video (47).avi,fall,le2i:Coffee_room_01:video (47),1,le2i,le2i:Coffee_room_01:video (47),94,110,110,16,10,10,2.5,0,250
/data/final_project_dataset/le2i/Coffee_room_01/Coffee_room_01/Videos/video (47).avi,fall,le2i:Coffee_room_01:video (47),1,le2i,le2i:Coffee_room_01:video (47),96,112,112,16,10,10,2.5,0,250
/data/final_project_dataset/le2i/Coffee_room_01/Coffee_room_01/Videos/video (47).avi,fall,le2i:Coffee_room_01:video (47),1,le2i,le2i:Coffee_room_01:video (47),98,114,114,16,10,10,2.5,0,250
/data/final_project_dataset/le2i/Coffee_room_01/Coffee_room_01/Videos/video (47).avi,fall,le2i:Coffee_room_01:video (47),1,le2i,le2i:Coffee_room_01:video (47),100,116,116,16,10,10,2.5,0,250
/data/final_project_dataset/le2i/Coffee_room_01/Coffee_room_01/Videos/video (47).avi,fall,le2i:Coffee_room_01:video (47),1,le2i,le2i:Coffee_room_01:video (47),102,118,118,16,10,10,2.5,0,250
/data/final_project_dataset/le2i/Coffee_room_01/Coffee_room_01/Videos/video (47).avi,fall,le2i:Coffee_room_01:video (47),1,le2i,le2i:Coffee_room_01:video (47),104,120,120,16,10,10,2.5,0,250
/data/final_project_dataset/le2i/Coffee_room_01/Coffee_room_01/Videos/video (47).avi,fall,le2i:Coffee_room_01:video (47),1,le2i,le2i:Coffee_room_01:video (47),106,122,122,16,10,10,2.5,0,250
/data/final_project_dataset/le2i/Coffee_room_01/Coffee_room_01/Videos/video (47).avi,fall,le2i:Coffee_room_01:video (47),1,le2i,le2i:Coffee_room_01:video (47),108,124,124,16,10,10,2.5,0,250
/data/final_project_dataset/le2i/Coffee_room_01/Coffee_room_01/Videos/video (47).avi,fall,le2i:Coffee_room_01:video (47),1,le2i,le2i:Coffee_room_01:video (47),110,126,126,16,10,10,2.5,0,250
/data/final_project_dataset/le2i/Coffee_room_01/Coffee_room_01/Videos/video (47).avi,fall,le2i:Coffee_room_01:video (47),1,le2i,le2i:Coffee_room_01:video (47),112,128,128,16,10,10,2.5,0,250
/data/final_project_dataset/le2i/Coffee_room_01/Coffee_room_01/Videos/video (47).avi,fall,le2i:Coffee_room_01:video (47),1,le2i,le2i:Coffee_room_01:video (47),114,130,130,16,10,10,2.5,0,250
/data/final_project_dataset/le2i/Coffee_room_01/Coffee_room_01/Videos/video (47).avi,fall,le2i:Coffee_room_01:video (47),1,le2i,le2i:Coffee_room_01:video (47),116,132,132,16,10,10,2.5,0,250
/data/final_project_dataset/le2i/Coffee_room_01/Coffee_room_01/Videos/video (47).avi,fall,le2i:Coffee_room_01:video (47),1,le2i,le2i:Coffee_room_01:video (47),118,134,134,16,10,10,2.5,0,250
/data/final_project_dataset/le2i/Coffee_room_01/Coffee_room_01/Videos/video (47).avi,fall,le2i:Coffee_room_01:video (47),1,le2i,le2i:Coffee_room_01:video (47),120,136,136,16,10,10,2.5,0,250
/data/final_project_dataset/le2i/Coffee_room_01/Coffee_room_01/Videos/video (47).avi,fall,le2i:Coffee_room_01:video (47),1,le2i,le2i:Coffee_room_01:video (47),122,138,138,16,10,10,2.5,0,250
/data/final_project_dataset/le2i/Coffee_room_01/Coffee_room_01/Videos/video (47).avi,fall,le2i:Coffee_room_01:video (47),1,le2i,le2i:Coffee_room_01:video (47),124,140,140,16,10,10,2.5,0,250
/data/final_project_dataset/le2i/Coffee_room_01/Coffee_room_01/Videos/video (47).avi,fall,le2i:Coffee_room_01:video (47),1,le2i,le2i:Coffee_room_01:video (47),126,142,142,16,10,10,2.5,0,250
/data/final_project_dataset/le2i/Coffee_room_01/Coffee_room_01/Videos/video (47).avi,fall,le2i:Coffee_room_01:video (47),1,le2i,le2i:Coffee_room_01:video (47),128,144,144,16,10,10,2.5,0,250
/data/final_project_dataset/le2i/Coffee_room_01/Coffee_room_01/Videos/video (47).avi,fall,le2i:Coffee_room_01:video (47),1,le2i,le2i:Coffee_room_01:video (47),130,146,146,16,10,10,2.5,0,250
/data/final_project_dataset/le2i/Coffee_room_01/Coffee_room_01/Videos/video (47).avi,fall,le2i:Coffee_room_01:video (47),1,le2i,le2i:Coffee_room_01:video (47),132,148,148,16,10,10,2.5,0,250
/data/final_project_dataset/le2i/Coffee_room_01/Coffee_room_01/Videos/video (47).avi,fall,le2i:Coffee_room_01:video (47),1,le2i,le2i:Coffee_room_01:video (47),134,150,150,16,10,10,2.5,0,250
/data/final_project_dataset/le2i/Coffee_room_01/Coffee_room_01/Videos/video (47).avi,fall,le2i:Coffee_room_01:video (47),1,le2i,le2i:Coffee_room_01:video (47),136,152,152,16,10,10,2.5,0,250
/data/final_project_dataset/le2i/Coffee_room_01/Coffee_room_01/Videos/video (47).avi,fall,le2i:Coffee_room_01:video (47),1,le2i,le2i:Coffee_room_01:video (47),138,154,154,16,10,10,2.5,0,250
/data/final_project_dataset/le2i/Coffee_room_01/Coffee_room_01/Videos/video (47).avi,fall,le2i:Coffee_room_01:video (47),1,le2i,le2i:Coffee_room_01:video (47),140,156,156,16,10,10,2.5,0,250
/data/final_project_dataset/le2i/Coffee_room_01/Coffee_room_01/Videos/video (47).avi,fall,le2i:Coffee_room_01:video (47),1,le2i,le2i:Coffee_room_01:video (47),142,158,158,16,10,10,2.5,0,250
/data/final_project_dataset/le2i/Coffee_room_01/Coffee_room_01/Videos/video (47).avi,fall,le2i:Coffee_room_01:video (47),1,le2i,le2i:Coffee_room_01:video (47),144,160,160,16,10,10,2.5,0,250
/data/final_project_dataset/le2i/Coffee_room_01/Coffee_room_01/Videos/video (47).avi,fall,le2i:Coffee_room_01:video (47),1,le2i,le2i:Coffee_room_01:video (47),146,162,162,16,10,10,2.5,0,250
/data/final_project_dataset/le2i/Coffee_room_01/Coffee_room_01/Videos/video (47).avi,fall,le2i:Coffee_room_01:video (47),1,le2i,le2i:Coffee_room_01:video (47),148,164,164,16,10,10,2.5,0,250
/data/final_project_dataset/le2i/Coffee_room_01/Coffee_room_01/Videos/video (47).avi,fall,le2i:Coffee_room_01:video (47),1,le2i,le2i:Coffee_room_01:video (47),150,166,166,16,10,10,2.5,0,250
/data/final_project_dataset/le2i/Coffee_room_01/Coffee_room_01/Videos/video (47).avi,fall,le2i:Coffee_room_01:video (47),1,le2i,le2i:Coffee_room_01:video (47),152,168,168,16,10,10,2.5,0,250
/data/final_project_dataset/le2i/Coffee_room_01/Coffee_room_01/Videos/video (47).avi,fall,le2i:Coffee_room_01:video (47),1,le2i,le2i:Coffee_room_01:video (47),154,170,170,16,10,10,2.5,0,250
/data/final_project_dataset/le2i/Coffee_room_01/Coffee_room_01/Videos/video (47).avi,fall,le2i:Coffee_room_01:video (47),1,le2i,le2i:Coffee_room_01:video (47),156,172,172,16,10,10,2.5,0,250
/data/final_project_dataset/le2i/Coffee_room_01/Coffee_room_01/Videos/video (47).avi,fall,le2i:Coffee_room_01:video (47),1,le2i,le2i:Coffee_room_01:video (47),158,174,174,16,10,10,2.5,0,250
/data/final_project_dataset/le2i/Coffee_room_01/Coffee_room_01/Videos/video (47).avi,fall,le2i:Coffee_room_01:video (47),1,le2i,le2i:Coffee_room_01:video (47),160,176,176,16,10,10,2.5,0,250
/data/final_project_dataset/le2i/Coffee_room_01/Coffee_room_01/Videos/video (47).avi,fall,le2i:Coffee_room_01:video (47),1,le2i,le2i:Coffee_room_01:video (47),162,178,178,16,10,10,2.5,0,250
/data/final_project_dataset/le2i/Coffee_room_01/Coffee_room_01/Videos/video (47).avi,fall,le2i:Coffee_room_01:video (47),1,le2i,le2i:Coffee_room_01:video (47),164,180,180,16,10,10,2.5,0,250
/data/final_project_dataset/le2i/Coffee_room_01/Coffee_room_01/Videos/video (47).avi,fall,le2i:Coffee_room_01:video (47),1,le2i,le2i:Coffee_room_01:video (47),166,182,182,16,10,10,2.5,0,250
/data/final_project_dataset/le2i/Coffee_room_01/Coffee_room_01/Videos/video (47).avi,fall,le2i:Coffee_room_01:video (47),1,le2i,le2i:Coffee_room_01:video (47),168,184,184,16,10,10,2.5,0,250
/data/final_project_dataset/le2i/Coffee_room_01/Coffee_room_01/Videos/video (47).avi,fall,le2i:Coffee_room_01:video (47),1,le2i,le2i:Coffee_room_01:video (47),170,186,186,16,10,10,2.5,0,250
/data/final_project_dataset/le2i/Coffee_room_01/Coffee_room_01/Videos/video (47).avi,fall,le2i:Coffee_room_01:video (47),1,le2i,le2i:Coffee_room_01:video (47),172,188,188,16,10,10,2.5,0,250
/data/final_project_dataset/le2i/Coffee_room_01/Coffee_room_01/Videos/video (47).avi,fall,le2i:Coffee_room_01:video (47),1,le2i,le2i:Coffee_room_01:video (47),174,190,190,16,10,10,2.5,0,250
/data/final_project_dataset/le2i/Coffee_room_01/Coffee_room_01/Videos/video (47).avi,fall,le2i:Coffee_room_01:video (47),1,le2i,le2i:Coffee_room_01:video (47),176,192,192,16,10,10,2.5,0,250
/data/final_project_dataset/le2i/Coffee_room_01/Coffee_room_01/Videos/video (47).avi,fall,le2i:Coffee_room_01:video (47),1,le2i,le2i:Coffee_room_01:video (47),178,194,194,16,10,10,2.5,0,250
/data/final_project_dataset/le2i/Coffee_room_01/Coffee_room_01/Videos/video (47).avi,fall,le2i:Coffee_room_01:video (47),1,le2i,le2i:Coffee_room_01:video (47),180,196,196,16,10,10,2.5,0,250
/data/final_project_dataset/le2i/Coffee_room_01/Coffee_room_01/Videos/video (47).avi,fall,le2i:Coffee_room_01:video (47),1,le2i,le2i:Coffee_room_01:video (47),182,198,198,16,10,10,2.5,0,250
/data/final_project_dataset/le2i/Coffee_room_01/Coffee_room_01/Videos/video (47).avi,fall,le2i:Coffee_room_01:video (47),1,le2i,le2i:Coffee_room_01:video (47),184,200,200,16,10,10,2.5,0,250
/data/final_project_dataset/le2i/Coffee_room_01/Coffee_room_01/Videos/video (47).avi,fall,le2i:Coffee_room_01:video (47),1,le2i,le2i:Coffee_room_01:video (47),186,202,202,16,10,10,2.5,0,250
/data/final_project_dataset/le2i/Coffee_room_01/Coffee_room_01/Videos/video (47).avi,fall,le2i:Coffee_room_01:video (47),1,le2i,le2i:Coffee_room_01:video (47),188,204,204,16,10,10,2.5,0,250
/data/final_project_dataset/le2i/Coffee_room_01/Coffee_room_01/Videos/video (47).avi,fall,le2i:Coffee_room_01:video (47),1,le2i,le2i:Coffee_room_01:video (47),190,206,206,16,10,10,2.5,0,250
/data/final_project_dataset/le2i/Coffee_room_01/Coffee_room_01/Videos/video (47).avi,fall,le2i:Coffee_room_01:video (47),1,le2i,le2i:Coffee_room_01:video (47),192,208,208,16,10,10,2.5,0,250
/data/final_project_dataset/le2i/Coffee_room_01/Coffee_room_01/Videos/video (47).avi,fall,le2i:Coffee_room_01:video (47),1,le2i,le2i:Coffee_room_01:video (47),194,210,210,16,10,10,2.5,0,250
/data/final_project_dataset/le2i/Coffee_room_01/Coffee_room_01/Videos/video (47).avi,fall,le2i:Coffee_room_01:video (47),1,le2i,le2i:Coffee_room_01:video (47),196,212,212,16,10,10,2.5,0,250
/data/final_project_dataset/le2i/Coffee_room_01/Coffee_room_01/Videos/video (47).avi,fall,le2i:Coffee_room_01:video (47),1,le2i,le2i:Coffee_room_01:video (47),198,214,214,16,10,10,2.5,0,250
/data/final_project_dataset/le2i/Coffee_room_01/Coffee_room_01/Videos/video (47).avi,fall,le2i:Coffee_room_01:video (47),1,le2i,le2i:Coffee_room_01:video (47),200,216,216,16,10,10,2.5,0,250
/data/final_project_dataset/le2i/Coffee_room_01/Coffee_room_01/Videos/video (47).avi,fall,le2i:Coffee_room_01:video (47),1,le2i,le2i:Coffee_room_01:video (47),202,218,218,16,10,10,2.5,0,250
/data/final_project_dataset/le2i/Coffee_room_01/Coffee_room_01/Videos/video (47).avi,fall,le2i:Coffee_room_01:video (47),1,le2i,le2i:Coffee_room_01:video (47),204,220,220,16,10,10,2.5,0,250
/data/final_project_dataset/le2i/Coffee_room_01/Coffee_room_01/Videos/video (47).avi,fall,le2i:Coffee_room_01:video (47),1,le2i,le2i:Coffee_room_01:video (47),206,222,222,16,10,10,2.5,0,250
/data/final_project_dataset/le2i/Coffee_room_01/Coffee_room_01/Videos/video (47).avi,fall,le2i:Coffee_room_01:video (47),1,le2i,le2i:Coffee_room_01:video (47),208,224,224,16,10,10,2.5,0,250
/data/final_project_dataset/le2i/Coffee_room_01/Coffee_room_01/Videos/video (47).avi,fall,le2i:Coffee_room_01:video (47),1,le2i,le2i:Coffee_room_01:video (47),210,226,226,16,10,10,2.5,0,250
/data/final_project_dataset/le2i/Coffee_room_01/Coffee_room_01/Videos/video (47).avi,fall,le2i:Coffee_room_01:video (47),1,le2i,le2i:Coffee_room_01:video (47),212,228,228,16,10,10,2.5,0,250
/data/final_project_dataset/le2i/Coffee_room_01/Coffee_room_01/Videos/video (47).avi,fall,le2i:Coffee_room_01:video (47),1,le2i,le2i:Coffee_room_01:video (47),214,230,230,16,10,10,2.5,0,250
/data/final_project_dataset/le2i/Coffee_room_01/Coffee_room_01/Videos/video (47).avi,fall,le2i:Coffee_room_01:video (47),1,le2i,le2i:Coffee_room_01:video (47),216,232,232,16,10,10,2.5,0,250
/data/final_project_dataset/le2i/Coffee_room_01/Coffee_room_01/Videos/video (47).avi,fall,le2i:Coffee_room_01:video (47),1,le2i,le2i:Coffee_room_01:video (47),218,234,234,16,10,10,2.5,0,250
/data/final_project_dataset/le2i/Coffee_room_01/Coffee_room_01/Videos/video (47).avi,fall,le2i:Coffee_room_01:video (47),1,le2i,le2i:Coffee_room_01:video (47),220,236,236,16,10,10,2.5,0,250
/data/final_project_dataset/le2i/Coffee_room_01/Coffee_room_01/Videos/video (47).avi,fall,le2i:Coffee_room_01:video (47),1,le2i,le2i:Coffee_room_01:video (47),222,238,238,16,10,10,2.5,0,250
/data/final_project_dataset/le2i/Coffee_room_01/Coffee_room_01/Videos/video (47).avi,fall,le2i:Coffee_room_01:video (47),1,le2i,le2i:Coffee_room_01:video (47),224,240,240,16,10,10,2.5,1,250
/data/final_project_dataset/le2i/Coffee_room_01/Coffee_room_01/Videos/video (47).avi,fall,le2i:Coffee_room_01:video (47),1,le2i,le2i:Coffee_room_01:video (47),226,242,242,16,10,10,2.5,1,250
/data/final_project_dataset/le2i/Coffee_room_01/Coffee_room_01/Videos/video (47).avi,fall,le2i:Coffee_room_01:video (47),1,le2i,le2i:Coffee_room_01:video (47),228,244,244,16,10,10,2.5,1,250
/data/final_project_dataset/le2i/Coffee_room_01/Coffee_room_01/Videos/video (47).avi,fall,le2i:Coffee_room_01:video (47),1,le2i,le2i:Coffee_room_01:video (47),230,246,246,16,10,10,2.5,1,250
/data/final_project_dataset/le2i/Coffee_room_01/Coffee_room_01/Videos/video (47).avi,fall,le2i:Coffee_room_01:video (47),1,le2i,le2i:Coffee_room_01:video (47),232,248,248,16,10,10,2.5,1,250
/data/final_project_dataset/le2i/Coffee_room_01/Coffee_room_01/Videos/video (48).avi,fall,le2i:Coffee_room_01:video (48),1,le2i,le2i:Coffee_room_01:video (48),0,16,16,16,10,10,2.5,0,262
/data/final_project_dataset/le2i/Coffee_room_01/Coffee_room_01/Videos/video (48).avi,fall,le2i:Coffee_room_01:video (48),1,le2i,le2i:Coffee_room_01:video (48),2,18,18,16,10,10,2.5,0,262
/data/final_project_dataset/le2i/Coffee_room_01/Coffee_room_01/Videos/video (48).avi,fall,le2i:Coffee_room_01:video (48),1,le2i,le2i:Coffee_room_01:video (48),4,20,20,16,10,10,2.5,0,262
/data/final_project_dataset/le2i/Coffee_room_01/Coffee_room_01/Videos/video (48).avi,fall,le2i:Coffee_room_01:video (48),1,le2i,le2i:Coffee_room_01:video (48),6,22,22,16,10,10,2.5,0,262
/data/final_project_dataset/le2i/Coffee_room_01/Coffee_room_01/Videos/video (48).avi,fall,le2i:Coffee_room_01:video (48),1,le2i,le2i:Coffee_room_01:video (48),8,24,24,16,10,10,2.5,0,262
/data/final_project_dataset/le2i/Coffee_room_01/Coffee_room_01/Videos/video (48).avi,fall,le2i:Coffee_room_01:video (48),1,le2i,le2i:Coffee_room_01:video (48),10,26,26,16,10,10,2.5,0,262
/data/final_project_dataset/le2i/Coffee_room_01/Coffee_room_01/Videos/video (48).avi,fall,le2i:Coffee_room_01:video (48),1,le2i,le2i:Coffee_room_01:video (48),12,28,28,16,10,10,2.5,0,262
/data/final_project_dataset/le2i/Coffee_room_01/Coffee_room_01/Videos/video (48).avi,fall,le2i:Coffee_room_01:video (48),1,le2i,le2i:Coffee_room_01:video (48),14,30,30,16,10,10,2.5,0,262
/data/final_project_dataset/le2i/Coffee_room_01/Coffee_room_01/Videos/video (48).avi,fall,le2i:Coffee_room_01:video (48),1,le2i,le2i:Coffee_room_01:video (48),16,32,32,16,10,10,2.5,0,262
/data/final_project_dataset/le2i/Coffee_room_01/Coffee_room_01/Videos/video (48).avi,fall,le2i:Coffee_room_01:video (48),1,le2i,le2i:Coffee_room_01:video (48),18,34,34,16,10,10,2.5,0,262
/data/final_project_dataset/le2i/Coffee_room_01/Coffee_room_01/Videos/video (48).avi,fall,le2i:Coffee_room_01:video (48),1,le2i,le2i:Coffee_room_01:video (48),20,36,36,16,10,10,2.5,0,262
/data/final_project_dataset/le2i/Coffee_room_01/Coffee_room_01/Videos/video (48).avi,fall,le2i:Coffee_room_01:video (48),1,le2i,le2i:Coffee_room_01:video (48),22,38,38,16,10,10,2.5,0,262
/data/final_project_dataset/le2i/Coffee_room_01/Coffee_room_01/Videos/video (48).avi,fall,le2i:Coffee_room_01:video (48),1,le2i,le2i:Coffee_room_01:video (48),24,40,40,16,10,10,2.5,0,262
/data/final_project_dataset/le2i/Coffee_room_01/Coffee_room_01/Videos/video (48).avi,fall,le2i:Coffee_room_01:video (48),1,le2i,le2i:Coffee_room_01:video (48),26,42,42,16,10,10,2.5,0,262
/data/final_project_dataset/le2i/Coffee_room_01/Coffee_room_01/Videos/video (48).avi,fall,le2i:Coffee_room_01:video (48),1,le2i,le2i:Coffee_room_01:video (48),28,44,44,16,10,10,2.5,0,262
/data/final_project_dataset/le2i/Coffee_room_01/Coffee_room_01/Videos/video (48).avi,fall,le2i:Coffee_room_01:video (48),1,le2i,le2i:Coffee_room_01:video (48),30,46,46,16,10,10,2.5,0,262
/data/final_project_dataset/le2i/Coffee_room_01/Coffee_room_01/Videos/video (48).avi,fall,le2i:Coffee_room_01:video (48),1,le2i,le2i:Coffee_room_01:video (48),32,48,48,16,10,10,2.5,0,262
/data/final_project_dataset/le2i/Coffee_room_01/Coffee_room_01/Videos/video (48).avi,fall,le2i:Coffee_room_01:video (48),1,le2i,le2i:Coffee_room_01:video (48),34,50,50,16,10,10,2.5,0,262
/data/final_project_dataset/le2i/Coffee_room_01/Coffee_room_01/Videos/video (48).avi,fall,le2i:Coffee_room_01:video (48),1,le2i,le2i:Coffee_room_01:video (48),36,52,52,16,10,10,2.5,0,262
/data/final_project_dataset/le2i/Coffee_room_01/Coffee_room_01/Videos/video (48).avi,fall,le2i:Coffee_room_01:video (48),1,le2i,le2i:Coffee_room_01:video (48),38,54,54,16,10,10,2.5,0,262
/data/final_project_dataset/le2i/Coffee_room_01/Coffee_room_01/Videos/video (48).avi,fall,le2i:Coffee_room_01:video (48),1,le2i,le2i:Coffee_room_01:video (48),40,56,56,16,10,10,2.5,0,262
/data/final_project_dataset/le2i/Coffee_room_01/Coffee_room_01/Videos/video (48).avi,fall,le2i:Coffee_room_01:video (48),1,le2i,le2i:Coffee_room_01:video (48),42,58,58,16,10,10,2.5,0,262
/data/final_project_dataset/le2i/Coffee_room_01/Coffee_room_01/Videos/video (48).avi,fall,le2i:Coffee_room_01:video (48),1,le2i,le2i:Coffee_room_01:video (48),44,60,60,16,10,10,2.5,0,262
/data/final_project_dataset/le2i/Coffee_room_01/Coffee_room_01/Videos/video (48).avi,fall,le2i:Coffee_room_01:video (48),1,le2i,le2i:Coffee_room_01:video (48),46,62,62,16,10,10,2.5,0,262
/data/final_project_dataset/le2i/Coffee_room_01/Coffee_room_01/Videos/video (48).avi,fall,le2i:Coffee_room_01:video (48),1,le2i,le2i:Coffee_room_01:video (48),48,64,64,16,10,10,2.5,0,262
/data/final_project_dataset/le2i/Coffee_room_01/Coffee_room_01/Videos/video (48).avi,fall,le2i:Coffee_room_01:video (48),1,le2i,le2i:Coffee_room_01:video (48),50,66,66,16,10,10,2.5,0,262
/data/final_project_dataset/le2i/Coffee_room_01/Coffee_room_01/Videos/video (48).avi,fall,le2i:Coffee_room_01:video (48),1,le2i,le2i:Coffee_room_01:video (48),52,68,68,16,10,10,2.5,0,262
/data/final_project_dataset/le2i/Coffee_room_01/Coffee_room_01/Videos/video (48).avi,fall,le2i:Coffee_room_01:video (48),1,le2i,le2i:Coffee_room_01:video (48),54,70,70,16,10,10,2.5,0,262
/data/final_project_dataset/le2i/Coffee_room_01/Coffee_room_01/Videos/video (48).avi,fall,le2i:Coffee_room_01:video (48),1,le2i,le2i:Coffee_room_01:video (48),56,72,72,16,10,10,2.5,0,262
/data/final_project_dataset/le2i/Coffee_room_01/Coffee_room_01/Videos/video (48).avi,fall,le2i:Coffee_room_01:video (48),1,le2i,le2i:Coffee_room_01:video (48),58,74,74,16,10,10,2.5,0,262
/data/final_project_dataset/le2i/Coffee_room_01/Coffee_room_01/Videos/video (48).avi,fall,le2i:Coffee_room_01:video (48),1,le2i,le2i:Coffee_room_01:video (48),60,76,76,16,10,10,2.5,0,262
/data/final_project_dataset/le2i/Coffee_room_01/Coffee_room_01/Videos/video (48).avi,fall,le2i:Coffee_room_01:video (48),1,le2i,le2i:Coffee_room_01:video (48),62,78,78,16,10,10,2.5,0,262
/data/final_project_dataset/le2i/Coffee_room_01/Coffee_room_01/Videos/video (48).avi,fall,le2i:Coffee_room_01:video (48),1,le2i,le2i:Coffee_room_01:video (48),64,80,80,16,10,10,2.5,0,262
/data/final_project_dataset/le2i/Coffee_room_01/Coffee_room_01/Videos/video (48).avi,fall,le2i:Coffee_room_01:video (48),1,le2i,le2i:Coffee_room_01:video (48),66,82,82,16,10,10,2.5,0,262
/data/final_project_dataset/le2i/Coffee_room_01/Coffee_room_01/Videos/video (48).avi,fall,le2i:Coffee_room_01:video (48),1,le2i,le2i:Coffee_room_01:video (48),68,84,84,16,10,10,2.5,0,262
/data/final_project_dataset/le2i/Coffee_room_01/Coffee_room_01/Videos/video (48).avi,fall,le2i:Coffee_room_01:video (48),1,le2i,le2i:Coffee_room_01:video (48),70,86,86,16,10,10,2.5,0,262
/data/final_project_dataset/le2i/Coffee_room_01/Coffee_room_01/Videos/video (48).avi,fall,le2i:Coffee_room_01:video (48),1,le2i,le2i:Coffee_room_01:video (48),72,88,88,16,10,10,2.5,0,262
/data/final_project_dataset/le2i/Coffee_room_01/Coffee_room_01/Videos/video (48).avi,fall,le2i:Coffee_room_01:video (48),1,le2i,le2i:Coffee_room_01:video (48),74,90,90,16,10,10,2.5,0,262
/data/final_project_dataset/le2i/Coffee_room_01/Coffee_room_01/Videos/video (48).avi,fall,le2i:Coffee_room_01:video (48),1,le2i,le2i:Coffee_room_01:video (48),76,92,92,16,10,10,2.5,0,262
/data/final_project_dataset/le2i/Coffee_room_01/Coffee_room_01/Videos/video (48).avi,fall,le2i:Coffee_room_01:video (48),1,le2i,le2i:Coffee_room_01:video (48),78,94,94,16,10,10,2.5,0,262
/data/final_project_dataset/le2i/Coffee_room_01/Coffee_room_01/Videos/video (48).avi,fall,le2i:Coffee_room_01:video (48),1,le2i,le2i:Coffee_room_01:video (48),80,96,96,16,10,10,2.5,0,262
/data/final_project_dataset/le2i/Coffee_room_01/Coffee_room_01/Videos/video (48).avi,fall,le2i:Coffee_room_01:video (48),1,le2i,le2i:Coffee_room_01:video (48),82,98,98,16,10,10,2.5,0,262
/data/final_project_dataset/le2i/Coffee_room_01/Coffee_room_01/Videos/video (48).avi,fall,le2i:Coffee_room_01:video (48),1,le2i,le2i:Coffee_room_01:video (48),84,100,100,16,10,10,2.5,0,262
/data/final_project_dataset/le2i/Coffee_room_01/Coffee_room_01/Videos/video (48).avi,fall,le2i:Coffee_room_01:video (48),1,le2i,le2i:Coffee_room_01:video (48),86,102,102,16,10,10,2.5,0,262
/data/final_project_dataset/le2i/Coffee_room_01/Coffee_room_01/Videos/video (48).avi,fall,le2i:Coffee_room_01:video (48),1,le2i,le2i:Coffee_room_01:video (48),88,104,104,16,10,10,2.5,0,262
/data/final_project_dataset/le2i/Coffee_room_01/Coffee_room_01/Videos/video (48).avi,fall,le2i:Coffee_room_01:video (48),1,le2i,le2i:Coffee_room_01:video (48),90,106,106,16,10,10,2.5,0,262
/data/final_project_dataset/le2i/Coffee_room_01/Coffee_room_01/Videos/video (48).avi,fall,le2i:Coffee_room_01:video (48),1,le2i,le2i:Coffee_room_01:video (48),92,108,108,16,10,10,2.5,0,262
/data/final_project_dataset/le2i/Coffee_room_01/Coffee_room_01/Videos/video (48).avi,fall,le2i:Coffee_room_01:video (48),1,le2i,le2i:Coffee_room_01:video (48),94,110,110,16,10,10,2.5,0,262
/data/final_project_dataset/le2i/Coffee_room_01/Coffee_room_01/Videos/video (48).avi,fall,le2i:Coffee_room_01:video (48),1,le2i,le2i:Coffee_room_01:video (48),96,112,112,16,10,10,2.5,0,262
/data/final_project_dataset/le2i/Coffee_room_01/Coffee_room_01/Videos/video (48).avi,fall,le2i:Coffee_room_01:video (48),1,le2i,le2i:Coffee_room_01:video (48),98,114,114,16,10,10,2.5,0,262
/data/final_project_dataset/le2i/Coffee_room_01/Coffee_room_01/Videos/video (48).avi,fall,le2i:Coffee_room_01:video (48),1,le2i,le2i:Coffee_room_01:video (48),100,116,116,16,10,10,2.5,0,262
/data/final_project_dataset/le2i/Coffee_room_01/Coffee_room_01/Videos/video (48).avi,fall,le2i:Coffee_room_01:video (48),1,le2i,le2i:Coffee_room_01:video (48),102,118,118,16,10,10,2.5,0,262
/data/final_project_dataset/le2i/Coffee_room_01/Coffee_room_01/Videos/video (48).avi,fall,le2i:Coffee_room_01:video (48),1,le2i,le2i:Coffee_room_01:video (48),104,120,120,16,10,10,2.5,0,262
/data/final_project_dataset/le2i/Coffee_room_01/Coffee_room_01/Videos/video (48).avi,fall,le2i:Coffee_room_01:video (48),1,le2i,le2i:Coffee_room_01:video (48),106,122,122,16,10,10,2.5,0,262
/data/final_project_dataset/le2i/Coffee_room_01/Coffee_room_01/Videos/video (48).avi,fall,le2i:Coffee_room_01:video (48),1,le2i,le2i:Coffee_room_01:video (48),108,124,124,16,10,10,2.5,0,262
/data/final_project_dataset/le2i/Coffee_room_01/Coffee_room_01/Videos/video (48).avi,fall,le2i:Coffee_room_01:video (48),1,le2i,le2i:Coffee_room_01:video (48),110,126,126,16,10,10,2.5,0,262
/data/final_project_dataset/le2i/Coffee_room_01/Coffee_room_01/Videos/video (48).avi,fall,le2i:Coffee_room_01:video (48),1,le2i,le2i:Coffee_room_01:video (48),112,128,128,16,10,10,2.5,0,262
/data/final_project_dataset/le2i/Coffee_room_01/Coffee_room_01/Videos/video (48).avi,fall,le2i:Coffee_room_01:video (48),1,le2i,le2i:Coffee_room_01:video (48),114,130,130,16,10,10,2.5,0,262
/data/final_project_dataset/le2i/Coffee_room_01/Coffee_room_01/Videos/video (48).avi,fall,le2i:Coffee_room_01:video (48),1,le2i,le2i:Coffee_room_01:video (48),116,132,132,16,10,10,2.5,0,262
/data/final_project_dataset/le2i/Coffee_room_01/Coffee_room_01/Videos/video (48).avi,fall,le2i:Coffee_room_01:video (48),1,le2i,le2i:Coffee_room_01:video (48),118,134,134,16,10,10,2.5,0,262
/data/final_project_dataset/le2i/Coffee_room_01/Coffee_room_01/Videos/video (48).avi,fall,le2i:Coffee_room_01:video (48),1,le2i,le2i:Coffee_room_01:video (48),120,136,136,16,10,10,2.5,0,262
/data/final_project_dataset/le2i/Coffee_room_01/Coffee_room_01/Videos/video (48).avi,fall,le2i:Coffee_room_01:video (48),1,le2i,le2i:Coffee_room_01:video (48),122,138,138,16,10,10,2.5,0,262
/data/final_project_dataset/le2i/Coffee_room_01/Coffee_room_01/Videos/video (48).avi,fall,le2i:Coffee_room_01:video (48),1,le2i,le2i:Coffee_room_01:video (48),124,140,140,16,10,10,2.5,0,262
/data/final_project_dataset/le2i/Coffee_room_01/Coffee_room_01/Videos/video (48).avi,fall,le2i:Coffee_room_01:video (48),1,le2i,le2i:Coffee_room_01:video (48),126,142,142,16,10,10,2.5,0,262
/data/final_project_dataset/le2i/Coffee_room_01/Coffee_room_01/Videos/video (48).avi,fall,le2i:Coffee_room_01:video (48),1,le2i,le2i:Coffee_room_01:video (48),128,144,144,16,10,10,2.5,0,262
/data/final_project_dataset/le2i/Coffee_room_01/Coffee_room_01/Videos/video (48).avi,fall,le2i:Coffee_room_01:video (48),1,le2i,le2i:Coffee_room_01:video (48),130,146,146,16,10,10,2.5,0,262
/data/final_project_dataset/le2i/Coffee_room_01/Coffee_room_01/Videos/video (48).avi,fall,le2i:Coffee_room_01:video (48),1,le2i,le2i:Coffee_room_01:video (48),132,148,148,16,10,10,2.5,0,262
/data/final_project_dataset/le2i/Coffee_room_01/Coffee_room_01/Videos/video (48).avi,fall,le2i:Coffee_room_01:video (48),1,le2i,le2i:Coffee_room_01:video (48),134,150,150,16,10,10,2.5,0,262
/data/final_project_dataset/le2i/Coffee_room_01/Coffee_room_01/Videos/video (48).avi,fall,le2i:Coffee_room_01:video (48),1,le2i,le2i:Coffee_room_01:video (48),136,152,152,16,10,10,2.5,0,262
/data/final_project_dataset/le2i/Coffee_room_01/Coffee_room_01/Videos/video (48).avi,fall,le2i:Coffee_room_01:video (48),1,le2i,le2i:Coffee_room_01:video (48),138,154,154,16,10,10,2.5,0,262
/data/final_project_dataset/le2i/Coffee_room_01/Coffee_room_01/Videos/video (48).avi,fall,le2i:Coffee_room_01:video (48),1,le2i,le2i:Coffee_room_01:video (48),140,156,156,16,10,10,2.5,0,262
/data/final_project_dataset/le2i/Coffee_room_01/Coffee_room_01/Videos/video (48).avi,fall,le2i:Coffee_room_01:video (48),1,le2i,le2i:Coffee_room_01:video (48),142,158,158,16,10,10,2.5,0,262
/data/final_project_dataset/le2i/Coffee_room_01/Coffee_room_01/Videos/video (48).avi,fall,le2i:Coffee_room_01:video (48),1,le2i,le2i:Coffee_room_01:video (48),144,160,160,16,10,10,2.5,0,262
/data/final_project_dataset/le2i/Coffee_room_01/Coffee_room_01/Videos/video (48).avi,fall,le2i:Coffee_room_01:video (48),1,le2i,le2i:Coffee_room_01:video (48),146,162,162,16,10,10,2.5,0,262
/data/final_project_dataset/le2i/Coffee_room_01/Coffee_room_01/Videos/video (48).avi,fall,le2i:Coffee_room_01:video (48),1,le2i,le2i:Coffee_room_01:video (48),148,164,164,16,10,10,2.5,0,262
/data/final_project_dataset/le2i/Coffee_room_01/Coffee_room_01/Videos/video (48).avi,fall,le2i:Coffee_room_01:video (48),1,le2i,le2i:Coffee_room_01:video (48),150,166,166,16,10,10,2.5,0,262
/data/final_project_dataset/le2i/Coffee_room_01/Coffee_room_01/Videos/video (48).avi,fall,le2i:Coffee_room_01:video (48),1,le2i,le2i:Coffee_room_01:video (48),152,168,168,16,10,10,2.5,0,262
/data/final_project_dataset/le2i/Coffee_room_01/Coffee_room_01/Videos/video (48).avi,fall,le2i:Coffee_room_01:video (48),1,le2i,le2i:Coffee_room_01:video (48),154,170,170,16,10,10,2.5,0,262
/data/final_project_dataset/le2i/Coffee_room_01/Coffee_room_01/Videos/video (48).avi,fall,le2i:Coffee_room_01:video (48),1,le2i,le2i:Coffee_room_01:video (48),156,172,172,16,10,10,2.5,0,262
/data/final_project_dataset/le2i/Coffee_room_01/Coffee_room_01/Videos/video (48).avi,fall,le2i:Coffee_room_01:video (48),1,le2i,le2i:Coffee_room_01:video (48),158,174,174,16,10,10,2.5,0,262
/data/final_project_dataset/le2i/Coffee_room_01/Coffee_room_01/Videos/video (48).avi,fall,le2i:Coffee_room_01:video (48),1,le2i,le2i:Coffee_room_01:video (48),160,176,176,16,10,10,2.5,0,262
/data/final_project_dataset/le2i/Coffee_room_01/Coffee_room_01/Videos/video (48).avi,fall,le2i:Coffee_room_01:video (48),1,le2i,le2i:Coffee_room_01:video (48),162,178,178,16,10,10,2.5,0,262
/data/final_project_dataset/le2i/Coffee_room_01/Coffee_room_01/Videos/video (48).avi,fall,le2i:Coffee_room_01:video (48),1,le2i,le2i:Coffee_room_01:video (48),164,180,180,16,10,10,2.5,0,262
/data/final_project_dataset/le2i/Coffee_room_01/Coffee_room_01/Videos/video (48).avi,fall,le2i:Coffee_room_01:video (48),1,le2i,le2i:Coffee_room_01:video (48),166,182,182,16,10,10,2.5,0,262
/data/final_project_dataset/le2i/Coffee_room_01/Coffee_room_01/Videos/video (48).avi,fall,le2i:Coffee_room_01:video (48),1,le2i,le2i:Coffee_room_01:video (48),168,184,184,16,10,10,2.5,0,262
/data/final_project_dataset/le2i/Coffee_room_01/Coffee_room_01/Videos/video (48).avi,fall,le2i:Coffee_room_01:video (48),1,le2i,le2i:Coffee_room_01:video (48),170,186,186,16,10,10,2.5,0,262
/data/final_project_dataset/le2i/Coffee_room_01/Coffee_room_01/Videos/video (48).avi,fall,le2i:Coffee_room_01:video (48),1,le2i,le2i:Coffee_room_01:video (48),172,188,188,16,10,10,2.5,0,262
/data/final_project_dataset/le2i/Coffee_room_01/Coffee_room_01/Videos/video (48).avi,fall,le2i:Coffee_room_01:video (48),1,le2i,le2i:Coffee_room_01:video (48),174,190,190,16,10,10,2.5,0,262
/data/final_project_dataset/le2i/Coffee_room_01/Coffee_room_01/Videos/video (48).avi,fall,le2i:Coffee_room_01:video (48),1,le2i,le2i:Coffee_room_01:video (48),176,192,192,16,10,10,2.5,0,262
/data/final_project_dataset/le2i/Coffee_room_01/Coffee_room_01/Videos/video (48).avi,fall,le2i:Coffee_room_01:video (48),1,le2i,le2i:Coffee_room_01:video (48),178,194,194,16,10,10,2.5,0,262
/data/final_project_dataset/le2i/Coffee_room_01/Coffee_room_01/Videos/video (48).avi,fall,le2i:Coffee_room_01:video (48),1,le2i,le2i:Coffee_room_01:video (48),180,196,196,16,10,10,2.5,0,262
/data/final_project_dataset/le2i/Coffee_room_01/Coffee_room_01/Videos/video (48).avi,fall,le2i:Coffee_room_01:video (48),1,le2i,le2i:Coffee_room_01:video (48),182,198,198,16,10,10,2.5,0,262
/data/final_project_dataset/le2i/Coffee_room_01/Coffee_room_01/Videos/video (48).avi,fall,le2i:Coffee_room_01:video (48),1,le2i,le2i:Coffee_room_01:video (48),184,200,200,16,10,10,2.5,0,262
/data/final_project_dataset/le2i/Coffee_room_01/Coffee_room_01/Videos/video (48).avi,fall,le2i:Coffee_room_01:video (48),1,le2i,le2i:Coffee_room_01:video (48),186,202,202,16,10,10,2.5,0,262
/data/final_project_dataset/le2i/Coffee_room_01/Coffee_room_01/Videos/video (48).avi,fall,le2i:Coffee_room_01:video (48),1,le2i,le2i:Coffee_room_01:video (48),188,204,204,16,10,10,2.5,0,262
/data/final_project_dataset/le2i/Coffee_room_01/Coffee_room_01/Videos/video (48).avi,fall,le2i:Coffee_room_01:video (48),1,le2i,le2i:Coffee_room_01:video (48),190,206,206,16,10,10,2.5,0,262
/data/final_project_dataset/le2i/Coffee_room_01/Coffee_room_01/Videos/video (48).avi,fall,le2i:Coffee_room_01:video (48),1,le2i,le2i:Coffee_room_01:video (48),192,208,208,16,10,10,2.5,0,262
/data/final_project_dataset/le2i/Coffee_room_01/Coffee_room_01/Videos/video (48).avi,fall,le2i:Coffee_room_01:video (48),1,le2i,le2i:Coffee_room_01:video (48),194,210,210,16,10,10,2.5,0,262
/data/final_project_dataset/le2i/Coffee_room_01/Coffee_room_01/Videos/video (48).avi,fall,le2i:Coffee_room_01:video (48),1,le2i,le2i:Coffee_room_01:video (48),196,212,212,16,10,10,2.5,0,262
/data/final_project_dataset/le2i/Coffee_room_01/Coffee_room_01/Videos/video (48).avi,fall,le2i:Coffee_room_01:video (48),1,le2i,le2i:Coffee_room_01:video (48),198,214,214,16,10,10,2.5,0,262
/data/final_project_dataset/le2i/Coffee_room_01/Coffee_room_01/Videos/video (48).avi,fall,le2i:Coffee_room_01:video (48),1,le2i,le2i:Coffee_room_01:video (48),200,216,216,16,10,10,2.5,0,262
/data/final_project_dataset/le2i/Coffee_room_01/Coffee_room_01/Videos/video (48).avi,fall,le2i:Coffee_room_01:video (48),1,le2i,le2i:Coffee_room_01:video (48),202,218,218,16,10,10,2.5,0,262
/data/final_project_dataset/le2i/Coffee_room_01/Coffee_room_01/Videos/video (48).avi,fall,le2i:Coffee_room_01:video (48),1,le2i,le2i:Coffee_room_01:video (48),204,220,220,16,10,10,2.5,0,262
/data/final_project_dataset/le2i/Coffee_room_01/Coffee_room_01/Videos/video (48).avi,fall,le2i:Coffee_room_01:video (48),1,le2i,le2i:Coffee_room_01:video (48),206,222,222,16,10,10,2.5,0,262
/data/final_project_dataset/le2i/Coffee_room_01/Coffee_room_01/Videos/video (48).avi,fall,le2i:Coffee_room_01:video (48),1,le2i,le2i:Coffee_room_01:video (48),208,224,224,16,10,10,2.5,0,262
/data/final_project_dataset/le2i/Coffee_room_01/Coffee_room_01/Videos/video (48).avi,fall,le2i:Coffee_room_01:video (48),1,le2i,le2i:Coffee_room_01:video (48),210,226,226,16,10,10,2.5,0,262
/data/final_project_dataset/le2i/Coffee_room_01/Coffee_room_01/Videos/video (48).avi,fall,le2i:Coffee_room_01:video (48),1,le2i,le2i:Coffee_room_01:video (48),212,228,228,16,10,10,2.5,0,262
/data/final_project_dataset/le2i/Coffee_room_01/Coffee_room_01/Videos/video (48).avi,fall,le2i:Coffee_room_01:video (48),1,le2i,le2i:Coffee_room_01:video (48),214,230,230,16,10,10,2.5,0,262
/data/final_project_dataset/le2i/Coffee_room_01/Coffee_room_01/Videos/video (48).avi,fall,le2i:Coffee_room_01:video (48),1,le2i,le2i:Coffee_room_01:video (48),216,232,232,16,10,10,2.5,0,262
/data/final_project_dataset/le2i/Coffee_room_01/Coffee_room_01/Videos/video (48).avi,fall,le2i:Coffee_room_01:video (48),1,le2i,le2i:Coffee_room_01:video (48),218,234,234,16,10,10,2.5,0,262
/data/final_project_dataset/le2i/Coffee_room_01/Coffee_room_01/Videos/video (48).avi,fall,le2i:Coffee_room_01:video (48),1,le2i,le2i:Coffee_room_01:video (48),220,236,236,16,10,10,2.5,0,262
/data/final_project_dataset/le2i/Coffee_room_01/Coffee_room_01/Videos/video (48).avi,fall,le2i:Coffee_room_01:video (48),1,le2i,le2i:Coffee_room_01:video (48),222,238,238,16,10,10,2.5,0,262
/data/final_project_dataset/le2i/Coffee_room_01/Coffee_room_01/Videos/video (48).avi,fall,le2i:Coffee_room_01:video (48),1,le2i,le2i:Coffee_room_01:video (48),224,240,240,16,10,10,2.5,0,262
/data/final_project_dataset/le2i/Coffee_room_01/Coffee_room_01/Videos/video (48).avi,fall,le2i:Coffee_room_01:video (48),1,le2i,le2i:Coffee_room_01:video (48),226,242,242,16,10,10,2.5,0,262
/data/final_project_dataset/le2i/Coffee_room_01/Coffee_room_01/Videos/video (48).avi,fall,le2i:Coffee_room_01:video (48),1,le2i,le2i:Coffee_room_01:video (48),228,244,244,16,10,10,2.5,0,262
/data/final_project_dataset/le2i/Coffee_room_01/Coffee_room_01/Videos/video (48).avi,fall,le2i:Coffee_room_01:video (48),1,le2i,le2i:Coffee_room_01:video (48),230,246,246,16,10,10,2.5,0,262
/data/final_project_dataset/le2i/Coffee_room_01/Coffee_room_01/Videos/video (48).avi,fall,le2i:Coffee_room_01:video (48),1,le2i,le2i:Coffee_room_01:video (48),232,248,248,16,10,10,2.5,0,262
/data/final_project_dataset/le2i/Coffee_room_01/Coffee_room_01/Videos/video (48).avi,fall,le2i:Coffee_room_01:video (48),1,le2i,le2i:Coffee_room_01:video (48),234,250,250,16,10,10,2.5,0,262
/data/final_project_dataset/le2i/Coffee_room_01/Coffee_room_01/Videos/video (48).avi,fall,le2i:Coffee_room_01:video (48),1,le2i,le2i:Coffee_room_01:video (48),236,252,252,16,10,10,2.5,1,262
/data/final_project_dataset/le2i/Coffee_room_01/Coffee_room_01/Videos/video (48).avi,fall,le2i:Coffee_room_01:video (48),1,le2i,le2i:Coffee_room_01:video (48),238,254,254,16,10,10,2.5,1,262
/data/final_project_dataset/le2i/Coffee_room_01/Coffee_room_01/Videos/video (48).avi,fall,le2i:Coffee_room_01:video (48),1,le2i,le2i:Coffee_room_01:video (48),240,256,256,16,10,10,2.5,1,262
/data/final_project_dataset/le2i/Coffee_room_01/Coffee_room_01/Videos/video (48).avi,fall,le2i:Coffee_room_01:video (48),1,le2i,le2i:Coffee_room_01:video (48),242,258,258,16,10,10,2.5,1,262
/data/final_project_dataset/le2i/Coffee_room_01/Coffee_room_01/Videos/video (48).avi,fall,le2i:Coffee_room_01:video (48),1,le2i,le2i:Coffee_room_01:video (48),244,260,260,16,10,10,2.5,1,262
/data/final_project_dataset/le2i/Coffee_room_01/Coffee_room_01/Videos/video (5).avi,fall,le2i:Coffee_room_01:video (5),1,le2i,le2i:Coffee_room_01:video (5),0,16,16,16,10,10,2.5,0,52
/data/final_project_dataset/le2i/Coffee_room_01/Coffee_room_01/Videos/video (5).avi,fall,le2i:Coffee_room_01:video (5),1,le2i,le2i:Coffee_room_01:video (5),2,18,18,16,10,10,2.5,0,52
/data/final_project_dataset/le2i/Coffee_room_01/Coffee_room_01/Videos/video (5).avi,fall,le2i:Coffee_room_01:video (5),1,le2i,le2i:Coffee_room_01:video (5),4,20,20,16,10,10,2.5,0,52
/data/final_project_dataset/le2i/Coffee_room_01/Coffee_room_01/Videos/video (5).avi,fall,le2i:Coffee_room_01:video (5),1,le2i,le2i:Coffee_room_01:video (5),6,22,22,16,10,10,2.5,0,52
/data/final_project_dataset/le2i/Coffee_room_01/Coffee_room_01/Videos/video (5).avi,fall,le2i:Coffee_room_01:video (5),1,le2i,le2i:Coffee_room_01:video (5),8,24,24,16,10,10,2.5,0,52
/data/final_project_dataset/le2i/Coffee_room_01/Coffee_room_01/Videos/video (5).avi,fall,le2i:Coffee_room_01:video (5),1,le2i,le2i:Coffee_room_01:video (5),10,26,26,16,10,10,2.5,0,52
/data/final_project_dataset/le2i/Coffee_room_01/Coffee_room_01/Videos/video (5).avi,fall,le2i:Coffee_room_01:video (5),1,le2i,le2i:Coffee_room_01:video (5),12,28,28,16,10,10,2.5,0,52
/data/final_project_dataset/le2i/Coffee_room_01/Coffee_room_01/Videos/video (5).avi,fall,le2i:Coffee_room_01:video (5),1,le2i,le2i:Coffee_room_01:video (5),14,30,30,16,10,10,2.5,0,52
/data/final_project_dataset/le2i/Coffee_room_01/Coffee_room_01/Videos/video (5).avi,fall,le2i:Coffee_room_01:video (5),1,le2i,le2i:Coffee_room_01:video (5),16,32,32,16,10,10,2.5,0,52
/data/final_project_dataset/le2i/Coffee_room_01/Coffee_room_01/Videos/video (5).avi,fall,le2i:Coffee_room_01:video (5),1,le2i,le2i:Coffee_room_01:video (5),18,34,34,16,10,10,2.5,0,52
/data/final_project_dataset/le2i/Coffee_room_01/Coffee_room_01/Videos/video (5).avi,fall,le2i:Coffee_room_01:video (5),1,le2i,le2i:Coffee_room_01:video (5),20,36,36,16,10,10,2.5,0,52
/data/final_project_dataset/le2i/Coffee_room_01/Coffee_room_01/Videos/video (5).avi,fall,le2i:Coffee_room_01:video (5),1,le2i,le2i:Coffee_room_01:video (5),22,38,38,16,10,10,2.5,0,52
/data/final_project_dataset/le2i/Coffee_room_01/Coffee_room_01/Videos/video (5).avi,fall,le2i:Coffee_room_01:video (5),1,le2i,le2i:Coffee_room_01:video (5),24,40,40,16,10,10,2.5,0,52
/data/final_project_dataset/le2i/Coffee_room_01/Coffee_room_01/Videos/video (5).avi,fall,le2i:Coffee_room_01:video (5),1,le2i,le2i:Coffee_room_01:video (5),26,42,42,16,10,10,2.5,1,52
/data/final_project_dataset/le2i/Coffee_room_01/Coffee_room_01/Videos/video (5).avi,fall,le2i:Coffee_room_01:video (5),1,le2i,le2i:Coffee_room_01:video (5),28,44,44,16,10,10,2.5,1,52
/data/final_project_dataset/le2i/Coffee_room_01/Coffee_room_01/Videos/video (5).avi,fall,le2i:Coffee_room_01:video (5),1,le2i,le2i:Coffee_room_01:video (5),30,46,46,16,10,10,2.5,1,52
/data/final_project_dataset/le2i/Coffee_room_01/Coffee_room_01/Videos/video (5).avi,fall,le2i:Coffee_room_01:video (5),1,le2i,le2i:Coffee_room_01:video (5),32,48,48,16,10,10,2.5,1,52
/data/final_project_dataset/le2i/Coffee_room_01/Coffee_room_01/Videos/video (5).avi,fall,le2i:Coffee_room_01:video (5),1,le2i,le2i:Coffee_room_01:video (5),34,50,50,16,10,10,2.5,1,52
/data/final_project_dataset/le2i/Coffee_room_01/Coffee_room_01/Videos/video (6).avi,fall,le2i:Coffee_room_01:video (6),1,le2i,le2i:Coffee_room_01:video (6),0,16,16,16,10,10,2.5,0,54
/data/final_project_dataset/le2i/Coffee_room_01/Coffee_room_01/Videos/video (6).avi,fall,le2i:Coffee_room_01:video (6),1,le2i,le2i:Coffee_room_01:video (6),2,18,18,16,10,10,2.5,0,54
/data/final_project_dataset/le2i/Coffee_room_01/Coffee_room_01/Videos/video (6).avi,fall,le2i:Coffee_room_01:video (6),1,le2i,le2i:Coffee_room_01:video (6),4,20,20,16,10,10,2.5,0,54
/data/final_project_dataset/le2i/Coffee_room_01/Coffee_room_01/Videos/video (6).avi,fall,le2i:Coffee_room_01:video (6),1,le2i,le2i:Coffee_room_01:video (6),6,22,22,16,10,10,2.5,0,54
/data/final_project_dataset/le2i/Coffee_room_01/Coffee_room_01/Videos/video (6).avi,fall,le2i:Coffee_room_01:video (6),1,le2i,le2i:Coffee_room_01:video (6),8,24,24,16,10,10,2.5,0,54
/data/final_project_dataset/le2i/Coffee_room_01/Coffee_room_01/Videos/video (6).avi,fall,le2i:Coffee_room_01:video (6),1,le2i,le2i:Coffee_room_01:video (6),10,26,26,16,10,10,2.5,0,54
/data/final_project_dataset/le2i/Coffee_room_01/Coffee_room_01/Videos/video (6).avi,fall,le2i:Coffee_room_01:video (6),1,le2i,le2i:Coffee_room_01:video (6),12,28,28,16,10,10,2.5,0,54
/data/final_project_dataset/le2i/Coffee_room_01/Coffee_room_01/Videos/video (6).avi,fall,le2i:Coffee_room_01:video (6),1,le2i,le2i:Coffee_room_01:video (6),14,30,30,16,10,10,2.5,0,54
/data/final_project_dataset/le2i/Coffee_room_01/Coffee_room_01/Videos/video (6).avi,fall,le2i:Coffee_room_01:video (6),1,le2i,le2i:Coffee_room_01:video (6),16,32,32,16,10,10,2.5,0,54
/data/final_project_dataset/le2i/Coffee_room_01/Coffee_room_01/Videos/video (6).avi,fall,le2i:Coffee_room_01:video (6),1,le2i,le2i:Coffee_room_01:video (6),18,34,34,16,10,10,2.5,0,54
/data/final_project_dataset/le2i/Coffee_room_01/Coffee_room_01/Videos/video (6).avi,fall,le2i:Coffee_room_01:video (6),1,le2i,le2i:Coffee_room_01:video (6),20,36,36,16,10,10,2.5,0,54
/data/final_project_dataset/le2i/Coffee_room_01/Coffee_room_01/Videos/video (6).avi,fall,le2i:Coffee_room_01:video (6),1,le2i,le2i:Coffee_room_01:video (6),22,38,38,16,10,10,2.5,0,54
/data/final_project_dataset/le2i/Coffee_room_01/Coffee_room_01/Videos/video (6).avi,fall,le2i:Coffee_room_01:video (6),1,le2i,le2i:Coffee_room_01:video (6),24,40,40,16,10,10,2.5,0,54
/data/final_project_dataset/le2i/Coffee_room_01/Coffee_room_01/Videos/video (6).avi,fall,le2i:Coffee_room_01:video (6),1,le2i,le2i:Coffee_room_01:video (6),26,42,42,16,10,10,2.5,0,54
/data/final_project_dataset/le2i/Coffee_room_01/Coffee_room_01/Videos/video (6).avi,fall,le2i:Coffee_room_01:video (6),1,le2i,le2i:Coffee_room_01:video (6),28,44,44,16,10,10,2.5,1,54
/data/final_project_dataset/le2i/Coffee_room_01/Coffee_room_01/Videos/video (6).avi,fall,le2i:Coffee_room_01:video (6),1,le2i,le2i:Coffee_room_01:video (6),30,46,46,16,10,10,2.5,1,54
/data/final_project_dataset/le2i/Coffee_room_01/Coffee_room_01/Videos/video (6).avi,fall,le2i:Coffee_room_01:video (6),1,le2i,le2i:Coffee_room_01:video (6),32,48,48,16,10,10,2.5,1,54
/data/final_project_dataset/le2i/Coffee_room_01/Coffee_room_01/Videos/video (6).avi,fall,le2i:Coffee_room_01:video (6),1,le2i,le2i:Coffee_room_01:video (6),34,50,50,16,10,10,2.5,1,54
/data/final_project_dataset/le2i/Coffee_room_01/Coffee_room_01/Videos/video (6).avi,fall,le2i:Coffee_room_01:video (6),1,le2i,le2i:Coffee_room_01:video (6),36,52,52,16,10,10,2.5,1,54
/data/final_project_dataset/le2i/Coffee_room_01/Coffee_room_01/Videos/video (7).avi,fall,le2i:Coffee_room_01:video (7),1,le2i,le2i:Coffee_room_01:video (7),0,16,16,16,10,10,2.5,0,38
/data/final_project_dataset/le2i/Coffee_room_01/Coffee_room_01/Videos/video (7).avi,fall,le2i:Coffee_room_01:video (7),1,le2i,le2i:Coffee_room_01:video (7),2,18,18,16,10,10,2.5,0,38
/data/final_project_dataset/le2i/Coffee_room_01/Coffee_room_01/Videos/video (7).avi,fall,le2i:Coffee_room_01:video (7),1,le2i,le2i:Coffee_room_01:video (7),4,20,20,16,10,10,2.5,0,38
/data/final_project_dataset/le2i/Coffee_room_01/Coffee_room_01/Videos/video (7).avi,fall,le2i:Coffee_room_01:video (7),1,le2i,le2i:Coffee_room_01:video (7),6,22,22,16,10,10,2.5,0,38
/data/final_project_dataset/le2i/Coffee_room_01/Coffee_room_01/Videos/video (7).avi,fall,le2i:Coffee_room_01:video (7),1,le2i,le2i:Coffee_room_01:video (7),8,24,24,16,10,10,2.5,0,38
/data/final_project_dataset/le2i/Coffee_room_01/Coffee_room_01/Videos/video (7).avi,fall,le2i:Coffee_room_01:video (7),1,le2i,le2i:Coffee_room_01:video (7),10,26,26,16,10,10,2.5,0,38
/data/final_project_dataset/le2i/Coffee_room_01/Coffee_room_01/Videos/video (7).avi,fall,le2i:Coffee_room_01:video (7),1,le2i,le2i:Coffee_room_01:video (7),12,28,28,16,10,10,2.5,1,38
/data/final_project_dataset/le2i/Coffee_room_01/Coffee_room_01/Videos/video (7).avi,fall,le2i:Coffee_room_01:video (7),1,le2i,le2i:Coffee_room_01:video (7),14,30,30,16,10,10,2.5,1,38
/data/final_project_dataset/le2i/Coffee_room_01/Coffee_room_01/Videos/video (7).avi,fall,le2i:Coffee_room_01:video (7),1,le2i,le2i:Coffee_room_01:video (7),16,32,32,16,10,10,2.5,1,38
/data/final_project_dataset/le2i/Coffee_room_01/Coffee_room_01/Videos/video (7).avi,fall,le2i:Coffee_room_01:video (7),1,le2i,le2i:Coffee_room_01:video (7),18,34,34,16,10,10,2.5,1,38
/data/final_project_dataset/le2i/Coffee_room_01/Coffee_room_01/Videos/video (7).avi,fall,le2i:Coffee_room_01:video (7),1,le2i,le2i:Coffee_room_01:video (7),20,36,36,16,10,10,2.5,1,38
/data/final_project_dataset/le2i/Coffee_room_01/Coffee_room_01/Videos/video (8).avi,fall,le2i:Coffee_room_01:video (8),1,le2i,le2i:Coffee_room_01:video (8),0,16,16,16,10,10,2.5,0,63
/data/final_project_dataset/le2i/Coffee_room_01/Coffee_room_01/Videos/video (8).avi,fall,le2i:Coffee_room_01:video (8),1,le2i,le2i:Coffee_room_01:video (8),2,18,18,16,10,10,2.5,0,63
/data/final_project_dataset/le2i/Coffee_room_01/Coffee_room_01/Videos/video (8).avi,fall,le2i:Coffee_room_01:video (8),1,le2i,le2i:Coffee_room_01:video (8),4,20,20,16,10,10,2.5,0,63
/data/final_project_dataset/le2i/Coffee_room_01/Coffee_room_01/Videos/video (8).avi,fall,le2i:Coffee_room_01:video (8),1,le2i,le2i:Coffee_room_01:video (8),6,22,22,16,10,10,2.5,0,63
/data/final_project_dataset/le2i/Coffee_room_01/Coffee_room_01/Videos/video (8).avi,fall,le2i:Coffee_room_01:video (8),1,le2i,le2i:Coffee_room_01:video (8),8,24,24,16,10,10,2.5,0,63
/data/final_project_dataset/le2i/Coffee_room_01/Coffee_room_01/Videos/video (8).avi,fall,le2i:Coffee_room_01:video (8),1,le2i,le2i:Coffee_room_01:video (8),10,26,26,16,10,10,2.5,0,63
/data/final_project_dataset/le2i/Coffee_room_01/Coffee_room_01/Videos/video (8).avi,fall,le2i:Coffee_room_01:video (8),1,le2i,le2i:Coffee_room_01:video (8),12,28,28,16,10,10,2.5,0,63
/data/final_project_dataset/le2i/Coffee_room_01/Coffee_room_01/Videos/video (8).avi,fall,le2i:Coffee_room_01:video (8),1,le2i,le2i:Coffee_room_01:video (8),14,30,30,16,10,10,2.5,0,63
/data/final_project_dataset/le2i/Coffee_room_01/Coffee_room_01/Videos/video (8).avi,fall,le2i:Coffee_room_01:video (8),1,le2i,le2i:Coffee_room_01:video (8),16,32,32,16,10,10,2.5,0,63
/data/final_project_dataset/le2i/Coffee_room_01/Coffee_room_01/Videos/video (8).avi,fall,le2i:Coffee_room_01:video (8),1,le2i,le2i:Coffee_room_01:video (8),18,34,34,16,10,10,2.5,0,63
/data/final_project_dataset/le2i/Coffee_room_01/Coffee_room_01/Videos/video (8).avi,fall,le2i:Coffee_room_01:video (8),1,le2i,le2i:Coffee_room_01:video (8),20,36,36,16,10,10,2.5,0,63
/data/final_project_dataset/le2i/Coffee_room_01/Coffee_room_01/Videos/video (8).avi,fall,le2i:Coffee_room_01:video (8),1,le2i,le2i:Coffee_room_01:video (8),22,38,38,16,10,10,2.5,0,63
/data/final_project_dataset/le2i/Coffee_room_01/Coffee_room_01/Videos/video (8).avi,fall,le2i:Coffee_room_01:video (8),1,le2i,le2i:Coffee_room_01:video (8),24,40,40,16,10,10,2.5,0,63
/data/final_project_dataset/le2i/Coffee_room_01/Coffee_room_01/Videos/video (8).avi,fall,le2i:Coffee_room_01:video (8),1,le2i,le2i:Coffee_room_01:video (8),26,42,42,16,10,10,2.5,0,63
/data/final_project_dataset/le2i/Coffee_room_01/Coffee_room_01/Videos/video (8).avi,fall,le2i:Coffee_room_01:video (8),1,le2i,le2i:Coffee_room_01:video (8),28,44,44,16,10,10,2.5,0,63
/data/final_project_dataset/le2i/Coffee_room_01/Coffee_room_01/Videos/video (8).avi,fall,le2i:Coffee_room_01:video (8),1,le2i,le2i:Coffee_room_01:video (8),30,46,46,16,10,10,2.5,0,63
/data/final_project_dataset/le2i/Coffee_room_01/Coffee_room_01/Videos/video (8).avi,fall,le2i:Coffee_room_01:video (8),1,le2i,le2i:Coffee_room_01:video (8),32,48,48,16,10,10,2.5,0,63
/data/final_project_dataset/le2i/Coffee_room_01/Coffee_room_01/Videos/video (8).avi,fall,le2i:Coffee_room_01:video (8),1,le2i,le2i:Coffee_room_01:video (8),34,50,50,16,10,10,2.5,0,63
/data/final_project_dataset/le2i/Coffee_room_01/Coffee_room_01/Videos/video (8).avi,fall,le2i:Coffee_room_01:video (8),1,le2i,le2i:Coffee_room_01:video (8),36,52,52,16,10,10,2.5,0,63
/data/final_project_dataset/le2i/Coffee_room_01/Coffee_room_01/Videos/video (8).avi,fall,le2i:Coffee_room_01:video (8),1,le2i,le2i:Coffee_room_01:video (8),38,54,54,16,10,10,2.5,1,63
/data/final_project_dataset/le2i/Coffee_room_01/Coffee_room_01/Videos/video (8).avi,fall,le2i:Coffee_room_01:video (8),1,le2i,le2i:Coffee_room_01:video (8),40,56,56,16,10,10,2.5,1,63
/data/final_project_dataset/le2i/Coffee_room_01/Coffee_room_01/Videos/video (8).avi,fall,le2i:Coffee_room_01:video (8),1,le2i,le2i:Coffee_room_01:video (8),42,58,58,16,10,10,2.5,1,63
/data/final_project_dataset/le2i/Coffee_room_01/Coffee_room_01/Videos/video (8).avi,fall,le2i:Coffee_room_01:video (8),1,le2i,le2i:Coffee_room_01:video (8),44,60,60,16,10,10,2.5,1,63
/data/final_project_dataset/le2i/Coffee_room_01/Coffee_room_01/Videos/video (8).avi,fall,le2i:Coffee_room_01:video (8),1,le2i,le2i:Coffee_room_01:video (8),46,62,62,16,10,10,2.5,1,63
/data/final_project_dataset/le2i/Coffee_room_01/Coffee_room_01/Videos/video (9).avi,fall,le2i:Coffee_room_01:video (9),1,le2i,le2i:Coffee_room_01:video (9),0,16,16,16,10,10,2.5,0,37
/data/final_project_dataset/le2i/Coffee_room_01/Coffee_room_01/Videos/video (9).avi,fall,le2i:Coffee_room_01:video (9),1,le2i,le2i:Coffee_room_01:video (9),2,18,18,16,10,10,2.5,0,37
/data/final_project_dataset/le2i/Coffee_room_01/Coffee_room_01/Videos/video (9).avi,fall,le2i:Coffee_room_01:video (9),1,le2i,le2i:Coffee_room_01:video (9),4,20,20,16,10,10,2.5,0,37
/data/final_project_dataset/le2i/Coffee_room_01/Coffee_room_01/Videos/video (9).avi,fall,le2i:Coffee_room_01:video (9),1,le2i,le2i:Coffee_room_01:video (9),6,22,22,16,10,10,2.5,0,37
/data/final_project_dataset/le2i/Coffee_room_01/Coffee_room_01/Videos/video (9).avi,fall,le2i:Coffee_room_01:video (9),1,le2i,le2i:Coffee_room_01:video (9),8,24,24,16,10,10,2.5,0,37
/data/final_project_dataset/le2i/Coffee_room_01/Coffee_room_01/Videos/video (9).avi,fall,le2i:Coffee_room_01:video (9),1,le2i,le2i:Coffee_room_01:video (9),10,26,26,16,10,10,2.5,0,37
/data/final_project_dataset/le2i/Coffee_room_01/Coffee_room_01/Videos/video (9).avi,fall,le2i:Coffee_room_01:video (9),1,le2i,le2i:Coffee_room_01:video (9),12,28,28,16,10,10,2.5,1,37
/data/final_project_dataset/le2i/Coffee_room_01/Coffee_room_01/Videos/video (9).avi,fall,le2i:Coffee_room_01:video (9),1,le2i,le2i:Coffee_room_01:video (9),14,30,30,16,10,10,2.5,1,37
/data/final_project_dataset/le2i/Coffee_room_01/Coffee_room_01/Videos/video (9).avi,fall,le2i:Coffee_room_01:video (9),1,le2i,le2i:Coffee_room_01:video (9),16,32,32,16,10,10,2.5,1,37
/data/final_project_dataset/le2i/Coffee_room_01/Coffee_room_01/Videos/video (9).avi,fall,le2i:Coffee_room_01:video (9),1,le2i,le2i:Coffee_room_01:video (9),18,34,34,16,10,10,2.5,1,37
/data/final_project_dataset/le2i/Coffee_room_01/Coffee_room_01/Videos/video (9).avi,fall,le2i:Coffee_room_01:video (9),1,le2i,le2i:Coffee_room_01:video (9),20,36,36,16,10,10,2.5,1,37
/data/final_project_dataset/le2i/Home_01/Home_01/Videos/video (1).avi,fall,le2i:Home_01:video (1),1,le2i,le2i:Home_01:video (1),0,16,16,16,10,10,2.40003840061441,0,60
/data/final_project_dataset/le2i/Home_01/Home_01/Videos/video (1).avi,fall,le2i:Home_01:video (1),1,le2i,le2i:Home_01:video (1),2,18,18,16,10,10,2.40003840061441,0,60
/data/final_project_dataset/le2i/Home_01/Home_01/Videos/video (1).avi,fall,le2i:Home_01:video (1),1,le2i,le2i:Home_01:video (1),4,20,20,16,10,10,2.40003840061441,0,60
/data/final_project_dataset/le2i/Home_01/Home_01/Videos/video (1).avi,fall,le2i:Home_01:video (1),1,le2i,le2i:Home_01:video (1),6,22,22,16,10,10,2.40003840061441,0,60
/data/final_project_dataset/le2i/Home_01/Home_01/Videos/video (1).avi,fall,le2i:Home_01:video (1),1,le2i,le2i:Home_01:video (1),8,24,24,16,10,10,2.40003840061441,0,60
/data/final_project_dataset/le2i/Home_01/Home_01/Videos/video (1).avi,fall,le2i:Home_01:video (1),1,le2i,le2i:Home_01:video (1),10,26,26,16,10,10,2.40003840061441,0,60
/data/final_project_dataset/le2i/Home_01/Home_01/Videos/video (1).avi,fall,le2i:Home_01:video (1),1,le2i,le2i:Home_01:video (1),12,28,28,16,10,10,2.40003840061441,0,60
/data/final_project_dataset/le2i/Home_01/Home_01/Videos/video (1).avi,fall,le2i:Home_01:video (1),1,le2i,le2i:Home_01:video (1),14,30,30,16,10,10,2.40003840061441,0,60
/data/final_project_dataset/le2i/Home_01/Home_01/Videos/video (1).avi,fall,le2i:Home_01:video (1),1,le2i,le2i:Home_01:video (1),16,32,32,16,10,10,2.40003840061441,0,60
/data/final_project_dataset/le2i/Home_01/Home_01/Videos/video (1).avi,fall,le2i:Home_01:video (1),1,le2i,le2i:Home_01:video (1),18,34,34,16,10,10,2.40003840061441,0,60
/data/final_project_dataset/le2i/Home_01/Home_01/Videos/video (1).avi,fall,le2i:Home_01:video (1),1,le2i,le2i:Home_01:video (1),20,36,36,16,10,10,2.40003840061441,0,60
/data/final_project_dataset/le2i/Home_01/Home_01/Videos/video (1).avi,fall,le2i:Home_01:video (1),1,le2i,le2i:Home_01:video (1),22,38,38,16,10,10,2.40003840061441,0,60
/data/final_project_dataset/le2i/Home_01/Home_01/Videos/video (1).avi,fall,le2i:Home_01:video (1),1,le2i,le2i:Home_01:video (1),24,40,40,16,10,10,2.40003840061441,0,60
/data/final_project_dataset/le2i/Home_01/Home_01/Videos/video (1).avi,fall,le2i:Home_01:video (1),1,le2i,le2i:Home_01:video (1),26,42,42,16,10,10,2.40003840061441,0,60
/data/final_project_dataset/le2i/Home_01/Home_01/Videos/video (1).avi,fall,le2i:Home_01:video (1),1,le2i,le2i:Home_01:video (1),28,44,44,16,10,10,2.40003840061441,0,60
/data/final_project_dataset/le2i/Home_01/Home_01/Videos/video (1).avi,fall,le2i:Home_01:video (1),1,le2i,le2i:Home_01:video (1),30,46,46,16,10,10,2.40003840061441,0,60
/data/final_project_dataset/le2i/Home_01/Home_01/Videos/video (1).avi,fall,le2i:Home_01:video (1),1,le2i,le2i:Home_01:video (1),32,48,48,16,10,10,2.40003840061441,0,60
/data/final_project_dataset/le2i/Home_01/Home_01/Videos/video (1).avi,fall,le2i:Home_01:video (1),1,le2i,le2i:Home_01:video (1),34,50,50,16,10,10,2.40003840061441,1,60
/data/final_project_dataset/le2i/Home_01/Home_01/Videos/video (1).avi,fall,le2i:Home_01:video (1),1,le2i,le2i:Home_01:video (1),36,52,52,16,10,10,2.40003840061441,1,60
/data/final_project_dataset/le2i/Home_01/Home_01/Videos/video (1).avi,fall,le2i:Home_01:video (1),1,le2i,le2i:Home_01:video (1),38,54,54,16,10,10,2.40003840061441,1,60
/data/final_project_dataset/le2i/Home_01/Home_01/Videos/video (1).avi,fall,le2i:Home_01:video (1),1,le2i,le2i:Home_01:video (1),40,56,56,16,10,10,2.40003840061441,1,60
/data/final_project_dataset/le2i/Home_01/Home_01/Videos/video (1).avi,fall,le2i:Home_01:video (1),1,le2i,le2i:Home_01:video (1),42,58,58,16,10,10,2.40003840061441,1,60
/data/final_project_dataset/le2i/Home_01/Home_01/Videos/video (10).avi,fall,le2i:Home_01:video (10),1,le2i,le2i:Home_01:video (10),0,16,16,16,10,10,2.40003840061441,0,56
/data/final_project_dataset/le2i/Home_01/Home_01/Videos/video (10).avi,fall,le2i:Home_01:video (10),1,le2i,le2i:Home_01:video (10),2,18,18,16,10,10,2.40003840061441,0,56
/data/final_project_dataset/le2i/Home_01/Home_01/Videos/video (10).avi,fall,le2i:Home_01:video (10),1,le2i,le2i:Home_01:video (10),4,20,20,16,10,10,2.40003840061441,0,56
/data/final_project_dataset/le2i/Home_01/Home_01/Videos/video (10).avi,fall,le2i:Home_01:video (10),1,le2i,le2i:Home_01:video (10),6,22,22,16,10,10,2.40003840061441,0,56
/data/final_project_dataset/le2i/Home_01/Home_01/Videos/video (10).avi,fall,le2i:Home_01:video (10),1,le2i,le2i:Home_01:video (10),8,24,24,16,10,10,2.40003840061441,0,56
/data/final_project_dataset/le2i/Home_01/Home_01/Videos/video (10).avi,fall,le2i:Home_01:video (10),1,le2i,le2i:Home_01:video (10),10,26,26,16,10,10,2.40003840061441,0,56
/data/final_project_dataset/le2i/Home_01/Home_01/Videos/video (10).avi,fall,le2i:Home_01:video (10),1,le2i,le2i:Home_01:video (10),12,28,28,16,10,10,2.40003840061441,0,56
/data/final_project_dataset/le2i/Home_01/Home_01/Videos/video (10).avi,fall,le2i:Home_01:video (10),1,le2i,le2i:Home_01:video (10),14,30,30,16,10,10,2.40003840061441,0,56
/data/final_project_dataset/le2i/Home_01/Home_01/Videos/video (10).avi,fall,le2i:Home_01:video (10),1,le2i,le2i:Home_01:video (10),16,32,32,16,10,10,2.40003840061441,0,56
/data/final_project_dataset/le2i/Home_01/Home_01/Videos/video (10).avi,fall,le2i:Home_01:video (10),1,le2i,le2i:Home_01:video (10),18,34,34,16,10,10,2.40003840061441,0,56
/data/final_project_dataset/le2i/Home_01/Home_01/Videos/video (10).avi,fall,le2i:Home_01:video (10),1,le2i,le2i:Home_01:video (10),20,36,36,16,10,10,2.40003840061441,0,56
/data/final_project_dataset/le2i/Home_01/Home_01/Videos/video (10).avi,fall,le2i:Home_01:video (10),1,le2i,le2i:Home_01:video (10),22,38,38,16,10,10,2.40003840061441,0,56
/data/final_project_dataset/le2i/Home_01/Home_01/Videos/video (10).avi,fall,le2i:Home_01:video (10),1,le2i,le2i:Home_01:video (10),24,40,40,16,10,10,2.40003840061441,0,56
/data/final_project_dataset/le2i/Home_01/Home_01/Videos/video (10).avi,fall,le2i:Home_01:video (10),1,le2i,le2i:Home_01:video (10),26,42,42,16,10,10,2.40003840061441,0,56
/data/final_project_dataset/le2i/Home_01/Home_01/Videos/video (10).avi,fall,le2i:Home_01:video (10),1,le2i,le2i:Home_01:video (10),28,44,44,16,10,10,2.40003840061441,0,56
/data/final_project_dataset/le2i/Home_01/Home_01/Videos/video (10).avi,fall,le2i:Home_01:video (10),1,le2i,le2i:Home_01:video (10),30,46,46,16,10,10,2.40003840061441,1,56
/data/final_project_dataset/le2i/Home_01/Home_01/Videos/video (10).avi,fall,le2i:Home_01:video (10),1,le2i,le2i:Home_01:video (10),32,48,48,16,10,10,2.40003840061441,1,56
/data/final_project_dataset/le2i/Home_01/Home_01/Videos/video (10).avi,fall,le2i:Home_01:video (10),1,le2i,le2i:Home_01:video (10),34,50,50,16,10,10,2.40003840061441,1,56
/data/final_project_dataset/le2i/Home_01/Home_01/Videos/video (10).avi,fall,le2i:Home_01:video (10),1,le2i,le2i:Home_01:video (10),36,52,52,16,10,10,2.40003840061441,1,56
/data/final_project_dataset/le2i/Home_01/Home_01/Videos/video (10).avi,fall,le2i:Home_01:video (10),1,le2i,le2i:Home_01:video (10),38,54,54,16,10,10,2.40003840061441,1,56
/data/final_project_dataset/le2i/Home_01/Home_01/Videos/video (11).avi,fall,le2i:Home_01:video (11),1,le2i,le2i:Home_01:video (11),0,16,16,16,10,10,2.40003840061441,0,57
/data/final_project_dataset/le2i/Home_01/Home_01/Videos/video (11).avi,fall,le2i:Home_01:video (11),1,le2i,le2i:Home_01:video (11),2,18,18,16,10,10,2.40003840061441,0,57
/data/final_project_dataset/le2i/Home_01/Home_01/Videos/video (11).avi,fall,le2i:Home_01:video (11),1,le2i,le2i:Home_01:video (11),4,20,20,16,10,10,2.40003840061441,0,57
/data/final_project_dataset/le2i/Home_01/Home_01/Videos/video (11).avi,fall,le2i:Home_01:video (11),1,le2i,le2i:Home_01:video (11),6,22,22,16,10,10,2.40003840061441,0,57
/data/final_project_dataset/le2i/Home_01/Home_01/Videos/video (11).avi,fall,le2i:Home_01:video (11),1,le2i,le2i:Home_01:video (11),8,24,24,16,10,10,2.40003840061441,0,57
/data/final_project_dataset/le2i/Home_01/Home_01/Videos/video (11).avi,fall,le2i:Home_01:video (11),1,le2i,le2i:Home_01:video (11),10,26,26,16,10,10,2.40003840061441,0,57
/data/final_project_dataset/le2i/Home_01/Home_01/Videos/video (11).avi,fall,le2i:Home_01:video (11),1,le2i,le2i:Home_01:video (11),12,28,28,16,10,10,2.40003840061441,0,57
/data/final_project_dataset/le2i/Home_01/Home_01/Videos/video (11).avi,fall,le2i:Home_01:video (11),1,le2i,le2i:Home_01:video (11),14,30,30,16,10,10,2.40003840061441,0,57
/data/final_project_dataset/le2i/Home_01/Home_01/Videos/video (11).avi,fall,le2i:Home_01:video (11),1,le2i,le2i:Home_01:video (11),16,32,32,16,10,10,2.40003840061441,0,57
/data/final_project_dataset/le2i/Home_01/Home_01/Videos/video (11).avi,fall,le2i:Home_01:video (11),1,le2i,le2i:Home_01:video (11),18,34,34,16,10,10,2.40003840061441,0,57
/data/final_project_dataset/le2i/Home_01/Home_01/Videos/video (11).avi,fall,le2i:Home_01:video (11),1,le2i,le2i:Home_01:video (11),20,36,36,16,10,10,2.40003840061441,0,57
/data/final_project_dataset/le2i/Home_01/Home_01/Videos/video (11).avi,fall,le2i:Home_01:video (11),1,le2i,le2i:Home_01:video (11),22,38,38,16,10,10,2.40003840061441,0,57
/data/final_project_dataset/le2i/Home_01/Home_01/Videos/video (11).avi,fall,le2i:Home_01:video (11),1,le2i,le2i:Home_01:video (11),24,40,40,16,10,10,2.40003840061441,0,57
/data/final_project_dataset/le2i/Home_01/Home_01/Videos/video (11).avi,fall,le2i:Home_01:video (11),1,le2i,le2i:Home_01:video (11),26,42,42,16,10,10,2.40003840061441,0,57
/data/final_project_dataset/le2i/Home_01/Home_01/Videos/video (11).avi,fall,le2i:Home_01:video (11),1,le2i,le2i:Home_01:video (11),28,44,44,16,10,10,2.40003840061441,0,57
/data/final_project_dataset/le2i/Home_01/Home_01/Videos/video (11).avi,fall,le2i:Home_01:video (11),1,le2i,le2i:Home_01:video (11),30,46,46,16,10,10,2.40003840061441,0,57
/data/final_project_dataset/le2i/Home_01/Home_01/Videos/video (11).avi,fall,le2i:Home_01:video (11),1,le2i,le2i:Home_01:video (11),32,48,48,16,10,10,2.40003840061441,1,57
/data/final_project_dataset/le2i/Home_01/Home_01/Videos/video (11).avi,fall,le2i:Home_01:video (11),1,le2i,le2i:Home_01:video (11),34,50,50,16,10,10,2.40003840061441,1,57
/data/final_project_dataset/le2i/Home_01/Home_01/Videos/video (11).avi,fall,le2i:Home_01:video (11),1,le2i,le2i:Home_01:video (11),36,52,52,16,10,10,2.40003840061441,1,57
/data/final_project_dataset/le2i/Home_01/Home_01/Videos/video (11).avi,fall,le2i:Home_01:video (11),1,le2i,le2i:Home_01:video (11),38,54,54,16,10,10,2.40003840061441,1,57
/data/final_project_dataset/le2i/Home_01/Home_01/Videos/video (11).avi,fall,le2i:Home_01:video (11),1,le2i,le2i:Home_01:video (11),40,56,56,16,10,10,2.40003840061441,1,57
/data/final_project_dataset/le2i/Home_01/Home_01/Videos/video (12).avi,fall,le2i:Home_01:video (12),1,le2i,le2i:Home_01:video (12),0,16,16,16,10,10,2.40003840061441,0,67
/data/final_project_dataset/le2i/Home_01/Home_01/Videos/video (12).avi,fall,le2i:Home_01:video (12),1,le2i,le2i:Home_01:video (12),2,18,18,16,10,10,2.40003840061441,0,67
/data/final_project_dataset/le2i/Home_01/Home_01/Videos/video (12).avi,fall,le2i:Home_01:video (12),1,le2i,le2i:Home_01:video (12),4,20,20,16,10,10,2.40003840061441,0,67
/data/final_project_dataset/le2i/Home_01/Home_01/Videos/video (12).avi,fall,le2i:Home_01:video (12),1,le2i,le2i:Home_01:video (12),6,22,22,16,10,10,2.40003840061441,0,67
/data/final_project_dataset/le2i/Home_01/Home_01/Videos/video (12).avi,fall,le2i:Home_01:video (12),1,le2i,le2i:Home_01:video (12),8,24,24,16,10,10,2.40003840061441,0,67
/data/final_project_dataset/le2i/Home_01/Home_01/Videos/video (12).avi,fall,le2i:Home_01:video (12),1,le2i,le2i:Home_01:video (12),10,26,26,16,10,10,2.40003840061441,0,67
/data/final_project_dataset/le2i/Home_01/Home_01/Videos/video (12).avi,fall,le2i:Home_01:video (12),1,le2i,le2i:Home_01:video (12),12,28,28,16,10,10,2.40003840061441,0,67
/data/final_project_dataset/le2i/Home_01/Home_01/Videos/video (12).avi,fall,le2i:Home_01:video (12),1,le2i,le2i:Home_01:video (12),14,30,30,16,10,10,2.40003840061441,0,67
/data/final_project_dataset/le2i/Home_01/Home_01/Videos/video (12).avi,fall,le2i:Home_01:video (12),1,le2i,le2i:Home_01:video (12),16,32,32,16,10,10,2.40003840061441,0,67
/data/final_project_dataset/le2i/Home_01/Home_01/Videos/video (12).avi,fall,le2i:Home_01:video (12),1,le2i,le2i:Home_01:video (12),18,34,34,16,10,10,2.40003840061441,0,67
/data/final_project_dataset/le2i/Home_01/Home_01/Videos/video (12).avi,fall,le2i:Home_01:video (12),1,le2i,le2i:Home_01:video (12),20,36,36,16,10,10,2.40003840061441,0,67
/data/final_project_dataset/le2i/Home_01/Home_01/Videos/video (12).avi,fall,le2i:Home_01:video (12),1,le2i,le2i:Home_01:video (12),22,38,38,16,10,10,2.40003840061441,0,67
/data/final_project_dataset/le2i/Home_01/Home_01/Videos/video (12).avi,fall,le2i:Home_01:video (12),1,le2i,le2i:Home_01:video (12),24,40,40,16,10,10,2.40003840061441,0,67
/data/final_project_dataset/le2i/Home_01/Home_01/Videos/video (12).avi,fall,le2i:Home_01:video (12),1,le2i,le2i:Home_01:video (12),26,42,42,16,10,10,2.40003840061441,0,67
/data/final_project_dataset/le2i/Home_01/Home_01/Videos/video (12).avi,fall,le2i:Home_01:video (12),1,le2i,le2i:Home_01:video (12),28,44,44,16,10,10,2.40003840061441,0,67
/data/final_project_dataset/le2i/Home_01/Home_01/Videos/video (12).avi,fall,le2i:Home_01:video (12),1,le2i,le2i:Home_01:video (12),30,46,46,16,10,10,2.40003840061441,0,67
/data/final_project_dataset/le2i/Home_01/Home_01/Videos/video (12).avi,fall,le2i:Home_01:video (12),1,le2i,le2i:Home_01:video (12),32,48,48,16,10,10,2.40003840061441,0,67
/data/final_project_dataset/le2i/Home_01/Home_01/Videos/video (12).avi,fall,le2i:Home_01:video (12),1,le2i,le2i:Home_01:video (12),34,50,50,16,10,10,2.40003840061441,0,67
/data/final_project_dataset/le2i/Home_01/Home_01/Videos/video (12).avi,fall,le2i:Home_01:video (12),1,le2i,le2i:Home_01:video (12),36,52,52,16,10,10,2.40003840061441,0,67
/data/final_project_dataset/le2i/Home_01/Home_01/Videos/video (12).avi,fall,le2i:Home_01:video (12),1,le2i,le2i:Home_01:video (12),38,54,54,16,10,10,2.40003840061441,0,67
/data/final_project_dataset/le2i/Home_01/Home_01/Videos/video (12).avi,fall,le2i:Home_01:video (12),1,le2i,le2i:Home_01:video (12),40,56,56,16,10,10,2.40003840061441,0,67
/data/final_project_dataset/le2i/Home_01/Home_01/Videos/video (12).avi,fall,le2i:Home_01:video (12),1,le2i,le2i:Home_01:video (12),42,58,58,16,10,10,2.40003840061441,1,67
/data/final_project_dataset/le2i/Home_01/Home_01/Videos/video (12).avi,fall,le2i:Home_01:video (12),1,le2i,le2i:Home_01:video (12),44,60,60,16,10,10,2.40003840061441,1,67
/data/final_project_dataset/le2i/Home_01/Home_01/Videos/video (12).avi,fall,le2i:Home_01:video (12),1,le2i,le2i:Home_01:video (12),46,62,62,16,10,10,2.40003840061441,1,67
/data/final_project_dataset/le2i/Home_01/Home_01/Videos/video (12).avi,fall,le2i:Home_01:video (12),1,le2i,le2i:Home_01:video (12),48,64,64,16,10,10,2.40003840061441,1,67
/data/final_project_dataset/le2i/Home_01/Home_01/Videos/video (12).avi,fall,le2i:Home_01:video (12),1,le2i,le2i:Home_01:video (12),50,66,66,16,10,10,2.40003840061441,1,67
/data/final_project_dataset/le2i/Home_01/Home_01/Videos/video (13).avi,fall,le2i:Home_01:video (13),1,le2i,le2i:Home_01:video (13),0,16,16,16,10,10,2.40003840061441,0,65
/data/final_project_dataset/le2i/Home_01/Home_01/Videos/video (13).avi,fall,le2i:Home_01:video (13),1,le2i,le2i:Home_01:video (13),2,18,18,16,10,10,2.40003840061441,0,65
/data/final_project_dataset/le2i/Home_01/Home_01/Videos/video (13).avi,fall,le2i:Home_01:video (13),1,le2i,le2i:Home_01:video (13),4,20,20,16,10,10,2.40003840061441,0,65
/data/final_project_dataset/le2i/Home_01/Home_01/Videos/video (13).avi,fall,le2i:Home_01:video (13),1,le2i,le2i:Home_01:video (13),6,22,22,16,10,10,2.40003840061441,0,65
/data/final_project_dataset/le2i/Home_01/Home_01/Videos/video (13).avi,fall,le2i:Home_01:video (13),1,le2i,le2i:Home_01:video (13),8,24,24,16,10,10,2.40003840061441,0,65
/data/final_project_dataset/le2i/Home_01/Home_01/Videos/video (13).avi,fall,le2i:Home_01:video (13),1,le2i,le2i:Home_01:video (13),10,26,26,16,10,10,2.40003840061441,0,65
/data/final_project_dataset/le2i/Home_01/Home_01/Videos/video (13).avi,fall,le2i:Home_01:video (13),1,le2i,le2i:Home_01:video (13),12,28,28,16,10,10,2.40003840061441,0,65
/data/final_project_dataset/le2i/Home_01/Home_01/Videos/video (13).avi,fall,le2i:Home_01:video (13),1,le2i,le2i:Home_01:video (13),14,30,30,16,10,10,2.40003840061441,0,65
/data/final_project_dataset/le2i/Home_01/Home_01/Videos/video (13).avi,fall,le2i:Home_01:video (13),1,le2i,le2i:Home_01:video (13),16,32,32,16,10,10,2.40003840061441,0,65
/data/final_project_dataset/le2i/Home_01/Home_01/Videos/video (13).avi,fall,le2i:Home_01:video (13),1,le2i,le2i:Home_01:video (13),18,34,34,16,10,10,2.40003840061441,0,65
/data/final_project_dataset/le2i/Home_01/Home_01/Videos/video (13).avi,fall,le2i:Home_01:video (13),1,le2i,le2i:Home_01:video (13),20,36,36,16,10,10,2.40003840061441,0,65
/data/final_project_dataset/le2i/Home_01/Home_01/Videos/video (13).avi,fall,le2i:Home_01:video (13),1,le2i,le2i:Home_01:video (13),22,38,38,16,10,10,2.40003840061441,0,65
/data/final_project_dataset/le2i/Home_01/Home_01/Videos/video (13).avi,fall,le2i:Home_01:video (13),1,le2i,le2i:Home_01:video (13),24,40,40,16,10,10,2.40003840061441,0,65
/data/final_project_dataset/le2i/Home_01/Home_01/Videos/video (13).avi,fall,le2i:Home_01:video (13),1,le2i,le2i:Home_01:video (13),26,42,42,16,10,10,2.40003840061441,0,65
/data/final_project_dataset/le2i/Home_01/Home_01/Videos/video (13).avi,fall,le2i:Home_01:video (13),1,le2i,le2i:Home_01:video (13),28,44,44,16,10,10,2.40003840061441,0,65
/data/final_project_dataset/le2i/Home_01/Home_01/Videos/video (13).avi,fall,le2i:Home_01:video (13),1,le2i,le2i:Home_01:video (13),30,46,46,16,10,10,2.40003840061441,0,65
/data/final_project_dataset/le2i/Home_01/Home_01/Videos/video (13).avi,fall,le2i:Home_01:video (13),1,le2i,le2i:Home_01:video (13),32,48,48,16,10,10,2.40003840061441,0,65
/data/final_project_dataset/le2i/Home_01/Home_01/Videos/video (13).avi,fall,le2i:Home_01:video (13),1,le2i,le2i:Home_01:video (13),34,50,50,16,10,10,2.40003840061441,0,65
/data/final_project_dataset/le2i/Home_01/Home_01/Videos/video (13).avi,fall,le2i:Home_01:video (13),1,le2i,le2i:Home_01:video (13),36,52,52,16,10,10,2.40003840061441,0,65
/data/final_project_dataset/le2i/Home_01/Home_01/Videos/video (13).avi,fall,le2i:Home_01:video (13),1,le2i,le2i:Home_01:video (13),38,54,54,16,10,10,2.40003840061441,0,65
/data/final_project_dataset/le2i/Home_01/Home_01/Videos/video (13).avi,fall,le2i:Home_01:video (13),1,le2i,le2i:Home_01:video (13),40,56,56,16,10,10,2.40003840061441,1,65
/data/final_project_dataset/le2i/Home_01/Home_01/Videos/video (13).avi,fall,le2i:Home_01:video (13),1,le2i,le2i:Home_01:video (13),42,58,58,16,10,10,2.40003840061441,1,65
/data/final_project_dataset/le2i/Home_01/Home_01/Videos/video (13).avi,fall,le2i:Home_01:video (13),1,le2i,le2i:Home_01:video (13),44,60,60,16,10,10,2.40003840061441,1,65
/data/final_project_dataset/le2i/Home_01/Home_01/Videos/video (13).avi,fall,le2i:Home_01:video (13),1,le2i,le2i:Home_01:video (13),46,62,62,16,10,10,2.40003840061441,1,65
/data/final_project_dataset/le2i/Home_01/Home_01/Videos/video (13).avi,fall,le2i:Home_01:video (13),1,le2i,le2i:Home_01:video (13),48,64,64,16,10,10,2.40003840061441,1,65
/data/final_project_dataset/le2i/Home_01/Home_01/Videos/video (14).avi,fall,le2i:Home_01:video (14),1,le2i,le2i:Home_01:video (14),0,16,16,16,10,10,2.40003840061441,0,77
/data/final_project_dataset/le2i/Home_01/Home_01/Videos/video (14).avi,fall,le2i:Home_01:video (14),1,le2i,le2i:Home_01:video (14),2,18,18,16,10,10,2.40003840061441,0,77
/data/final_project_dataset/le2i/Home_01/Home_01/Videos/video (14).avi,fall,le2i:Home_01:video (14),1,le2i,le2i:Home_01:video (14),4,20,20,16,10,10,2.40003840061441,0,77
/data/final_project_dataset/le2i/Home_01/Home_01/Videos/video (14).avi,fall,le2i:Home_01:video (14),1,le2i,le2i:Home_01:video (14),6,22,22,16,10,10,2.40003840061441,0,77
/data/final_project_dataset/le2i/Home_01/Home_01/Videos/video (14).avi,fall,le2i:Home_01:video (14),1,le2i,le2i:Home_01:video (14),8,24,24,16,10,10,2.40003840061441,0,77
/data/final_project_dataset/le2i/Home_01/Home_01/Videos/video (14).avi,fall,le2i:Home_01:video (14),1,le2i,le2i:Home_01:video (14),10,26,26,16,10,10,2.40003840061441,0,77
/data/final_project_dataset/le2i/Home_01/Home_01/Videos/video (14).avi,fall,le2i:Home_01:video (14),1,le2i,le2i:Home_01:video (14),12,28,28,16,10,10,2.40003840061441,0,77
/data/final_project_dataset/le2i/Home_01/Home_01/Videos/video (14).avi,fall,le2i:Home_01:video (14),1,le2i,le2i:Home_01:video (14),14,30,30,16,10,10,2.40003840061441,0,77
/data/final_project_dataset/le2i/Home_01/Home_01/Videos/video (14).avi,fall,le2i:Home_01:video (14),1,le2i,le2i:Home_01:video (14),16,32,32,16,10,10,2.40003840061441,0,77
/data/final_project_dataset/le2i/Home_01/Home_01/Videos/video (14).avi,fall,le2i:Home_01:video (14),1,le2i,le2i:Home_01:video (14),18,34,34,16,10,10,2.40003840061441,0,77
/data/final_project_dataset/le2i/Home_01/Home_01/Videos/video (14).avi,fall,le2i:Home_01:video (14),1,le2i,le2i:Home_01:video (14),20,36,36,16,10,10,2.40003840061441,0,77
/data/final_project_dataset/le2i/Home_01/Home_01/Videos/video (14).avi,fall,le2i:Home_01:video (14),1,le2i,le2i:Home_01:video (14),22,38,38,16,10,10,2.40003840061441,0,77
/data/final_project_dataset/le2i/Home_01/Home_01/Videos/video (14).avi,fall,le2i:Home_01:video (14),1,le2i,le2i:Home_01:video (14),24,40,40,16,10,10,2.40003840061441,0,77
/data/final_project_dataset/le2i/Home_01/Home_01/Videos/video (14).avi,fall,le2i:Home_01:video (14),1,le2i,le2i:Home_01:video (14),26,42,42,16,10,10,2.40003840061441,0,77
/data/final_project_dataset/le2i/Home_01/Home_01/Videos/video (14).avi,fall,le2i:Home_01:video (14),1,le2i,le2i:Home_01:video (14),28,44,44,16,10,10,2.40003840061441,0,77
/data/final_project_dataset/le2i/Home_01/Home_01/Videos/video (14).avi,fall,le2i:Home_01:video (14),1,le2i,le2i:Home_01:video (14),30,46,46,16,10,10,2.40003840061441,0,77
/data/final_project_dataset/le2i/Home_01/Home_01/Videos/video (14).avi,fall,le2i:Home_01:video (14),1,le2i,le2i:Home_01:video (14),32,48,48,16,10,10,2.40003840061441,0,77
/data/final_project_dataset/le2i/Home_01/Home_01/Videos/video (14).avi,fall,le2i:Home_01:video (14),1,le2i,le2i:Home_01:video (14),34,50,50,16,10,10,2.40003840061441,0,77
/data/final_project_dataset/le2i/Home_01/Home_01/Videos/video (14).avi,fall,le2i:Home_01:video (14),1,le2i,le2i:Home_01:video (14),36,52,52,16,10,10,2.40003840061441,0,77
/data/final_project_dataset/le2i/Home_01/Home_01/Videos/video (14).avi,fall,le2i:Home_01:video (14),1,le2i,le2i:Home_01:video (14),38,54,54,16,10,10,2.40003840061441,0,77
/data/final_project_dataset/le2i/Home_01/Home_01/Videos/video (14).avi,fall,le2i:Home_01:video (14),1,le2i,le2i:Home_01:video (14),40,56,56,16,10,10,2.40003840061441,0,77
/data/final_project_dataset/le2i/Home_01/Home_01/Videos/video (14).avi,fall,le2i:Home_01:video (14),1,le2i,le2i:Home_01:video (14),42,58,58,16,10,10,2.40003840061441,0,77
/data/final_project_dataset/le2i/Home_01/Home_01/Videos/video (14).avi,fall,le2i:Home_01:video (14),1,le2i,le2i:Home_01:video (14),44,60,60,16,10,10,2.40003840061441,0,77
/data/final_project_dataset/le2i/Home_01/Home_01/Videos/video (14).avi,fall,le2i:Home_01:video (14),1,le2i,le2i:Home_01:video (14),46,62,62,16,10,10,2.40003840061441,0,77
/data/final_project_dataset/le2i/Home_01/Home_01/Videos/video (14).avi,fall,le2i:Home_01:video (14),1,le2i,le2i:Home_01:video (14),48,64,64,16,10,10,2.40003840061441,0,77
/data/final_project_dataset/le2i/Home_01/Home_01/Videos/video (14).avi,fall,le2i:Home_01:video (14),1,le2i,le2i:Home_01:video (14),50,66,66,16,10,10,2.40003840061441,0,77
/data/final_project_dataset/le2i/Home_01/Home_01/Videos/video (14).avi,fall,le2i:Home_01:video (14),1,le2i,le2i:Home_01:video (14),52,68,68,16,10,10,2.40003840061441,1,77
/data/final_project_dataset/le2i/Home_01/Home_01/Videos/video (14).avi,fall,le2i:Home_01:video (14),1,le2i,le2i:Home_01:video (14),54,70,70,16,10,10,2.40003840061441,1,77
/data/final_project_dataset/le2i/Home_01/Home_01/Videos/video (14).avi,fall,le2i:Home_01:video (14),1,le2i,le2i:Home_01:video (14),56,72,72,16,10,10,2.40003840061441,1,77
/data/final_project_dataset/le2i/Home_01/Home_01/Videos/video (14).avi,fall,le2i:Home_01:video (14),1,le2i,le2i:Home_01:video (14),58,74,74,16,10,10,2.40003840061441,1,77
/data/final_project_dataset/le2i/Home_01/Home_01/Videos/video (14).avi,fall,le2i:Home_01:video (14),1,le2i,le2i:Home_01:video (14),60,76,76,16,10,10,2.40003840061441,1,77
/data/final_project_dataset/le2i/Home_01/Home_01/Videos/video (15).avi,fall,le2i:Home_01:video (15),1,le2i,le2i:Home_01:video (15),0,16,16,16,10,10,2.40003840061441,0,71
/data/final_project_dataset/le2i/Home_01/Home_01/Videos/video (15).avi,fall,le2i:Home_01:video (15),1,le2i,le2i:Home_01:video (15),2,18,18,16,10,10,2.40003840061441,0,71
/data/final_project_dataset/le2i/Home_01/Home_01/Videos/video (15).avi,fall,le2i:Home_01:video (15),1,le2i,le2i:Home_01:video (15),4,20,20,16,10,10,2.40003840061441,0,71
/data/final_project_dataset/le2i/Home_01/Home_01/Videos/video (15).avi,fall,le2i:Home_01:video (15),1,le2i,le2i:Home_01:video (15),6,22,22,16,10,10,2.40003840061441,0,71
/data/final_project_dataset/le2i/Home_01/Home_01/Videos/video (15).avi,fall,le2i:Home_01:video (15),1,le2i,le2i:Home_01:video (15),8,24,24,16,10,10,2.40003840061441,0,71
/data/final_project_dataset/le2i/Home_01/Home_01/Videos/video (15).avi,fall,le2i:Home_01:video (15),1,le2i,le2i:Home_01:video (15),10,26,26,16,10,10,2.40003840061441,0,71
/data/final_project_dataset/le2i/Home_01/Home_01/Videos/video (15).avi,fall,le2i:Home_01:video (15),1,le2i,le2i:Home_01:video (15),12,28,28,16,10,10,2.40003840061441,0,71
/data/final_project_dataset/le2i/Home_01/Home_01/Videos/video (15).avi,fall,le2i:Home_01:video (15),1,le2i,le2i:Home_01:video (15),14,30,30,16,10,10,2.40003840061441,0,71
/data/final_project_dataset/le2i/Home_01/Home_01/Videos/video (15).avi,fall,le2i:Home_01:video (15),1,le2i,le2i:Home_01:video (15),16,32,32,16,10,10,2.40003840061441,0,71
/data/final_project_dataset/le2i/Home_01/Home_01/Videos/video (15).avi,fall,le2i:Home_01:video (15),1,le2i,le2i:Home_01:video (15),18,34,34,16,10,10,2.40003840061441,0,71
/data/final_project_dataset/le2i/Home_01/Home_01/Videos/video (15).avi,fall,le2i:Home_01:video (15),1,le2i,le2i:Home_01:video (15),20,36,36,16,10,10,2.40003840061441,0,71
/data/final_project_dataset/le2i/Home_01/Home_01/Videos/video (15).avi,fall,le2i:Home_01:video (15),1,le2i,le2i:Home_01:video (15),22,38,38,16,10,10,2.40003840061441,0,71
/data/final_project_dataset/le2i/Home_01/Home_01/Videos/video (15).avi,fall,le2i:Home_01:video (15),1,le2i,le2i:Home_01:video (15),24,40,40,16,10,10,2.40003840061441,0,71
/data/final_project_dataset/le2i/Home_01/Home_01/Videos/video (15).avi,fall,le2i:Home_01:video (15),1,le2i,le2i:Home_01:video (15),26,42,42,16,10,10,2.40003840061441,0,71
/data/final_project_dataset/le2i/Home_01/Home_01/Videos/video (15).avi,fall,le2i:Home_01:video (15),1,le2i,le2i:Home_01:video (15),28,44,44,16,10,10,2.40003840061441,0,71
/data/final_project_dataset/le2i/Home_01/Home_01/Videos/video (15).avi,fall,le2i:Home_01:video (15),1,le2i,le2i:Home_01:video (15),30,46,46,16,10,10,2.40003840061441,0,71
/data/final_project_dataset/le2i/Home_01/Home_01/Videos/video (15).avi,fall,le2i:Home_01:video (15),1,le2i,le2i:Home_01:video (15),32,48,48,16,10,10,2.40003840061441,0,71
/data/final_project_dataset/le2i/Home_01/Home_01/Videos/video (15).avi,fall,le2i:Home_01:video (15),1,le2i,le2i:Home_01:video (15),34,50,50,16,10,10,2.40003840061441,0,71
/data/final_project_dataset/le2i/Home_01/Home_01/Videos/video (15).avi,fall,le2i:Home_01:video (15),1,le2i,le2i:Home_01:video (15),36,52,52,16,10,10,2.40003840061441,0,71
/data/final_project_dataset/le2i/Home_01/Home_01/Videos/video (15).avi,fall,le2i:Home_01:video (15),1,le2i,le2i:Home_01:video (15),38,54,54,16,10,10,2.40003840061441,0,71
/data/final_project_dataset/le2i/Home_01/Home_01/Videos/video (15).avi,fall,le2i:Home_01:video (15),1,le2i,le2i:Home_01:video (15),40,56,56,16,10,10,2.40003840061441,0,71
/data/final_project_dataset/le2i/Home_01/Home_01/Videos/video (15).avi,fall,le2i:Home_01:video (15),1,le2i,le2i:Home_01:video (15),42,58,58,16,10,10,2.40003840061441,0,71
/data/final_project_dataset/le2i/Home_01/Home_01/Videos/video (15).avi,fall,le2i:Home_01:video (15),1,le2i,le2i:Home_01:video (15),44,60,60,16,10,10,2.40003840061441,0,71
/data/final_project_dataset/le2i/Home_01/Home_01/Videos/video (15).avi,fall,le2i:Home_01:video (15),1,le2i,le2i:Home_01:video (15),46,62,62,16,10,10,2.40003840061441,1,71
/data/final_project_dataset/le2i/Home_01/Home_01/Videos/video (15).avi,fall,le2i:Home_01:video (15),1,le2i,le2i:Home_01:video (15),48,64,64,16,10,10,2.40003840061441,1,71
/data/final_project_dataset/le2i/Home_01/Home_01/Videos/video (15).avi,fall,le2i:Home_01:video (15),1,le2i,le2i:Home_01:video (15),50,66,66,16,10,10,2.40003840061441,1,71
/data/final_project_dataset/le2i/Home_01/Home_01/Videos/video (15).avi,fall,le2i:Home_01:video (15),1,le2i,le2i:Home_01:video (15),52,68,68,16,10,10,2.40003840061441,1,71
/data/final_project_dataset/le2i/Home_01/Home_01/Videos/video (15).avi,fall,le2i:Home_01:video (15),1,le2i,le2i:Home_01:video (15),54,70,70,16,10,10,2.40003840061441,1,71
/data/final_project_dataset/le2i/Home_01/Home_01/Videos/video (16).avi,fall,le2i:Home_01:video (16),1,le2i,le2i:Home_01:video (16),0,16,16,16,10,10,2.40003840061441,0,77
/data/final_project_dataset/le2i/Home_01/Home_01/Videos/video (16).avi,fall,le2i:Home_01:video (16),1,le2i,le2i:Home_01:video (16),2,18,18,16,10,10,2.40003840061441,0,77
/data/final_project_dataset/le2i/Home_01/Home_01/Videos/video (16).avi,fall,le2i:Home_01:video (16),1,le2i,le2i:Home_01:video (16),4,20,20,16,10,10,2.40003840061441,0,77
/data/final_project_dataset/le2i/Home_01/Home_01/Videos/video (16).avi,fall,le2i:Home_01:video (16),1,le2i,le2i:Home_01:video (16),6,22,22,16,10,10,2.40003840061441,0,77
/data/final_project_dataset/le2i/Home_01/Home_01/Videos/video (16).avi,fall,le2i:Home_01:video (16),1,le2i,le2i:Home_01:video (16),8,24,24,16,10,10,2.40003840061441,0,77
/data/final_project_dataset/le2i/Home_01/Home_01/Videos/video (16).avi,fall,le2i:Home_01:video (16),1,le2i,le2i:Home_01:video (16),10,26,26,16,10,10,2.40003840061441,0,77
/data/final_project_dataset/le2i/Home_01/Home_01/Videos/video (16).avi,fall,le2i:Home_01:video (16),1,le2i,le2i:Home_01:video (16),12,28,28,16,10,10,2.40003840061441,0,77
/data/final_project_dataset/le2i/Home_01/Home_01/Videos/video (16).avi,fall,le2i:Home_01:video (16),1,le2i,le2i:Home_01:video (16),14,30,30,16,10,10,2.40003840061441,0,77
/data/final_project_dataset/le2i/Home_01/Home_01/Videos/video (16).avi,fall,le2i:Home_01:video (16),1,le2i,le2i:Home_01:video (16),16,32,32,16,10,10,2.40003840061441,0,77
/data/final_project_dataset/le2i/Home_01/Home_01/Videos/video (16).avi,fall,le2i:Home_01:video (16),1,le2i,le2i:Home_01:video (16),18,34,34,16,10,10,2.40003840061441,0,77
/data/final_project_dataset/le2i/Home_01/Home_01/Videos/video (16).avi,fall,le2i:Home_01:video (16),1,le2i,le2i:Home_01:video (16),20,36,36,16,10,10,2.40003840061441,0,77
/data/final_project_dataset/le2i/Home_01/Home_01/Videos/video (16).avi,fall,le2i:Home_01:video (16),1,le2i,le2i:Home_01:video (16),22,38,38,16,10,10,2.40003840061441,0,77
/data/final_project_dataset/le2i/Home_01/Home_01/Videos/video (16).avi,fall,le2i:Home_01:video (16),1,le2i,le2i:Home_01:video (16),24,40,40,16,10,10,2.40003840061441,0,77
/data/final_project_dataset/le2i/Home_01/Home_01/Videos/video (16).avi,fall,le2i:Home_01:video (16),1,le2i,le2i:Home_01:video (16),26,42,42,16,10,10,2.40003840061441,0,77
/data/final_project_dataset/le2i/Home_01/Home_01/Videos/video (16).avi,fall,le2i:Home_01:video (16),1,le2i,le2i:Home_01:video (16),28,44,44,16,10,10,2.40003840061441,0,77
/data/final_project_dataset/le2i/Home_01/Home_01/Videos/video (16).avi,fall,le2i:Home_01:video (16),1,le2i,le2i:Home_01:video (16),30,46,46,16,10,10,2.40003840061441,0,77
/data/final_project_dataset/le2i/Home_01/Home_01/Videos/video (16).avi,fall,le2i:Home_01:video (16),1,le2i,le2i:Home_01:video (16),32,48,48,16,10,10,2.40003840061441,0,77
/data/final_project_dataset/le2i/Home_01/Home_01/Videos/video (16).avi,fall,le2i:Home_01:video (16),1,le2i,le2i:Home_01:video (16),34,50,50,16,10,10,2.40003840061441,0,77
/data/final_project_dataset/le2i/Home_01/Home_01/Videos/video (16).avi,fall,le2i:Home_01:video (16),1,le2i,le2i:Home_01:video (16),36,52,52,16,10,10,2.40003840061441,0,77
/data/final_project_dataset/le2i/Home_01/Home_01/Videos/video (16).avi,fall,le2i:Home_01:video (16),1,le2i,le2i:Home_01:video (16),38,54,54,16,10,10,2.40003840061441,0,77
/data/final_project_dataset/le2i/Home_01/Home_01/Videos/video (16).avi,fall,le2i:Home_01:video (16),1,le2i,le2i:Home_01:video (16),40,56,56,16,10,10,2.40003840061441,0,77
/data/final_project_dataset/le2i/Home_01/Home_01/Videos/video (16).avi,fall,le2i:Home_01:video (16),1,le2i,le2i:Home_01:video (16),42,58,58,16,10,10,2.40003840061441,0,77
/data/final_project_dataset/le2i/Home_01/Home_01/Videos/video (16).avi,fall,le2i:Home_01:video (16),1,le2i,le2i:Home_01:video (16),44,60,60,16,10,10,2.40003840061441,0,77
/data/final_project_dataset/le2i/Home_01/Home_01/Videos/video (16).avi,fall,le2i:Home_01:video (16),1,le2i,le2i:Home_01:video (16),46,62,62,16,10,10,2.40003840061441,0,77
/data/final_project_dataset/le2i/Home_01/Home_01/Videos/video (16).avi,fall,le2i:Home_01:video (16),1,le2i,le2i:Home_01:video (16),48,64,64,16,10,10,2.40003840061441,0,77
/data/final_project_dataset/le2i/Home_01/Home_01/Videos/video (16).avi,fall,le2i:Home_01:video (16),1,le2i,le2i:Home_01:video (16),50,66,66,16,10,10,2.40003840061441,0,77
/data/final_project_dataset/le2i/Home_01/Home_01/Videos/video (16).avi,fall,le2i:Home_01:video (16),1,le2i,le2i:Home_01:video (16),52,68,68,16,10,10,2.40003840061441,1,77
/data/final_project_dataset/le2i/Home_01/Home_01/Videos/video (16).avi,fall,le2i:Home_01:video (16),1,le2i,le2i:Home_01:video (16),54,70,70,16,10,10,2.40003840061441,1,77
/data/final_project_dataset/le2i/Home_01/Home_01/Videos/video (16).avi,fall,le2i:Home_01:video (16),1,le2i,le2i:Home_01:video (16),56,72,72,16,10,10,2.40003840061441,1,77
/data/final_project_dataset/le2i/Home_01/Home_01/Videos/video (16).avi,fall,le2i:Home_01:video (16),1,le2i,le2i:Home_01:video (16),58,74,74,16,10,10,2.40003840061441,1,77
/data/final_project_dataset/le2i/Home_01/Home_01/Videos/video (16).avi,fall,le2i:Home_01:video (16),1,le2i,le2i:Home_01:video (16),60,76,76,16,10,10,2.40003840061441,1,77
/data/final_project_dataset/le2i/Home_01/Home_01/Videos/video (17).avi,fall,le2i:Home_01:video (17),1,le2i,le2i:Home_01:video (17),0,16,16,16,10,10,2.40003840061441,0,64
/data/final_project_dataset/le2i/Home_01/Home_01/Videos/video (17).avi,fall,le2i:Home_01:video (17),1,le2i,le2i:Home_01:video (17),2,18,18,16,10,10,2.40003840061441,0,64
/data/final_project_dataset/le2i/Home_01/Home_01/Videos/video (17).avi,fall,le2i:Home_01:video (17),1,le2i,le2i:Home_01:video (17),4,20,20,16,10,10,2.40003840061441,0,64
/data/final_project_dataset/le2i/Home_01/Home_01/Videos/video (17).avi,fall,le2i:Home_01:video (17),1,le2i,le2i:Home_01:video (17),6,22,22,16,10,10,2.40003840061441,0,64
/data/final_project_dataset/le2i/Home_01/Home_01/Videos/video (17).avi,fall,le2i:Home_01:video (17),1,le2i,le2i:Home_01:video (17),8,24,24,16,10,10,2.40003840061441,0,64
/data/final_project_dataset/le2i/Home_01/Home_01/Videos/video (17).avi,fall,le2i:Home_01:video (17),1,le2i,le2i:Home_01:video (17),10,26,26,16,10,10,2.40003840061441,0,64
/data/final_project_dataset/le2i/Home_01/Home_01/Videos/video (17).avi,fall,le2i:Home_01:video (17),1,le2i,le2i:Home_01:video (17),12,28,28,16,10,10,2.40003840061441,0,64
/data/final_project_dataset/le2i/Home_01/Home_01/Videos/video (17).avi,fall,le2i:Home_01:video (17),1,le2i,le2i:Home_01:video (17),14,30,30,16,10,10,2.40003840061441,0,64
/data/final_project_dataset/le2i/Home_01/Home_01/Videos/video (17).avi,fall,le2i:Home_01:video (17),1,le2i,le2i:Home_01:video (17),16,32,32,16,10,10,2.40003840061441,0,64
/data/final_project_dataset/le2i/Home_01/Home_01/Videos/video (17).avi,fall,le2i:Home_01:video (17),1,le2i,le2i:Home_01:video (17),18,34,34,16,10,10,2.40003840061441,0,64
/data/final_project_dataset/le2i/Home_01/Home_01/Videos/video (17).avi,fall,le2i:Home_01:video (17),1,le2i,le2i:Home_01:video (17),20,36,36,16,10,10,2.40003840061441,0,64
/data/final_project_dataset/le2i/Home_01/Home_01/Videos/video (17).avi,fall,le2i:Home_01:video (17),1,le2i,le2i:Home_01:video (17),22,38,38,16,10,10,2.40003840061441,0,64
/data/final_project_dataset/le2i/Home_01/Home_01/Videos/video (17).avi,fall,le2i:Home_01:video (17),1,le2i,le2i:Home_01:video (17),24,40,40,16,10,10,2.40003840061441,0,64
/data/final_project_dataset/le2i/Home_01/Home_01/Videos/video (17).avi,fall,le2i:Home_01:video (17),1,le2i,le2i:Home_01:video (17),26,42,42,16,10,10,2.40003840061441,0,64
/data/final_project_dataset/le2i/Home_01/Home_01/Videos/video (17).avi,fall,le2i:Home_01:video (17),1,le2i,le2i:Home_01:video (17),28,44,44,16,10,10,2.40003840061441,0,64
/data/final_project_dataset/le2i/Home_01/Home_01/Videos/video (17).avi,fall,le2i:Home_01:video (17),1,le2i,le2i:Home_01:video (17),30,46,46,16,10,10,2.40003840061441,0,64
/data/final_project_dataset/le2i/Home_01/Home_01/Videos/video (17).avi,fall,le2i:Home_01:video (17),1,le2i,le2i:Home_01:video (17),32,48,48,16,10,10,2.40003840061441,0,64
/data/final_project_dataset/le2i/Home_01/Home_01/Videos/video (17).avi,fall,le2i:Home_01:video (17),1,le2i,le2i:Home_01:video (17),34,50,50,16,10,10,2.40003840061441,0,64
/data/final_project_dataset/le2i/Home_01/Home_01/Videos/video (17).avi,fall,le2i:Home_01:video (17),1,le2i,le2i:Home_01:video (17),36,52,52,16,10,10,2.40003840061441,0,64
/data/final_project_dataset/le2i/Home_01/Home_01/Videos/video (17).avi,fall,le2i:Home_01:video (17),1,le2i,le2i:Home_01:video (17),38,54,54,16,10,10,2.40003840061441,1,64
/data/final_project_dataset/le2i/Home_01/Home_01/Videos/video (17).avi,fall,le2i:Home_01:video (17),1,le2i,le2i:Home_01:video (17),40,56,56,16,10,10,2.40003840061441,1,64
/data/final_project_dataset/le2i/Home_01/Home_01/Videos/video (17).avi,fall,le2i:Home_01:video (17),1,le2i,le2i:Home_01:video (17),42,58,58,16,10,10,2.40003840061441,1,64
/data/final_project_dataset/le2i/Home_01/Home_01/Videos/video (17).avi,fall,le2i:Home_01:video (17),1,le2i,le2i:Home_01:video (17),44,60,60,16,10,10,2.40003840061441,1,64
/data/final_project_dataset/le2i/Home_01/Home_01/Videos/video (17).avi,fall,le2i:Home_01:video (17),1,le2i,le2i:Home_01:video (17),46,62,62,16,10,10,2.40003840061441,1,64
/data/final_project_dataset/le2i/Home_01/Home_01/Videos/video (18).avi,fall,le2i:Home_01:video (18),1,le2i,le2i:Home_01:video (18),0,16,16,16,10,10,2.40003840061441,0,56
/data/final_project_dataset/le2i/Home_01/Home_01/Videos/video (18).avi,fall,le2i:Home_01:video (18),1,le2i,le2i:Home_01:video (18),2,18,18,16,10,10,2.40003840061441,0,56
/data/final_project_dataset/le2i/Home_01/Home_01/Videos/video (18).avi,fall,le2i:Home_01:video (18),1,le2i,le2i:Home_01:video (18),4,20,20,16,10,10,2.40003840061441,0,56
/data/final_project_dataset/le2i/Home_01/Home_01/Videos/video (18).avi,fall,le2i:Home_01:video (18),1,le2i,le2i:Home_01:video (18),6,22,22,16,10,10,2.40003840061441,0,56
/data/final_project_dataset/le2i/Home_01/Home_01/Videos/video (18).avi,fall,le2i:Home_01:video (18),1,le2i,le2i:Home_01:video (18),8,24,24,16,10,10,2.40003840061441,0,56
/data/final_project_dataset/le2i/Home_01/Home_01/Videos/video (18).avi,fall,le2i:Home_01:video (18),1,le2i,le2i:Home_01:video (18),10,26,26,16,10,10,2.40003840061441,0,56
/data/final_project_dataset/le2i/Home_01/Home_01/Videos/video (18).avi,fall,le2i:Home_01:video (18),1,le2i,le2i:Home_01:video (18),12,28,28,16,10,10,2.40003840061441,0,56
/data/final_project_dataset/le2i/Home_01/Home_01/Videos/video (18).avi,fall,le2i:Home_01:video (18),1,le2i,le2i:Home_01:video (18),14,30,30,16,10,10,2.40003840061441,0,56
/data/final_project_dataset/le2i/Home_01/Home_01/Videos/video (18).avi,fall,le2i:Home_01:video (18),1,le2i,le2i:Home_01:video (18),16,32,32,16,10,10,2.40003840061441,0,56
/data/final_project_dataset/le2i/Home_01/Home_01/Videos/video (18).avi,fall,le2i:Home_01:video (18),1,le2i,le2i:Home_01:video (18),18,34,34,16,10,10,2.40003840061441,0,56
/data/final_project_dataset/le2i/Home_01/Home_01/Videos/video (18).avi,fall,le2i:Home_01:video (18),1,le2i,le2i:Home_01:video (18),20,36,36,16,10,10,2.40003840061441,0,56
/data/final_project_dataset/le2i/Home_01/Home_01/Videos/video (18).avi,fall,le2i:Home_01:video (18),1,le2i,le2i:Home_01:video (18),22,38,38,16,10,10,2.40003840061441,0,56
/data/final_project_dataset/le2i/Home_01/Home_01/Videos/video (18).avi,fall,le2i:Home_01:video (18),1,le2i,le2i:Home_01:video (18),24,40,40,16,10,10,2.40003840061441,0,56
/data/final_project_dataset/le2i/Home_01/Home_01/Videos/video (18).avi,fall,le2i:Home_01:video (18),1,le2i,le2i:Home_01:video (18),26,42,42,16,10,10,2.40003840061441,0,56
/data/final_project_dataset/le2i/Home_01/Home_01/Videos/video (18).avi,fall,le2i:Home_01:video (18),1,le2i,le2i:Home_01:video (18),28,44,44,16,10,10,2.40003840061441,0,56
/data/final_project_dataset/le2i/Home_01/Home_01/Videos/video (18).avi,fall,le2i:Home_01:video (18),1,le2i,le2i:Home_01:video (18),30,46,46,16,10,10,2.40003840061441,1,56
/data/final_project_dataset/le2i/Home_01/Home_01/Videos/video (18).avi,fall,le2i:Home_01:video (18),1,le2i,le2i:Home_01:video (18),32,48,48,16,10,10,2.40003840061441,1,56
/data/final_project_dataset/le2i/Home_01/Home_01/Videos/video (18).avi,fall,le2i:Home_01:video (18),1,le2i,le2i:Home_01:video (18),34,50,50,16,10,10,2.40003840061441,1,56
/data/final_project_dataset/le2i/Home_01/Home_01/Videos/video (18).avi,fall,le2i:Home_01:video (18),1,le2i,le2i:Home_01:video (18),36,52,52,16,10,10,2.40003840061441,1,56
/data/final_project_dataset/le2i/Home_01/Home_01/Videos/video (18).avi,fall,le2i:Home_01:video (18),1,le2i,le2i:Home_01:video (18),38,54,54,16,10,10,2.40003840061441,1,56
/data/final_project_dataset/le2i/Home_01/Home_01/Videos/video (19).avi,fall,le2i:Home_01:video (19),1,le2i,le2i:Home_01:video (19),0,16,16,16,10,10,2.40003840061441,0,54
/data/final_project_dataset/le2i/Home_01/Home_01/Videos/video (19).avi,fall,le2i:Home_01:video (19),1,le2i,le2i:Home_01:video (19),2,18,18,16,10,10,2.40003840061441,0,54
/data/final_project_dataset/le2i/Home_01/Home_01/Videos/video (19).avi,fall,le2i:Home_01:video (19),1,le2i,le2i:Home_01:video (19),4,20,20,16,10,10,2.40003840061441,0,54
/data/final_project_dataset/le2i/Home_01/Home_01/Videos/video (19).avi,fall,le2i:Home_01:video (19),1,le2i,le2i:Home_01:video (19),6,22,22,16,10,10,2.40003840061441,0,54
/data/final_project_dataset/le2i/Home_01/Home_01/Videos/video (19).avi,fall,le2i:Home_01:video (19),1,le2i,le2i:Home_01:video (19),8,24,24,16,10,10,2.40003840061441,0,54
/data/final_project_dataset/le2i/Home_01/Home_01/Videos/video (19).avi,fall,le2i:Home_01:video (19),1,le2i,le2i:Home_01:video (19),10,26,26,16,10,10,2.40003840061441,0,54
/data/final_project_dataset/le2i/Home_01/Home_01/Videos/video (19).avi,fall,le2i:Home_01:video (19),1,le2i,le2i:Home_01:video (19),12,28,28,16,10,10,2.40003840061441,0,54
/data/final_project_dataset/le2i/Home_01/Home_01/Videos/video (19).avi,fall,le2i:Home_01:video (19),1,le2i,le2i:Home_01:video (19),14,30,30,16,10,10,2.40003840061441,0,54
/data/final_project_dataset/le2i/Home_01/Home_01/Videos/video (19).avi,fall,le2i:Home_01:video (19),1,le2i,le2i:Home_01:video (19),16,32,32,16,10,10,2.40003840061441,0,54
/data/final_project_dataset/le2i/Home_01/Home_01/Videos/video (19).avi,fall,le2i:Home_01:video (19),1,le2i,le2i:Home_01:video (19),18,34,34,16,10,10,2.40003840061441,0,54
/data/final_project_dataset/le2i/Home_01/Home_01/Videos/video (19).avi,fall,le2i:Home_01:video (19),1,le2i,le2i:Home_01:video (19),20,36,36,16,10,10,2.40003840061441,0,54
/data/final_project_dataset/le2i/Home_01/Home_01/Videos/video (19).avi,fall,le2i:Home_01:video (19),1,le2i,le2i:Home_01:video (19),22,38,38,16,10,10,2.40003840061441,0,54
/data/final_project_dataset/le2i/Home_01/Home_01/Videos/video (19).avi,fall,le2i:Home_01:video (19),1,le2i,le2i:Home_01:video (19),24,40,40,16,10,10,2.40003840061441,0,54
/data/final_project_dataset/le2i/Home_01/Home_01/Videos/video (19).avi,fall,le2i:Home_01:video (19),1,le2i,le2i:Home_01:video (19),26,42,42,16,10,10,2.40003840061441,0,54
/data/final_project_dataset/le2i/Home_01/Home_01/Videos/video (19).avi,fall,le2i:Home_01:video (19),1,le2i,le2i:Home_01:video (19),28,44,44,16,10,10,2.40003840061441,1,54
/data/final_project_dataset/le2i/Home_01/Home_01/Videos/video (19).avi,fall,le2i:Home_01:video (19),1,le2i,le2i:Home_01:video (19),30,46,46,16,10,10,2.40003840061441,1,54
/data/final_project_dataset/le2i/Home_01/Home_01/Videos/video (19).avi,fall,le2i:Home_01:video (19),1,le2i,le2i:Home_01:video (19),32,48,48,16,10,10,2.40003840061441,1,54
/data/final_project_dataset/le2i/Home_01/Home_01/Videos/video (19).avi,fall,le2i:Home_01:video (19),1,le2i,le2i:Home_01:video (19),34,50,50,16,10,10,2.40003840061441,1,54
/data/final_project_dataset/le2i/Home_01/Home_01/Videos/video (19).avi,fall,le2i:Home_01:video (19),1,le2i,le2i:Home_01:video (19),36,52,52,16,10,10,2.40003840061441,1,54
/data/final_project_dataset/le2i/Home_01/Home_01/Videos/video (2).avi,fall,le2i:Home_01:video (2),1,le2i,le2i:Home_01:video (2),0,16,16,16,10,10,2.40003840061441,0,50
/data/final_project_dataset/le2i/Home_01/Home_01/Videos/video (2).avi,fall,le2i:Home_01:video (2),1,le2i,le2i:Home_01:video (2),2,18,18,16,10,10,2.40003840061441,0,50
/data/final_project_dataset/le2i/Home_01/Home_01/Videos/video (2).avi,fall,le2i:Home_01:video (2),1,le2i,le2i:Home_01:video (2),4,20,20,16,10,10,2.40003840061441,0,50
/data/final_project_dataset/le2i/Home_01/Home_01/Videos/video (2).avi,fall,le2i:Home_01:video (2),1,le2i,le2i:Home_01:video (2),6,22,22,16,10,10,2.40003840061441,0,50
/data/final_project_dataset/le2i/Home_01/Home_01/Videos/video (2).avi,fall,le2i:Home_01:video (2),1,le2i,le2i:Home_01:video (2),8,24,24,16,10,10,2.40003840061441,0,50
/data/final_project_dataset/le2i/Home_01/Home_01/Videos/video (2).avi,fall,le2i:Home_01:video (2),1,le2i,le2i:Home_01:video (2),10,26,26,16,10,10,2.40003840061441,0,50
/data/final_project_dataset/le2i/Home_01/Home_01/Videos/video (2).avi,fall,le2i:Home_01:video (2),1,le2i,le2i:Home_01:video (2),12,28,28,16,10,10,2.40003840061441,0,50
/data/final_project_dataset/le2i/Home_01/Home_01/Videos/video (2).avi,fall,le2i:Home_01:video (2),1,le2i,le2i:Home_01:video (2),14,30,30,16,10,10,2.40003840061441,0,50
/data/final_project_dataset/le2i/Home_01/Home_01/Videos/video (2).avi,fall,le2i:Home_01:video (2),1,le2i,le2i:Home_01:video (2),16,32,32,16,10,10,2.40003840061441,0,50
/data/final_project_dataset/le2i/Home_01/Home_01/Videos/video (2).avi,fall,le2i:Home_01:video (2),1,le2i,le2i:Home_01:video (2),18,34,34,16,10,10,2.40003840061441,0,50
/data/final_project_dataset/le2i/Home_01/Home_01/Videos/video (2).avi,fall,le2i:Home_01:video (2),1,le2i,le2i:Home_01:video (2),20,36,36,16,10,10,2.40003840061441,0,50
/data/final_project_dataset/le2i/Home_01/Home_01/Videos/video (2).avi,fall,le2i:Home_01:video (2),1,le2i,le2i:Home_01:video (2),22,38,38,16,10,10,2.40003840061441,0,50
/data/final_project_dataset/le2i/Home_01/Home_01/Videos/video (2).avi,fall,le2i:Home_01:video (2),1,le2i,le2i:Home_01:video (2),24,40,40,16,10,10,2.40003840061441,1,50
/data/final_project_dataset/le2i/Home_01/Home_01/Videos/video (2).avi,fall,le2i:Home_01:video (2),1,le2i,le2i:Home_01:video (2),26,42,42,16,10,10,2.40003840061441,1,50
/data/final_project_dataset/le2i/Home_01/Home_01/Videos/video (2).avi,fall,le2i:Home_01:video (2),1,le2i,le2i:Home_01:video (2),28,44,44,16,10,10,2.40003840061441,1,50
/data/final_project_dataset/le2i/Home_01/Home_01/Videos/video (2).avi,fall,le2i:Home_01:video (2),1,le2i,le2i:Home_01:video (2),30,46,46,16,10,10,2.40003840061441,1,50
/data/final_project_dataset/le2i/Home_01/Home_01/Videos/video (2).avi,fall,le2i:Home_01:video (2),1,le2i,le2i:Home_01:video (2),32,48,48,16,10,10,2.40003840061441,1,50
/data/final_project_dataset/le2i/Home_01/Home_01/Videos/video (20).avi,fall,le2i:Home_01:video (20),1,le2i,le2i:Home_01:video (20),0,16,16,16,10,10,2.40003840061441,0,61
/data/final_project_dataset/le2i/Home_01/Home_01/Videos/video (20).avi,fall,le2i:Home_01:video (20),1,le2i,le2i:Home_01:video (20),2,18,18,16,10,10,2.40003840061441,0,61
/data/final_project_dataset/le2i/Home_01/Home_01/Videos/video (20).avi,fall,le2i:Home_01:video (20),1,le2i,le2i:Home_01:video (20),4,20,20,16,10,10,2.40003840061441,0,61
/data/final_project_dataset/le2i/Home_01/Home_01/Videos/video (20).avi,fall,le2i:Home_01:video (20),1,le2i,le2i:Home_01:video (20),6,22,22,16,10,10,2.40003840061441,0,61
/data/final_project_dataset/le2i/Home_01/Home_01/Videos/video (20).avi,fall,le2i:Home_01:video (20),1,le2i,le2i:Home_01:video (20),8,24,24,16,10,10,2.40003840061441,0,61
/data/final_project_dataset/le2i/Home_01/Home_01/Videos/video (20).avi,fall,le2i:Home_01:video (20),1,le2i,le2i:Home_01:video (20),10,26,26,16,10,10,2.40003840061441,0,61
/data/final_project_dataset/le2i/Home_01/Home_01/Videos/video (20).avi,fall,le2i:Home_01:video (20),1,le2i,le2i:Home_01:video (20),12,28,28,16,10,10,2.40003840061441,0,61
/data/final_project_dataset/le2i/Home_01/Home_01/Videos/video (20).avi,fall,le2i:Home_01:video (20),1,le2i,le2i:Home_01:video (20),14,30,30,16,10,10,2.40003840061441,0,61
/data/final_project_dataset/le2i/Home_01/Home_01/Videos/video (20).avi,fall,le2i:Home_01:video (20),1,le2i,le2i:Home_01:video (20),16,32,32,16,10,10,2.40003840061441,0,61
/data/final_project_dataset/le2i/Home_01/Home_01/Videos/video (20).avi,fall,le2i:Home_01:video (20),1,le2i,le2i:Home_01:video (20),18,34,34,16,10,10,2.40003840061441,0,61
/data/final_project_dataset/le2i/Home_01/Home_01/Videos/video (20).avi,fall,le2i:Home_01:video (20),1,le2i,le2i:Home_01:video (20),20,36,36,16,10,10,2.40003840061441,0,61
/data/final_project_dataset/le2i/Home_01/Home_01/Videos/video (20).avi,fall,le2i:Home_01:video (20),1,le2i,le2i:Home_01:video (20),22,38,38,16,10,10,2.40003840061441,0,61
/data/final_project_dataset/le2i/Home_01/Home_01/Videos/video (20).avi,fall,le2i:Home_01:video (20),1,le2i,le2i:Home_01:video (20),24,40,40,16,10,10,2.40003840061441,0,61
/data/final_project_dataset/le2i/Home_01/Home_01/Videos/video (20).avi,fall,le2i:Home_01:video (20),1,le2i,le2i:Home_01:video (20),26,42,42,16,10,10,2.40003840061441,0,61
/data/final_project_dataset/le2i/Home_01/Home_01/Videos/video (20).avi,fall,le2i:Home_01:video (20),1,le2i,le2i:Home_01:video (20),28,44,44,16,10,10,2.40003840061441,0,61
/data/final_project_dataset/le2i/Home_01/Home_01/Videos/video (20).avi,fall,le2i:Home_01:video (20),1,le2i,le2i:Home_01:video (20),30,46,46,16,10,10,2.40003840061441,0,61
/data/final_project_dataset/le2i/Home_01/Home_01/Videos/video (20).avi,fall,le2i:Home_01:video (20),1,le2i,le2i:Home_01:video (20),32,48,48,16,10,10,2.40003840061441,0,61
/data/final_project_dataset/le2i/Home_01/Home_01/Videos/video (20).avi,fall,le2i:Home_01:video (20),1,le2i,le2i:Home_01:video (20),34,50,50,16,10,10,2.40003840061441,0,61
/data/final_project_dataset/le2i/Home_01/Home_01/Videos/video (20).avi,fall,le2i:Home_01:video (20),1,le2i,le2i:Home_01:video (20),36,52,52,16,10,10,2.40003840061441,1,61
/data/final_project_dataset/le2i/Home_01/Home_01/Videos/video (20).avi,fall,le2i:Home_01:video (20),1,le2i,le2i:Home_01:video (20),38,54,54,16,10,10,2.40003840061441,1,61
/data/final_project_dataset/le2i/Home_01/Home_01/Videos/video (20).avi,fall,le2i:Home_01:video (20),1,le2i,le2i:Home_01:video (20),40,56,56,16,10,10,2.40003840061441,1,61
/data/final_project_dataset/le2i/Home_01/Home_01/Videos/video (20).avi,fall,le2i:Home_01:video (20),1,le2i,le2i:Home_01:video (20),42,58,58,16,10,10,2.40003840061441,1,61
/data/final_project_dataset/le2i/Home_01/Home_01/Videos/video (20).avi,fall,le2i:Home_01:video (20),1,le2i,le2i:Home_01:video (20),44,60,60,16,10,10,2.40003840061441,1,61
/data/final_project_dataset/le2i/Home_01/Home_01/Videos/video (21).avi,fall,le2i:Home_01:video (21),1,le2i,le2i:Home_01:video (21),0,16,16,16,10,10,2.40003840061441,0,62
/data/final_project_dataset/le2i/Home_01/Home_01/Videos/video (21).avi,fall,le2i:Home_01:video (21),1,le2i,le2i:Home_01:video (21),2,18,18,16,10,10,2.40003840061441,0,62
/data/final_project_dataset/le2i/Home_01/Home_01/Videos/video (21).avi,fall,le2i:Home_01:video (21),1,le2i,le2i:Home_01:video (21),4,20,20,16,10,10,2.40003840061441,0,62
/data/final_project_dataset/le2i/Home_01/Home_01/Videos/video (21).avi,fall,le2i:Home_01:video (21),1,le2i,le2i:Home_01:video (21),6,22,22,16,10,10,2.40003840061441,0,62
/data/final_project_dataset/le2i/Home_01/Home_01/Videos/video (21).avi,fall,le2i:Home_01:video (21),1,le2i,le2i:Home_01:video (21),8,24,24,16,10,10,2.40003840061441,0,62
/data/final_project_dataset/le2i/Home_01/Home_01/Videos/video (21).avi,fall,le2i:Home_01:video (21),1,le2i,le2i:Home_01:video (21),10,26,26,16,10,10,2.40003840061441,0,62
/data/final_project_dataset/le2i/Home_01/Home_01/Videos/video (21).avi,fall,le2i:Home_01:video (21),1,le2i,le2i:Home_01:video (21),12,28,28,16,10,10,2.40003840061441,0,62
/data/final_project_dataset/le2i/Home_01/Home_01/Videos/video (21).avi,fall,le2i:Home_01:video (21),1,le2i,le2i:Home_01:video (21),14,30,30,16,10,10,2.40003840061441,0,62
/data/final_project_dataset/le2i/Home_01/Home_01/Videos/video (21).avi,fall,le2i:Home_01:video (21),1,le2i,le2i:Home_01:video (21),16,32,32,16,10,10,2.40003840061441,0,62
/data/final_project_dataset/le2i/Home_01/Home_01/Videos/video (21).avi,fall,le2i:Home_01:video (21),1,le2i,le2i:Home_01:video (21),18,34,34,16,10,10,2.40003840061441,0,62
/data/final_project_dataset/le2i/Home_01/Home_01/Videos/video (21).avi,fall,le2i:Home_01:video (21),1,le2i,le2i:Home_01:video (21),20,36,36,16,10,10,2.40003840061441,0,62
/data/final_project_dataset/le2i/Home_01/Home_01/Videos/video (21).avi,fall,le2i:Home_01:video (21),1,le2i,le2i:Home_01:video (21),22,38,38,16,10,10,2.40003840061441,0,62
/data/final_project_dataset/le2i/Home_01/Home_01/Videos/video (21).avi,fall,le2i:Home_01:video (21),1,le2i,le2i:Home_01:video (21),24,40,40,16,10,10,2.40003840061441,0,62
/data/final_project_dataset/le2i/Home_01/Home_01/Videos/video (21).avi,fall,le2i:Home_01:video (21),1,le2i,le2i:Home_01:video (21),26,42,42,16,10,10,2.40003840061441,0,62
/data/final_project_dataset/le2i/Home_01/Home_01/Videos/video (21).avi,fall,le2i:Home_01:video (21),1,le2i,le2i:Home_01:video (21),28,44,44,16,10,10,2.40003840061441,0,62
/data/final_project_dataset/le2i/Home_01/Home_01/Videos/video (21).avi,fall,le2i:Home_01:video (21),1,le2i,le2i:Home_01:video (21),30,46,46,16,10,10,2.40003840061441,0,62
/data/final_project_dataset/le2i/Home_01/Home_01/Videos/video (21).avi,fall,le2i:Home_01:video (21),1,le2i,le2i:Home_01:video (21),32,48,48,16,10,10,2.40003840061441,0,62
/data/final_project_dataset/le2i/Home_01/Home_01/Videos/video (21).avi,fall,le2i:Home_01:video (21),1,le2i,le2i:Home_01:video (21),34,50,50,16,10,10,2.40003840061441,0,62
/data/final_project_dataset/le2i/Home_01/Home_01/Videos/video (21).avi,fall,le2i:Home_01:video (21),1,le2i,le2i:Home_01:video (21),36,52,52,16,10,10,2.40003840061441,1,62
/data/final_project_dataset/le2i/Home_01/Home_01/Videos/video (21).avi,fall,le2i:Home_01:video (21),1,le2i,le2i:Home_01:video (21),38,54,54,16,10,10,2.40003840061441,1,62
/data/final_project_dataset/le2i/Home_01/Home_01/Videos/video (21).avi,fall,le2i:Home_01:video (21),1,le2i,le2i:Home_01:video (21),40,56,56,16,10,10,2.40003840061441,1,62
/data/final_project_dataset/le2i/Home_01/Home_01/Videos/video (21).avi,fall,le2i:Home_01:video (21),1,le2i,le2i:Home_01:video (21),42,58,58,16,10,10,2.40003840061441,1,62
/data/final_project_dataset/le2i/Home_01/Home_01/Videos/video (21).avi,fall,le2i:Home_01:video (21),1,le2i,le2i:Home_01:video (21),44,60,60,16,10,10,2.40003840061441,1,62
/data/final_project_dataset/le2i/Home_01/Home_01/Videos/video (22).avi,fall,le2i:Home_01:video (22),1,le2i,le2i:Home_01:video (22),0,16,16,16,10,10,2.40003840061441,0,63
/data/final_project_dataset/le2i/Home_01/Home_01/Videos/video (22).avi,fall,le2i:Home_01:video (22),1,le2i,le2i:Home_01:video (22),2,18,18,16,10,10,2.40003840061441,0,63
/data/final_project_dataset/le2i/Home_01/Home_01/Videos/video (22).avi,fall,le2i:Home_01:video (22),1,le2i,le2i:Home_01:video (22),4,20,20,16,10,10,2.40003840061441,0,63
/data/final_project_dataset/le2i/Home_01/Home_01/Videos/video (22).avi,fall,le2i:Home_01:video (22),1,le2i,le2i:Home_01:video (22),6,22,22,16,10,10,2.40003840061441,0,63
/data/final_project_dataset/le2i/Home_01/Home_01/Videos/video (22).avi,fall,le2i:Home_01:video (22),1,le2i,le2i:Home_01:video (22),8,24,24,16,10,10,2.40003840061441,0,63
/data/final_project_dataset/le2i/Home_01/Home_01/Videos/video (22).avi,fall,le2i:Home_01:video (22),1,le2i,le2i:Home_01:video (22),10,26,26,16,10,10,2.40003840061441,0,63
/data/final_project_dataset/le2i/Home_01/Home_01/Videos/video (22).avi,fall,le2i:Home_01:video (22),1,le2i,le2i:Home_01:video (22),12,28,28,16,10,10,2.40003840061441,0,63
/data/final_project_dataset/le2i/Home_01/Home_01/Videos/video (22).avi,fall,le2i:Home_01:video (22),1,le2i,le2i:Home_01:video (22),14,30,30,16,10,10,2.40003840061441,0,63
/data/final_project_dataset/le2i/Home_01/Home_01/Videos/video (22).avi,fall,le2i:Home_01:video (22),1,le2i,le2i:Home_01:video (22),16,32,32,16,10,10,2.40003840061441,0,63
/data/final_project_dataset/le2i/Home_01/Home_01/Videos/video (22).avi,fall,le2i:Home_01:video (22),1,le2i,le2i:Home_01:video (22),18,34,34,16,10,10,2.40003840061441,0,63
/data/final_project_dataset/le2i/Home_01/Home_01/Videos/video (22).avi,fall,le2i:Home_01:video (22),1,le2i,le2i:Home_01:video (22),20,36,36,16,10,10,2.40003840061441,0,63
/data/final_project_dataset/le2i/Home_01/Home_01/Videos/video (22).avi,fall,le2i:Home_01:video (22),1,le2i,le2i:Home_01:video (22),22,38,38,16,10,10,2.40003840061441,0,63
/data/final_project_dataset/le2i/Home_01/Home_01/Videos/video (22).avi,fall,le2i:Home_01:video (22),1,le2i,le2i:Home_01:video (22),24,40,40,16,10,10,2.40003840061441,0,63
/data/final_project_dataset/le2i/Home_01/Home_01/Videos/video (22).avi,fall,le2i:Home_01:video (22),1,le2i,le2i:Home_01:video (22),26,42,42,16,10,10,2.40003840061441,0,63
/data/final_project_dataset/le2i/Home_01/Home_01/Videos/video (22).avi,fall,le2i:Home_01:video (22),1,le2i,le2i:Home_01:video (22),28,44,44,16,10,10,2.40003840061441,0,63
/data/final_project_dataset/le2i/Home_01/Home_01/Videos/video (22).avi,fall,le2i:Home_01:video (22),1,le2i,le2i:Home_01:video (22),30,46,46,16,10,10,2.40003840061441,0,63
/data/final_project_dataset/le2i/Home_01/Home_01/Videos/video (22).avi,fall,le2i:Home_01:video (22),1,le2i,le2i:Home_01:video (22),32,48,48,16,10,10,2.40003840061441,0,63
/data/final_project_dataset/le2i/Home_01/Home_01/Videos/video (22).avi,fall,le2i:Home_01:video (22),1,le2i,le2i:Home_01:video (22),34,50,50,16,10,10,2.40003840061441,0,63
/data/final_project_dataset/le2i/Home_01/Home_01/Videos/video (22).avi,fall,le2i:Home_01:video (22),1,le2i,le2i:Home_01:video (22),36,52,52,16,10,10,2.40003840061441,0,63
/data/final_project_dataset/le2i/Home_01/Home_01/Videos/video (22).avi,fall,le2i:Home_01:video (22),1,le2i,le2i:Home_01:video (22),38,54,54,16,10,10,2.40003840061441,1,63
/data/final_project_dataset/le2i/Home_01/Home_01/Videos/video (22).avi,fall,le2i:Home_01:video (22),1,le2i,le2i:Home_01:video (22),40,56,56,16,10,10,2.40003840061441,1,63
/data/final_project_dataset/le2i/Home_01/Home_01/Videos/video (22).avi,fall,le2i:Home_01:video (22),1,le2i,le2i:Home_01:video (22),42,58,58,16,10,10,2.40003840061441,1,63
/data/final_project_dataset/le2i/Home_01/Home_01/Videos/video (22).avi,fall,le2i:Home_01:video (22),1,le2i,le2i:Home_01:video (22),44,60,60,16,10,10,2.40003840061441,1,63
/data/final_project_dataset/le2i/Home_01/Home_01/Videos/video (22).avi,fall,le2i:Home_01:video (22),1,le2i,le2i:Home_01:video (22),46,62,62,16,10,10,2.40003840061441,1,63
/data/final_project_dataset/le2i/Home_01/Home_01/Videos/video (23).avi,fall,le2i:Home_01:video (23),1,le2i,le2i:Home_01:video (23),0,16,16,16,10,10,2.40003840061441,0,69
/data/final_project_dataset/le2i/Home_01/Home_01/Videos/video (23).avi,fall,le2i:Home_01:video (23),1,le2i,le2i:Home_01:video (23),2,18,18,16,10,10,2.40003840061441,0,69
/data/final_project_dataset/le2i/Home_01/Home_01/Videos/video (23).avi,fall,le2i:Home_01:video (23),1,le2i,le2i:Home_01:video (23),4,20,20,16,10,10,2.40003840061441,0,69
/data/final_project_dataset/le2i/Home_01/Home_01/Videos/video (23).avi,fall,le2i:Home_01:video (23),1,le2i,le2i:Home_01:video (23),6,22,22,16,10,10,2.40003840061441,0,69
/data/final_project_dataset/le2i/Home_01/Home_01/Videos/video (23).avi,fall,le2i:Home_01:video (23),1,le2i,le2i:Home_01:video (23),8,24,24,16,10,10,2.40003840061441,0,69
/data/final_project_dataset/le2i/Home_01/Home_01/Videos/video (23).avi,fall,le2i:Home_01:video (23),1,le2i,le2i:Home_01:video (23),10,26,26,16,10,10,2.40003840061441,0,69
/data/final_project_dataset/le2i/Home_01/Home_01/Videos/video (23).avi,fall,le2i:Home_01:video (23),1,le2i,le2i:Home_01:video (23),12,28,28,16,10,10,2.40003840061441,0,69
/data/final_project_dataset/le2i/Home_01/Home_01/Videos/video (23).avi,fall,le2i:Home_01:video (23),1,le2i,le2i:Home_01:video (23),14,30,30,16,10,10,2.40003840061441,0,69
/data/final_project_dataset/le2i/Home_01/Home_01/Videos/video (23).avi,fall,le2i:Home_01:video (23),1,le2i,le2i:Home_01:video (23),16,32,32,16,10,10,2.40003840061441,0,69
/data/final_project_dataset/le2i/Home_01/Home_01/Videos/video (23).avi,fall,le2i:Home_01:video (23),1,le2i,le2i:Home_01:video (23),18,34,34,16,10,10,2.40003840061441,0,69
/data/final_project_dataset/le2i/Home_01/Home_01/Videos/video (23).avi,fall,le2i:Home_01:video (23),1,le2i,le2i:Home_01:video (23),20,36,36,16,10,10,2.40003840061441,0,69
/data/final_project_dataset/le2i/Home_01/Home_01/Videos/video (23).avi,fall,le2i:Home_01:video (23),1,le2i,le2i:Home_01:video (23),22,38,38,16,10,10,2.40003840061441,0,69
/data/final_project_dataset/le2i/Home_01/Home_01/Videos/video (23).avi,fall,le2i:Home_01:video (23),1,le2i,le2i:Home_01:video (23),24,40,40,16,10,10,2.40003840061441,0,69
/data/final_project_dataset/le2i/Home_01/Home_01/Videos/video (23).avi,fall,le2i:Home_01:video (23),1,le2i,le2i:Home_01:video (23),26,42,42,16,10,10,2.40003840061441,0,69
/data/final_project_dataset/le2i/Home_01/Home_01/Videos/video (23).avi,fall,le2i:Home_01:video (23),1,le2i,le2i:Home_01:video (23),28,44,44,16,10,10,2.40003840061441,0,69
/data/final_project_dataset/le2i/Home_01/Home_01/Videos/video (23).avi,fall,le2i:Home_01:video (23),1,le2i,le2i:Home_01:video (23),30,46,46,16,10,10,2.40003840061441,0,69
/data/final_project_dataset/le2i/Home_01/Home_01/Videos/video (23).avi,fall,le2i:Home_01:video (23),1,le2i,le2i:Home_01:video (23),32,48,48,16,10,10,2.40003840061441,0,69
/data/final_project_dataset/le2i/Home_01/Home_01/Videos/video (23).avi,fall,le2i:Home_01:video (23),1,le2i,le2i:Home_01:video (23),34,50,50,16,10,10,2.40003840061441,0,69
/data/final_project_dataset/le2i/Home_01/Home_01/Videos/video (23).avi,fall,le2i:Home_01:video (23),1,le2i,le2i:Home_01:video (23),36,52,52,16,10,10,2.40003840061441,0,69
/data/final_project_dataset/le2i/Home_01/Home_01/Videos/video (23).avi,fall,le2i:Home_01:video (23),1,le2i,le2i:Home_01:video (23),38,54,54,16,10,10,2.40003840061441,0,69
/data/final_project_dataset/le2i/Home_01/Home_01/Videos/video (23).avi,fall,le2i:Home_01:video (23),1,le2i,le2i:Home_01:video (23),40,56,56,16,10,10,2.40003840061441,0,69
/data/final_project_dataset/le2i/Home_01/Home_01/Videos/video (23).avi,fall,le2i:Home_01:video (23),1,le2i,le2i:Home_01:video (23),42,58,58,16,10,10,2.40003840061441,0,69
/data/final_project_dataset/le2i/Home_01/Home_01/Videos/video (23).avi,fall,le2i:Home_01:video (23),1,le2i,le2i:Home_01:video (23),44,60,60,16,10,10,2.40003840061441,1,69
/data/final_project_dataset/le2i/Home_01/Home_01/Videos/video (23).avi,fall,le2i:Home_01:video (23),1,le2i,le2i:Home_01:video (23),46,62,62,16,10,10,2.40003840061441,1,69
/data/final_project_dataset/le2i/Home_01/Home_01/Videos/video (23).avi,fall,le2i:Home_01:video (23),1,le2i,le2i:Home_01:video (23),48,64,64,16,10,10,2.40003840061441,1,69
/data/final_project_dataset/le2i/Home_01/Home_01/Videos/video (23).avi,fall,le2i:Home_01:video (23),1,le2i,le2i:Home_01:video (23),50,66,66,16,10,10,2.40003840061441,1,69
/data/final_project_dataset/le2i/Home_01/Home_01/Videos/video (23).avi,fall,le2i:Home_01:video (23),1,le2i,le2i:Home_01:video (23),52,68,68,16,10,10,2.40003840061441,1,69
/data/final_project_dataset/le2i/Home_01/Home_01/Videos/video (24).avi,fall,le2i:Home_01:video (24),1,le2i,le2i:Home_01:video (24),0,16,16,16,10,10,2.40003840061441,0,55
/data/final_project_dataset/le2i/Home_01/Home_01/Videos/video (24).avi,fall,le2i:Home_01:video (24),1,le2i,le2i:Home_01:video (24),2,18,18,16,10,10,2.40003840061441,0,55
/data/final_project_dataset/le2i/Home_01/Home_01/Videos/video (24).avi,fall,le2i:Home_01:video (24),1,le2i,le2i:Home_01:video (24),4,20,20,16,10,10,2.40003840061441,0,55
/data/final_project_dataset/le2i/Home_01/Home_01/Videos/video (24).avi,fall,le2i:Home_01:video (24),1,le2i,le2i:Home_01:video (24),6,22,22,16,10,10,2.40003840061441,0,55
/data/final_project_dataset/le2i/Home_01/Home_01/Videos/video (24).avi,fall,le2i:Home_01:video (24),1,le2i,le2i:Home_01:video (24),8,24,24,16,10,10,2.40003840061441,0,55
/data/final_project_dataset/le2i/Home_01/Home_01/Videos/video (24).avi,fall,le2i:Home_01:video (24),1,le2i,le2i:Home_01:video (24),10,26,26,16,10,10,2.40003840061441,0,55
/data/final_project_dataset/le2i/Home_01/Home_01/Videos/video (24).avi,fall,le2i:Home_01:video (24),1,le2i,le2i:Home_01:video (24),12,28,28,16,10,10,2.40003840061441,0,55
/data/final_project_dataset/le2i/Home_01/Home_01/Videos/video (24).avi,fall,le2i:Home_01:video (24),1,le2i,le2i:Home_01:video (24),14,30,30,16,10,10,2.40003840061441,0,55
/data/final_project_dataset/le2i/Home_01/Home_01/Videos/video (24).avi,fall,le2i:Home_01:video (24),1,le2i,le2i:Home_01:video (24),16,32,32,16,10,10,2.40003840061441,0,55
/data/final_project_dataset/le2i/Home_01/Home_01/Videos/video (24).avi,fall,le2i:Home_01:video (24),1,le2i,le2i:Home_01:video (24),18,34,34,16,10,10,2.40003840061441,0,55
/data/final_project_dataset/le2i/Home_01/Home_01/Videos/video (24).avi,fall,le2i:Home_01:video (24),1,le2i,le2i:Home_01:video (24),20,36,36,16,10,10,2.40003840061441,0,55
/data/final_project_dataset/le2i/Home_01/Home_01/Videos/video (24).avi,fall,le2i:Home_01:video (24),1,le2i,le2i:Home_01:video (24),22,38,38,16,10,10,2.40003840061441,0,55
/data/final_project_dataset/le2i/Home_01/Home_01/Videos/video (24).avi,fall,le2i:Home_01:video (24),1,le2i,le2i:Home_01:video (24),24,40,40,16,10,10,2.40003840061441,0,55
/data/final_project_dataset/le2i/Home_01/Home_01/Videos/video (24).avi,fall,le2i:Home_01:video (24),1,le2i,le2i:Home_01:video (24),26,42,42,16,10,10,2.40003840061441,0,55
/data/final_project_dataset/le2i/Home_01/Home_01/Videos/video (24).avi,fall,le2i:Home_01:video (24),1,le2i,le2i:Home_01:video (24),28,44,44,16,10,10,2.40003840061441,0,55
/data/final_project_dataset/le2i/Home_01/Home_01/Videos/video (24).avi,fall,le2i:Home_01:video (24),1,le2i,le2i:Home_01:video (24),30,46,46,16,10,10,2.40003840061441,1,55
/data/final_project_dataset/le2i/Home_01/Home_01/Videos/video (24).avi,fall,le2i:Home_01:video (24),1,le2i,le2i:Home_01:video (24),32,48,48,16,10,10,2.40003840061441,1,55
/data/final_project_dataset/le2i/Home_01/Home_01/Videos/video (24).avi,fall,le2i:Home_01:video (24),1,le2i,le2i:Home_01:video (24),34,50,50,16,10,10,2.40003840061441,1,55
/data/final_project_dataset/le2i/Home_01/Home_01/Videos/video (24).avi,fall,le2i:Home_01:video (24),1,le2i,le2i:Home_01:video (24),36,52,52,16,10,10,2.40003840061441,1,55
/data/final_project_dataset/le2i/Home_01/Home_01/Videos/video (24).avi,fall,le2i:Home_01:video (24),1,le2i,le2i:Home_01:video (24),38,54,54,16,10,10,2.40003840061441,1,55
/data/final_project_dataset/le2i/Home_01/Home_01/Videos/video (25).avi,fall,le2i:Home_01:video (25),1,le2i,le2i:Home_01:video (25),0,16,16,16,10,10,2.40003840061441,0,72
/data/final_project_dataset/le2i/Home_01/Home_01/Videos/video (25).avi,fall,le2i:Home_01:video (25),1,le2i,le2i:Home_01:video (25),2,18,18,16,10,10,2.40003840061441,0,72
/data/final_project_dataset/le2i/Home_01/Home_01/Videos/video (25).avi,fall,le2i:Home_01:video (25),1,le2i,le2i:Home_01:video (25),4,20,20,16,10,10,2.40003840061441,0,72
/data/final_project_dataset/le2i/Home_01/Home_01/Videos/video (25).avi,fall,le2i:Home_01:video (25),1,le2i,le2i:Home_01:video (25),6,22,22,16,10,10,2.40003840061441,0,72
/data/final_project_dataset/le2i/Home_01/Home_01/Videos/video (25).avi,fall,le2i:Home_01:video (25),1,le2i,le2i:Home_01:video (25),8,24,24,16,10,10,2.40003840061441,0,72
/data/final_project_dataset/le2i/Home_01/Home_01/Videos/video (25).avi,fall,le2i:Home_01:video (25),1,le2i,le2i:Home_01:video (25),10,26,26,16,10,10,2.40003840061441,0,72
/data/final_project_dataset/le2i/Home_01/Home_01/Videos/video (25).avi,fall,le2i:Home_01:video (25),1,le2i,le2i:Home_01:video (25),12,28,28,16,10,10,2.40003840061441,0,72
/data/final_project_dataset/le2i/Home_01/Home_01/Videos/video (25).avi,fall,le2i:Home_01:video (25),1,le2i,le2i:Home_01:video (25),14,30,30,16,10,10,2.40003840061441,0,72
/data/final_project_dataset/le2i/Home_01/Home_01/Videos/video (25).avi,fall,le2i:Home_01:video (25),1,le2i,le2i:Home_01:video (25),16,32,32,16,10,10,2.40003840061441,0,72
/data/final_project_dataset/le2i/Home_01/Home_01/Videos/video (25).avi,fall,le2i:Home_01:video (25),1,le2i,le2i:Home_01:video (25),18,34,34,16,10,10,2.40003840061441,0,72
/data/final_project_dataset/le2i/Home_01/Home_01/Videos/video (25).avi,fall,le2i:Home_01:video (25),1,le2i,le2i:Home_01:video (25),20,36,36,16,10,10,2.40003840061441,0,72
/data/final_project_dataset/le2i/Home_01/Home_01/Videos/video (25).avi,fall,le2i:Home_01:video (25),1,le2i,le2i:Home_01:video (25),22,38,38,16,10,10,2.40003840061441,0,72
/data/final_project_dataset/le2i/Home_01/Home_01/Videos/video (25).avi,fall,le2i:Home_01:video (25),1,le2i,le2i:Home_01:video (25),24,40,40,16,10,10,2.40003840061441,0,72
/data/final_project_dataset/le2i/Home_01/Home_01/Videos/video (25).avi,fall,le2i:Home_01:video (25),1,le2i,le2i:Home_01:video (25),26,42,42,16,10,10,2.40003840061441,0,72
/data/final_project_dataset/le2i/Home_01/Home_01/Videos/video (25).avi,fall,le2i:Home_01:video (25),1,le2i,le2i:Home_01:video (25),28,44,44,16,10,10,2.40003840061441,0,72
/data/final_project_dataset/le2i/Home_01/Home_01/Videos/video (25).avi,fall,le2i:Home_01:video (25),1,le2i,le2i:Home_01:video (25),30,46,46,16,10,10,2.40003840061441,0,72
/data/final_project_dataset/le2i/Home_01/Home_01/Videos/video (25).avi,fall,le2i:Home_01:video (25),1,le2i,le2i:Home_01:video (25),32,48,48,16,10,10,2.40003840061441,0,72
/data/final_project_dataset/le2i/Home_01/Home_01/Videos/video (25).avi,fall,le2i:Home_01:video (25),1,le2i,le2i:Home_01:video (25),34,50,50,16,10,10,2.40003840061441,0,72
/data/final_project_dataset/le2i/Home_01/Home_01/Videos/video (25).avi,fall,le2i:Home_01:video (25),1,le2i,le2i:Home_01:video (25),36,52,52,16,10,10,2.40003840061441,0,72
/data/final_project_dataset/le2i/Home_01/Home_01/Videos/video (25).avi,fall,le2i:Home_01:video (25),1,le2i,le2i:Home_01:video (25),38,54,54,16,10,10,2.40003840061441,0,72
/data/final_project_dataset/le2i/Home_01/Home_01/Videos/video (25).avi,fall,le2i:Home_01:video (25),1,le2i,le2i:Home_01:video (25),40,56,56,16,10,10,2.40003840061441,0,72
/data/final_project_dataset/le2i/Home_01/Home_01/Videos/video (25).avi,fall,le2i:Home_01:video (25),1,le2i,le2i:Home_01:video (25),42,58,58,16,10,10,2.40003840061441,0,72
/data/final_project_dataset/le2i/Home_01/Home_01/Videos/video (25).avi,fall,le2i:Home_01:video (25),1,le2i,le2i:Home_01:video (25),44,60,60,16,10,10,2.40003840061441,0,72
/data/final_project_dataset/le2i/Home_01/Home_01/Videos/video (25).avi,fall,le2i:Home_01:video (25),1,le2i,le2i:Home_01:video (25),46,62,62,16,10,10,2.40003840061441,1,72
/data/final_project_dataset/le2i/Home_01/Home_01/Videos/video (25).avi,fall,le2i:Home_01:video (25),1,le2i,le2i:Home_01:video (25),48,64,64,16,10,10,2.40003840061441,1,72
/data/final_project_dataset/le2i/Home_01/Home_01/Videos/video (25).avi,fall,le2i:Home_01:video (25),1,le2i,le2i:Home_01:video (25),50,66,66,16,10,10,2.40003840061441,1,72
/data/final_project_dataset/le2i/Home_01/Home_01/Videos/video (25).avi,fall,le2i:Home_01:video (25),1,le2i,le2i:Home_01:video (25),52,68,68,16,10,10,2.40003840061441,1,72
/data/final_project_dataset/le2i/Home_01/Home_01/Videos/video (25).avi,fall,le2i:Home_01:video (25),1,le2i,le2i:Home_01:video (25),54,70,70,16,10,10,2.40003840061441,1,72
/data/final_project_dataset/le2i/Home_01/Home_01/Videos/video (26).avi,fall,le2i:Home_01:video (26),1,le2i,le2i:Home_01:video (26),0,16,16,16,10,10,2.40003840061441,0,54
/data/final_project_dataset/le2i/Home_01/Home_01/Videos/video (26).avi,fall,le2i:Home_01:video (26),1,le2i,le2i:Home_01:video (26),2,18,18,16,10,10,2.40003840061441,0,54
/data/final_project_dataset/le2i/Home_01/Home_01/Videos/video (26).avi,fall,le2i:Home_01:video (26),1,le2i,le2i:Home_01:video (26),4,20,20,16,10,10,2.40003840061441,0,54
/data/final_project_dataset/le2i/Home_01/Home_01/Videos/video (26).avi,fall,le2i:Home_01:video (26),1,le2i,le2i:Home_01:video (26),6,22,22,16,10,10,2.40003840061441,0,54
/data/final_project_dataset/le2i/Home_01/Home_01/Videos/video (26).avi,fall,le2i:Home_01:video (26),1,le2i,le2i:Home_01:video (26),8,24,24,16,10,10,2.40003840061441,0,54
/data/final_project_dataset/le2i/Home_01/Home_01/Videos/video (26).avi,fall,le2i:Home_01:video (26),1,le2i,le2i:Home_01:video (26),10,26,26,16,10,10,2.40003840061441,0,54
/data/final_project_dataset/le2i/Home_01/Home_01/Videos/video (26).avi,fall,le2i:Home_01:video (26),1,le2i,le2i:Home_01:video (26),12,28,28,16,10,10,2.40003840061441,0,54
/data/final_project_dataset/le2i/Home_01/Home_01/Videos/video (26).avi,fall,le2i:Home_01:video (26),1,le2i,le2i:Home_01:video (26),14,30,30,16,10,10,2.40003840061441,0,54
/data/final_project_dataset/le2i/Home_01/Home_01/Videos/video (26).avi,fall,le2i:Home_01:video (26),1,le2i,le2i:Home_01:video (26),16,32,32,16,10,10,2.40003840061441,0,54
/data/final_project_dataset/le2i/Home_01/Home_01/Videos/video (26).avi,fall,le2i:Home_01:video (26),1,le2i,le2i:Home_01:video (26),18,34,34,16,10,10,2.40003840061441,0,54
/data/final_project_dataset/le2i/Home_01/Home_01/Videos/video (26).avi,fall,le2i:Home_01:video (26),1,le2i,le2i:Home_01:video (26),20,36,36,16,10,10,2.40003840061441,0,54
/data/final_project_dataset/le2i/Home_01/Home_01/Videos/video (26).avi,fall,le2i:Home_01:video (26),1,le2i,le2i:Home_01:video (26),22,38,38,16,10,10,2.40003840061441,0,54
/data/final_project_dataset/le2i/Home_01/Home_01/Videos/video (26).avi,fall,le2i:Home_01:video (26),1,le2i,le2i:Home_01:video (26),24,40,40,16,10,10,2.40003840061441,0,54
/data/final_project_dataset/le2i/Home_01/Home_01/Videos/video (26).avi,fall,le2i:Home_01:video (26),1,le2i,le2i:Home_01:video (26),26,42,42,16,10,10,2.40003840061441,0,54
/data/final_project_dataset/le2i/Home_01/Home_01/Videos/video (26).avi,fall,le2i:Home_01:video (26),1,le2i,le2i:Home_01:video (26),28,44,44,16,10,10,2.40003840061441,1,54
/data/final_project_dataset/le2i/Home_01/Home_01/Videos/video (26).avi,fall,le2i:Home_01:video (26),1,le2i,le2i:Home_01:video (26),30,46,46,16,10,10,2.40003840061441,1,54
/data/final_project_dataset/le2i/Home_01/Home_01/Videos/video (26).avi,fall,le2i:Home_01:video (26),1,le2i,le2i:Home_01:video (26),32,48,48,16,10,10,2.40003840061441,1,54
/data/final_project_dataset/le2i/Home_01/Home_01/Videos/video (26).avi,fall,le2i:Home_01:video (26),1,le2i,le2i:Home_01:video (26),34,50,50,16,10,10,2.40003840061441,1,54
/data/final_project_dataset/le2i/Home_01/Home_01/Videos/video (26).avi,fall,le2i:Home_01:video (26),1,le2i,le2i:Home_01:video (26),36,52,52,16,10,10,2.40003840061441,1,54
/data/final_project_dataset/le2i/Home_01/Home_01/Videos/video (27).avi,fall,le2i:Home_01:video (27),1,le2i,le2i:Home_01:video (27),0,16,16,16,10,10,2.40003840061441,0,70
/data/final_project_dataset/le2i/Home_01/Home_01/Videos/video (27).avi,fall,le2i:Home_01:video (27),1,le2i,le2i:Home_01:video (27),2,18,18,16,10,10,2.40003840061441,0,70
/data/final_project_dataset/le2i/Home_01/Home_01/Videos/video (27).avi,fall,le2i:Home_01:video (27),1,le2i,le2i:Home_01:video (27),4,20,20,16,10,10,2.40003840061441,0,70
/data/final_project_dataset/le2i/Home_01/Home_01/Videos/video (27).avi,fall,le2i:Home_01:video (27),1,le2i,le2i:Home_01:video (27),6,22,22,16,10,10,2.40003840061441,0,70
/data/final_project_dataset/le2i/Home_01/Home_01/Videos/video (27).avi,fall,le2i:Home_01:video (27),1,le2i,le2i:Home_01:video (27),8,24,24,16,10,10,2.40003840061441,0,70
/data/final_project_dataset/le2i/Home_01/Home_01/Videos/video (27).avi,fall,le2i:Home_01:video (27),1,le2i,le2i:Home_01:video (27),10,26,26,16,10,10,2.40003840061441,0,70
/data/final_project_dataset/le2i/Home_01/Home_01/Videos/video (27).avi,fall,le2i:Home_01:video (27),1,le2i,le2i:Home_01:video (27),12,28,28,16,10,10,2.40003840061441,0,70
/data/final_project_dataset/le2i/Home_01/Home_01/Videos/video (27).avi,fall,le2i:Home_01:video (27),1,le2i,le2i:Home_01:video (27),14,30,30,16,10,10,2.40003840061441,0,70
/data/final_project_dataset/le2i/Home_01/Home_01/Videos/video (27).avi,fall,le2i:Home_01:video (27),1,le2i,le2i:Home_01:video (27),16,32,32,16,10,10,2.40003840061441,0,70
/data/final_project_dataset/le2i/Home_01/Home_01/Videos/video (27).avi,fall,le2i:Home_01:video (27),1,le2i,le2i:Home_01:video (27),18,34,34,16,10,10,2.40003840061441,0,70
/data/final_project_dataset/le2i/Home_01/Home_01/Videos/video (27).avi,fall,le2i:Home_01:video (27),1,le2i,le2i:Home_01:video (27),20,36,36,16,10,10,2.40003840061441,0,70
/data/final_project_dataset/le2i/Home_01/Home_01/Videos/video (27).avi,fall,le2i:Home_01:video (27),1,le2i,le2i:Home_01:video (27),22,38,38,16,10,10,2.40003840061441,0,70
/data/final_project_dataset/le2i/Home_01/Home_01/Videos/video (27).avi,fall,le2i:Home_01:video (27),1,le2i,le2i:Home_01:video (27),24,40,40,16,10,10,2.40003840061441,0,70
/data/final_project_dataset/le2i/Home_01/Home_01/Videos/video (27).avi,fall,le2i:Home_01:video (27),1,le2i,le2i:Home_01:video (27),26,42,42,16,10,10,2.40003840061441,0,70
/data/final_project_dataset/le2i/Home_01/Home_01/Videos/video (27).avi,fall,le2i:Home_01:video (27),1,le2i,le2i:Home_01:video (27),28,44,44,16,10,10,2.40003840061441,0,70
/data/final_project_dataset/le2i/Home_01/Home_01/Videos/video (27).avi,fall,le2i:Home_01:video (27),1,le2i,le2i:Home_01:video (27),30,46,46,16,10,10,2.40003840061441,0,70
/data/final_project_dataset/le2i/Home_01/Home_01/Videos/video (27).avi,fall,le2i:Home_01:video (27),1,le2i,le2i:Home_01:video (27),32,48,48,16,10,10,2.40003840061441,0,70
/data/final_project_dataset/le2i/Home_01/Home_01/Videos/video (27).avi,fall,le2i:Home_01:video (27),1,le2i,le2i:Home_01:video (27),34,50,50,16,10,10,2.40003840061441,0,70
/data/final_project_dataset/le2i/Home_01/Home_01/Videos/video (27).avi,fall,le2i:Home_01:video (27),1,le2i,le2i:Home_01:video (27),36,52,52,16,10,10,2.40003840061441,0,70
/data/final_project_dataset/le2i/Home_01/Home_01/Videos/video (27).avi,fall,le2i:Home_01:video (27),1,le2i,le2i:Home_01:video (27),38,54,54,16,10,10,2.40003840061441,0,70
/data/final_project_dataset/le2i/Home_01/Home_01/Videos/video (27).avi,fall,le2i:Home_01:video (27),1,le2i,le2i:Home_01:video (27),40,56,56,16,10,10,2.40003840061441,0,70
/data/final_project_dataset/le2i/Home_01/Home_01/Videos/video (27).avi,fall,le2i:Home_01:video (27),1,le2i,le2i:Home_01:video (27),42,58,58,16,10,10,2.40003840061441,0,70
/data/final_project_dataset/le2i/Home_01/Home_01/Videos/video (27).avi,fall,le2i:Home_01:video (27),1,le2i,le2i:Home_01:video (27),44,60,60,16,10,10,2.40003840061441,1,70
/data/final_project_dataset/le2i/Home_01/Home_01/Videos/video (27).avi,fall,le2i:Home_01:video (27),1,le2i,le2i:Home_01:video (27),46,62,62,16,10,10,2.40003840061441,1,70
/data/final_project_dataset/le2i/Home_01/Home_01/Videos/video (27).avi,fall,le2i:Home_01:video (27),1,le2i,le2i:Home_01:video (27),48,64,64,16,10,10,2.40003840061441,1,70
/data/final_project_dataset/le2i/Home_01/Home_01/Videos/video (27).avi,fall,le2i:Home_01:video (27),1,le2i,le2i:Home_01:video (27),50,66,66,16,10,10,2.40003840061441,1,70
/data/final_project_dataset/le2i/Home_01/Home_01/Videos/video (27).avi,fall,le2i:Home_01:video (27),1,le2i,le2i:Home_01:video (27),52,68,68,16,10,10,2.40003840061441,1,70
/data/final_project_dataset/le2i/Home_01/Home_01/Videos/video (28).avi,fall,le2i:Home_01:video (28),1,le2i,le2i:Home_01:video (28),0,16,16,16,10,10,2.40003840061441,0,70
/data/final_project_dataset/le2i/Home_01/Home_01/Videos/video (28).avi,fall,le2i:Home_01:video (28),1,le2i,le2i:Home_01:video (28),2,18,18,16,10,10,2.40003840061441,0,70
/data/final_project_dataset/le2i/Home_01/Home_01/Videos/video (28).avi,fall,le2i:Home_01:video (28),1,le2i,le2i:Home_01:video (28),4,20,20,16,10,10,2.40003840061441,0,70
/data/final_project_dataset/le2i/Home_01/Home_01/Videos/video (28).avi,fall,le2i:Home_01:video (28),1,le2i,le2i:Home_01:video (28),6,22,22,16,10,10,2.40003840061441,0,70
/data/final_project_dataset/le2i/Home_01/Home_01/Videos/video (28).avi,fall,le2i:Home_01:video (28),1,le2i,le2i:Home_01:video (28),8,24,24,16,10,10,2.40003840061441,0,70
/data/final_project_dataset/le2i/Home_01/Home_01/Videos/video (28).avi,fall,le2i:Home_01:video (28),1,le2i,le2i:Home_01:video (28),10,26,26,16,10,10,2.40003840061441,0,70
/data/final_project_dataset/le2i/Home_01/Home_01/Videos/video (28).avi,fall,le2i:Home_01:video (28),1,le2i,le2i:Home_01:video (28),12,28,28,16,10,10,2.40003840061441,0,70
/data/final_project_dataset/le2i/Home_01/Home_01/Videos/video (28).avi,fall,le2i:Home_01:video (28),1,le2i,le2i:Home_01:video (28),14,30,30,16,10,10,2.40003840061441,0,70
/data/final_project_dataset/le2i/Home_01/Home_01/Videos/video (28).avi,fall,le2i:Home_01:video (28),1,le2i,le2i:Home_01:video (28),16,32,32,16,10,10,2.40003840061441,0,70
/data/final_project_dataset/le2i/Home_01/Home_01/Videos/video (28).avi,fall,le2i:Home_01:video (28),1,le2i,le2i:Home_01:video (28),18,34,34,16,10,10,2.40003840061441,0,70
/data/final_project_dataset/le2i/Home_01/Home_01/Videos/video (28).avi,fall,le2i:Home_01:video (28),1,le2i,le2i:Home_01:video (28),20,36,36,16,10,10,2.40003840061441,0,70
/data/final_project_dataset/le2i/Home_01/Home_01/Videos/video (28).avi,fall,le2i:Home_01:video (28),1,le2i,le2i:Home_01:video (28),22,38,38,16,10,10,2.40003840061441,0,70
/data/final_project_dataset/le2i/Home_01/Home_01/Videos/video (28).avi,fall,le2i:Home_01:video (28),1,le2i,le2i:Home_01:video (28),24,40,40,16,10,10,2.40003840061441,0,70
/data/final_project_dataset/le2i/Home_01/Home_01/Videos/video (28).avi,fall,le2i:Home_01:video (28),1,le2i,le2i:Home_01:video (28),26,42,42,16,10,10,2.40003840061441,0,70
/data/final_project_dataset/le2i/Home_01/Home_01/Videos/video (28).avi,fall,le2i:Home_01:video (28),1,le2i,le2i:Home_01:video (28),28,44,44,16,10,10,2.40003840061441,0,70
/data/final_project_dataset/le2i/Home_01/Home_01/Videos/video (28).avi,fall,le2i:Home_01:video (28),1,le2i,le2i:Home_01:video (28),30,46,46,16,10,10,2.40003840061441,0,70
/data/final_project_dataset/le2i/Home_01/Home_01/Videos/video (28).avi,fall,le2i:Home_01:video (28),1,le2i,le2i:Home_01:video (28),32,48,48,16,10,10,2.40003840061441,0,70
/data/final_project_dataset/le2i/Home_01/Home_01/Videos/video (28).avi,fall,le2i:Home_01:video (28),1,le2i,le2i:Home_01:video (28),34,50,50,16,10,10,2.40003840061441,0,70
/data/final_project_dataset/le2i/Home_01/Home_01/Videos/video (28).avi,fall,le2i:Home_01:video (28),1,le2i,le2i:Home_01:video (28),36,52,52,16,10,10,2.40003840061441,0,70
/data/final_project_dataset/le2i/Home_01/Home_01/Videos/video (28).avi,fall,le2i:Home_01:video (28),1,le2i,le2i:Home_01:video (28),38,54,54,16,10,10,2.40003840061441,0,70
/data/final_project_dataset/le2i/Home_01/Home_01/Videos/video (28).avi,fall,le2i:Home_01:video (28),1,le2i,le2i:Home_01:video (28),40,56,56,16,10,10,2.40003840061441,0,70
/data/final_project_dataset/le2i/Home_01/Home_01/Videos/video (28).avi,fall,le2i:Home_01:video (28),1,le2i,le2i:Home_01:video (28),42,58,58,16,10,10,2.40003840061441,0,70
/data/final_project_dataset/le2i/Home_01/Home_01/Videos/video (28).avi,fall,le2i:Home_01:video (28),1,le2i,le2i:Home_01:video (28),44,60,60,16,10,10,2.40003840061441,1,70
/data/final_project_dataset/le2i/Home_01/Home_01/Videos/video (28).avi,fall,le2i:Home_01:video (28),1,le2i,le2i:Home_01:video (28),46,62,62,16,10,10,2.40003840061441,1,70
/data/final_project_dataset/le2i/Home_01/Home_01/Videos/video (28).avi,fall,le2i:Home_01:video (28),1,le2i,le2i:Home_01:video (28),48,64,64,16,10,10,2.40003840061441,1,70
/data/final_project_dataset/le2i/Home_01/Home_01/Videos/video (28).avi,fall,le2i:Home_01:video (28),1,le2i,le2i:Home_01:video (28),50,66,66,16,10,10,2.40003840061441,1,70
/data/final_project_dataset/le2i/Home_01/Home_01/Videos/video (28).avi,fall,le2i:Home_01:video (28),1,le2i,le2i:Home_01:video (28),52,68,68,16,10,10,2.40003840061441,1,70
/data/final_project_dataset/le2i/Home_01/Home_01/Videos/video (29).avi,fall,le2i:Home_01:video (29),1,le2i,le2i:Home_01:video (29),0,16,16,16,10,10,2.40003840061441,0,66
/data/final_project_dataset/le2i/Home_01/Home_01/Videos/video (29).avi,fall,le2i:Home_01:video (29),1,le2i,le2i:Home_01:video (29),2,18,18,16,10,10,2.40003840061441,0,66
/data/final_project_dataset/le2i/Home_01/Home_01/Videos/video (29).avi,fall,le2i:Home_01:video (29),1,le2i,le2i:Home_01:video (29),4,20,20,16,10,10,2.40003840061441,0,66
/data/final_project_dataset/le2i/Home_01/Home_01/Videos/video (29).avi,fall,le2i:Home_01:video (29),1,le2i,le2i:Home_01:video (29),6,22,22,16,10,10,2.40003840061441,0,66
/data/final_project_dataset/le2i/Home_01/Home_01/Videos/video (29).avi,fall,le2i:Home_01:video (29),1,le2i,le2i:Home_01:video (29),8,24,24,16,10,10,2.40003840061441,0,66
/data/final_project_dataset/le2i/Home_01/Home_01/Videos/video (29).avi,fall,le2i:Home_01:video (29),1,le2i,le2i:Home_01:video (29),10,26,26,16,10,10,2.40003840061441,0,66
/data/final_project_dataset/le2i/Home_01/Home_01/Videos/video (29).avi,fall,le2i:Home_01:video (29),1,le2i,le2i:Home_01:video (29),12,28,28,16,10,10,2.40003840061441,0,66
/data/final_project_dataset/le2i/Home_01/Home_01/Videos/video (29).avi,fall,le2i:Home_01:video (29),1,le2i,le2i:Home_01:video (29),14,30,30,16,10,10,2.40003840061441,0,66
/data/final_project_dataset/le2i/Home_01/Home_01/Videos/video (29).avi,fall,le2i:Home_01:video (29),1,le2i,le2i:Home_01:video (29),16,32,32,16,10,10,2.40003840061441,0,66
/data/final_project_dataset/le2i/Home_01/Home_01/Videos/video (29).avi,fall,le2i:Home_01:video (29),1,le2i,le2i:Home_01:video (29),18,34,34,16,10,10,2.40003840061441,0,66
/data/final_project_dataset/le2i/Home_01/Home_01/Videos/video (29).avi,fall,le2i:Home_01:video (29),1,le2i,le2i:Home_01:video (29),20,36,36,16,10,10,2.40003840061441,0,66
/data/final_project_dataset/le2i/Home_01/Home_01/Videos/video (29).avi,fall,le2i:Home_01:video (29),1,le2i,le2i:Home_01:video (29),22,38,38,16,10,10,2.40003840061441,0,66
/data/final_project_dataset/le2i/Home_01/Home_01/Videos/video (29).avi,fall,le2i:Home_01:video (29),1,le2i,le2i:Home_01:video (29),24,40,40,16,10,10,2.40003840061441,0,66
/data/final_project_dataset/le2i/Home_01/Home_01/Videos/video (29).avi,fall,le2i:Home_01:video (29),1,le2i,le2i:Home_01:video (29),26,42,42,16,10,10,2.40003840061441,0,66
/data/final_project_dataset/le2i/Home_01/Home_01/Videos/video (29).avi,fall,le2i:Home_01:video (29),1,le2i,le2i:Home_01:video (29),28,44,44,16,10,10,2.40003840061441,0,66
/data/final_project_dataset/le2i/Home_01/Home_01/Videos/video (29).avi,fall,le2i:Home_01:video (29),1,le2i,le2i:Home_01:video (29),30,46,46,16,10,10,2.40003840061441,0,66
/data/final_project_dataset/le2i/Home_01/Home_01/Videos/video (29).avi,fall,le2i:Home_01:video (29),1,le2i,le2i:Home_01:video (29),32,48,48,16,10,10,2.40003840061441,0,66
/data/final_project_dataset/le2i/Home_01/Home_01/Videos/video (29).avi,fall,le2i:Home_01:video (29),1,le2i,le2i:Home_01:video (29),34,50,50,16,10,10,2.40003840061441,0,66
/data/final_project_dataset/le2i/Home_01/Home_01/Videos/video (29).avi,fall,le2i:Home_01:video (29),1,le2i,le2i:Home_01:video (29),36,52,52,16,10,10,2.40003840061441,0,66
/data/final_project_dataset/le2i/Home_01/Home_01/Videos/video (29).avi,fall,le2i:Home_01:video (29),1,le2i,le2i:Home_01:video (29),38,54,54,16,10,10,2.40003840061441,0,66
/data/final_project_dataset/le2i/Home_01/Home_01/Videos/video (29).avi,fall,le2i:Home_01:video (29),1,le2i,le2i:Home_01:video (29),40,56,56,16,10,10,2.40003840061441,1,66
/data/final_project_dataset/le2i/Home_01/Home_01/Videos/video (29).avi,fall,le2i:Home_01:video (29),1,le2i,le2i:Home_01:video (29),42,58,58,16,10,10,2.40003840061441,1,66
/data/final_project_dataset/le2i/Home_01/Home_01/Videos/video (29).avi,fall,le2i:Home_01:video (29),1,le2i,le2i:Home_01:video (29),44,60,60,16,10,10,2.40003840061441,1,66
/data/final_project_dataset/le2i/Home_01/Home_01/Videos/video (29).avi,fall,le2i:Home_01:video (29),1,le2i,le2i:Home_01:video (29),46,62,62,16,10,10,2.40003840061441,1,66
/data/final_project_dataset/le2i/Home_01/Home_01/Videos/video (29).avi,fall,le2i:Home_01:video (29),1,le2i,le2i:Home_01:video (29),48,64,64,16,10,10,2.40003840061441,1,66
/data/final_project_dataset/le2i/Home_01/Home_01/Videos/video (3).avi,fall,le2i:Home_01:video (3),1,le2i,le2i:Home_01:video (3),0,16,16,16,10,10,2.40003840061441,0,51
/data/final_project_dataset/le2i/Home_01/Home_01/Videos/video (3).avi,fall,le2i:Home_01:video (3),1,le2i,le2i:Home_01:video (3),2,18,18,16,10,10,2.40003840061441,0,51
/data/final_project_dataset/le2i/Home_01/Home_01/Videos/video (3).avi,fall,le2i:Home_01:video (3),1,le2i,le2i:Home_01:video (3),4,20,20,16,10,10,2.40003840061441,0,51
/data/final_project_dataset/le2i/Home_01/Home_01/Videos/video (3).avi,fall,le2i:Home_01:video (3),1,le2i,le2i:Home_01:video (3),6,22,22,16,10,10,2.40003840061441,0,51
/data/final_project_dataset/le2i/Home_01/Home_01/Videos/video (3).avi,fall,le2i:Home_01:video (3),1,le2i,le2i:Home_01:video (3),8,24,24,16,10,10,2.40003840061441,0,51
/data/final_project_dataset/le2i/Home_01/Home_01/Videos/video (3).avi,fall,le2i:Home_01:video (3),1,le2i,le2i:Home_01:video (3),10,26,26,16,10,10,2.40003840061441,0,51
/data/final_project_dataset/le2i/Home_01/Home_01/Videos/video (3).avi,fall,le2i:Home_01:video (3),1,le2i,le2i:Home_01:video (3),12,28,28,16,10,10,2.40003840061441,0,51
/data/final_project_dataset/le2i/Home_01/Home_01/Videos/video (3).avi,fall,le2i:Home_01:video (3),1,le2i,le2i:Home_01:video (3),14,30,30,16,10,10,2.40003840061441,0,51
/data/final_project_dataset/le2i/Home_01/Home_01/Videos/video (3).avi,fall,le2i:Home_01:video (3),1,le2i,le2i:Home_01:video (3),16,32,32,16,10,10,2.40003840061441,0,51
/data/final_project_dataset/le2i/Home_01/Home_01/Videos/video (3).avi,fall,le2i:Home_01:video (3),1,le2i,le2i:Home_01:video (3),18,34,34,16,10,10,2.40003840061441,0,51
/data/final_project_dataset/le2i/Home_01/Home_01/Videos/video (3).avi,fall,le2i:Home_01:video (3),1,le2i,le2i:Home_01:video (3),20,36,36,16,10,10,2.40003840061441,0,51
/data/final_project_dataset/le2i/Home_01/Home_01/Videos/video (3).avi,fall,le2i:Home_01:video (3),1,le2i,le2i:Home_01:video (3),22,38,38,16,10,10,2.40003840061441,0,51
/data/final_project_dataset/le2i/Home_01/Home_01/Videos/video (3).avi,fall,le2i:Home_01:video (3),1,le2i,le2i:Home_01:video (3),24,40,40,16,10,10,2.40003840061441,0,51
/data/final_project_dataset/le2i/Home_01/Home_01/Videos/video (3).avi,fall,le2i:Home_01:video (3),1,le2i,le2i:Home_01:video (3),26,42,42,16,10,10,2.40003840061441,1,51
/data/final_project_dataset/le2i/Home_01/Home_01/Videos/video (3).avi,fall,le2i:Home_01:video (3),1,le2i,le2i:Home_01:video (3),28,44,44,16,10,10,2.40003840061441,1,51
/data/final_project_dataset/le2i/Home_01/Home_01/Videos/video (3).avi,fall,le2i:Home_01:video (3),1,le2i,le2i:Home_01:video (3),30,46,46,16,10,10,2.40003840061441,1,51
/data/final_project_dataset/le2i/Home_01/Home_01/Videos/video (3).avi,fall,le2i:Home_01:video (3),1,le2i,le2i:Home_01:video (3),32,48,48,16,10,10,2.40003840061441,1,51
/data/final_project_dataset/le2i/Home_01/Home_01/Videos/video (3).avi,fall,le2i:Home_01:video (3),1,le2i,le2i:Home_01:video (3),34,50,50,16,10,10,2.40003840061441,1,51
/data/final_project_dataset/le2i/Home_01/Home_01/Videos/video (30).avi,fall,le2i:Home_01:video (30),1,le2i,le2i:Home_01:video (30),0,16,16,16,10,10,2.40003840061441,0,51
/data/final_project_dataset/le2i/Home_01/Home_01/Videos/video (30).avi,fall,le2i:Home_01:video (30),1,le2i,le2i:Home_01:video (30),2,18,18,16,10,10,2.40003840061441,0,51
/data/final_project_dataset/le2i/Home_01/Home_01/Videos/video (30).avi,fall,le2i:Home_01:video (30),1,le2i,le2i:Home_01:video (30),4,20,20,16,10,10,2.40003840061441,0,51
/data/final_project_dataset/le2i/Home_01/Home_01/Videos/video (30).avi,fall,le2i:Home_01:video (30),1,le2i,le2i:Home_01:video (30),6,22,22,16,10,10,2.40003840061441,0,51
/data/final_project_dataset/le2i/Home_01/Home_01/Videos/video (30).avi,fall,le2i:Home_01:video (30),1,le2i,le2i:Home_01:video (30),8,24,24,16,10,10,2.40003840061441,0,51
/data/final_project_dataset/le2i/Home_01/Home_01/Videos/video (30).avi,fall,le2i:Home_01:video (30),1,le2i,le2i:Home_01:video (30),10,26,26,16,10,10,2.40003840061441,0,51
/data/final_project_dataset/le2i/Home_01/Home_01/Videos/video (30).avi,fall,le2i:Home_01:video (30),1,le2i,le2i:Home_01:video (30),12,28,28,16,10,10,2.40003840061441,0,51
/data/final_project_dataset/le2i/Home_01/Home_01/Videos/video (30).avi,fall,le2i:Home_01:video (30),1,le2i,le2i:Home_01:video (30),14,30,30,16,10,10,2.40003840061441,0,51
/data/final_project_dataset/le2i/Home_01/Home_01/Videos/video (30).avi,fall,le2i:Home_01:video (30),1,le2i,le2i:Home_01:video (30),16,32,32,16,10,10,2.40003840061441,0,51
/data/final_project_dataset/le2i/Home_01/Home_01/Videos/video (30).avi,fall,le2i:Home_01:video (30),1,le2i,le2i:Home_01:video (30),18,34,34,16,10,10,2.40003840061441,0,51
/data/final_project_dataset/le2i/Home_01/Home_01/Videos/video (30).avi,fall,le2i:Home_01:video (30),1,le2i,le2i:Home_01:video (30),20,36,36,16,10,10,2.40003840061441,0,51
/data/final_project_dataset/le2i/Home_01/Home_01/Videos/video (30).avi,fall,le2i:Home_01:video (30),1,le2i,le2i:Home_01:video (30),22,38,38,16,10,10,2.40003840061441,0,51
/data/final_project_dataset/le2i/Home_01/Home_01/Videos/video (30).avi,fall,le2i:Home_01:video (30),1,le2i,le2i:Home_01:video (30),24,40,40,16,10,10,2.40003840061441,0,51
/data/final_project_dataset/le2i/Home_01/Home_01/Videos/video (30).avi,fall,le2i:Home_01:video (30),1,le2i,le2i:Home_01:video (30),26,42,42,16,10,10,2.40003840061441,1,51
/data/final_project_dataset/le2i/Home_01/Home_01/Videos/video (30).avi,fall,le2i:Home_01:video (30),1,le2i,le2i:Home_01:video (30),28,44,44,16,10,10,2.40003840061441,1,51
/data/final_project_dataset/le2i/Home_01/Home_01/Videos/video (30).avi,fall,le2i:Home_01:video (30),1,le2i,le2i:Home_01:video (30),30,46,46,16,10,10,2.40003840061441,1,51
/data/final_project_dataset/le2i/Home_01/Home_01/Videos/video (30).avi,fall,le2i:Home_01:video (30),1,le2i,le2i:Home_01:video (30),32,48,48,16,10,10,2.40003840061441,1,51
/data/final_project_dataset/le2i/Home_01/Home_01/Videos/video (30).avi,fall,le2i:Home_01:video (30),1,le2i,le2i:Home_01:video (30),34,50,50,16,10,10,2.40003840061441,1,51
/data/final_project_dataset/le2i/Home_01/Home_01/Videos/video (4).avi,fall,le2i:Home_01:video (4),1,le2i,le2i:Home_01:video (4),0,16,16,16,10,10,2.40003840061441,0,62
/data/final_project_dataset/le2i/Home_01/Home_01/Videos/video (4).avi,fall,le2i:Home_01:video (4),1,le2i,le2i:Home_01:video (4),2,18,18,16,10,10,2.40003840061441,0,62
/data/final_project_dataset/le2i/Home_01/Home_01/Videos/video (4).avi,fall,le2i:Home_01:video (4),1,le2i,le2i:Home_01:video (4),4,20,20,16,10,10,2.40003840061441,0,62
/data/final_project_dataset/le2i/Home_01/Home_01/Videos/video (4).avi,fall,le2i:Home_01:video (4),1,le2i,le2i:Home_01:video (4),6,22,22,16,10,10,2.40003840061441,0,62
/data/final_project_dataset/le2i/Home_01/Home_01/Videos/video (4).avi,fall,le2i:Home_01:video (4),1,le2i,le2i:Home_01:video (4),8,24,24,16,10,10,2.40003840061441,0,62
/data/final_project_dataset/le2i/Home_01/Home_01/Videos/video (4).avi,fall,le2i:Home_01:video (4),1,le2i,le2i:Home_01:video (4),10,26,26,16,10,10,2.40003840061441,0,62
/data/final_project_dataset/le2i/Home_01/Home_01/Videos/video (4).avi,fall,le2i:Home_01:video (4),1,le2i,le2i:Home_01:video (4),12,28,28,16,10,10,2.40003840061441,0,62
/data/final_project_dataset/le2i/Home_01/Home_01/Videos/video (4).avi,fall,le2i:Home_01:video (4),1,le2i,le2i:Home_01:video (4),14,30,30,16,10,10,2.40003840061441,0,62
/data/final_project_dataset/le2i/Home_01/Home_01/Videos/video (4).avi,fall,le2i:Home_01:video (4),1,le2i,le2i:Home_01:video (4),16,32,32,16,10,10,2.40003840061441,0,62
/data/final_project_dataset/le2i/Home_01/Home_01/Videos/video (4).avi,fall,le2i:Home_01:video (4),1,le2i,le2i:Home_01:video (4),18,34,34,16,10,10,2.40003840061441,0,62
/data/final_project_dataset/le2i/Home_01/Home_01/Videos/video (4).avi,fall,le2i:Home_01:video (4),1,le2i,le2i:Home_01:video (4),20,36,36,16,10,10,2.40003840061441,0,62
/data/final_project_dataset/le2i/Home_01/Home_01/Videos/video (4).avi,fall,le2i:Home_01:video (4),1,le2i,le2i:Home_01:video (4),22,38,38,16,10,10,2.40003840061441,0,62
/data/final_project_dataset/le2i/Home_01/Home_01/Videos/video (4).avi,fall,le2i:Home_01:video (4),1,le2i,le2i:Home_01:video (4),24,40,40,16,10,10,2.40003840061441,0,62
/data/final_project_dataset/le2i/Home_01/Home_01/Videos/video (4).avi,fall,le2i:Home_01:video (4),1,le2i,le2i:Home_01:video (4),26,42,42,16,10,10,2.40003840061441,0,62
/data/final_project_dataset/le2i/Home_01/Home_01/Videos/video (4).avi,fall,le2i:Home_01:video (4),1,le2i,le2i:Home_01:video (4),28,44,44,16,10,10,2.40003840061441,0,62
/data/final_project_dataset/le2i/Home_01/Home_01/Videos/video (4).avi,fall,le2i:Home_01:video (4),1,le2i,le2i:Home_01:video (4),30,46,46,16,10,10,2.40003840061441,0,62
/data/final_project_dataset/le2i/Home_01/Home_01/Videos/video (4).avi,fall,le2i:Home_01:video (4),1,le2i,le2i:Home_01:video (4),32,48,48,16,10,10,2.40003840061441,0,62
/data/final_project_dataset/le2i/Home_01/Home_01/Videos/video (4).avi,fall,le2i:Home_01:video (4),1,le2i,le2i:Home_01:video (4),34,50,50,16,10,10,2.40003840061441,0,62
/data/final_project_dataset/le2i/Home_01/Home_01/Videos/video (4).avi,fall,le2i:Home_01:video (4),1,le2i,le2i:Home_01:video (4),36,52,52,16,10,10,2.40003840061441,1,62
/data/final_project_dataset/le2i/Home_01/Home_01/Videos/video (4).avi,fall,le2i:Home_01:video (4),1,le2i,le2i:Home_01:video (4),38,54,54,16,10,10,2.40003840061441,1,62
/data/final_project_dataset/le2i/Home_01/Home_01/Videos/video (4).avi,fall,le2i:Home_01:video (4),1,le2i,le2i:Home_01:video (4),40,56,56,16,10,10,2.40003840061441,1,62
/data/final_project_dataset/le2i/Home_01/Home_01/Videos/video (4).avi,fall,le2i:Home_01:video (4),1,le2i,le2i:Home_01:video (4),42,58,58,16,10,10,2.40003840061441,1,62
/data/final_project_dataset/le2i/Home_01/Home_01/Videos/video (4).avi,fall,le2i:Home_01:video (4),1,le2i,le2i:Home_01:video (4),44,60,60,16,10,10,2.40003840061441,1,62
/data/final_project_dataset/le2i/Home_01/Home_01/Videos/video (5).avi,fall,le2i:Home_01:video (5),1,le2i,le2i:Home_01:video (5),0,16,16,16,10,10,2.40003840061441,0,45
/data/final_project_dataset/le2i/Home_01/Home_01/Videos/video (5).avi,fall,le2i:Home_01:video (5),1,le2i,le2i:Home_01:video (5),2,18,18,16,10,10,2.40003840061441,0,45
/data/final_project_dataset/le2i/Home_01/Home_01/Videos/video (5).avi,fall,le2i:Home_01:video (5),1,le2i,le2i:Home_01:video (5),4,20,20,16,10,10,2.40003840061441,0,45
/data/final_project_dataset/le2i/Home_01/Home_01/Videos/video (5).avi,fall,le2i:Home_01:video (5),1,le2i,le2i:Home_01:video (5),6,22,22,16,10,10,2.40003840061441,0,45
/data/final_project_dataset/le2i/Home_01/Home_01/Videos/video (5).avi,fall,le2i:Home_01:video (5),1,le2i,le2i:Home_01:video (5),8,24,24,16,10,10,2.40003840061441,0,45
/data/final_project_dataset/le2i/Home_01/Home_01/Videos/video (5).avi,fall,le2i:Home_01:video (5),1,le2i,le2i:Home_01:video (5),10,26,26,16,10,10,2.40003840061441,0,45
/data/final_project_dataset/le2i/Home_01/Home_01/Videos/video (5).avi,fall,le2i:Home_01:video (5),1,le2i,le2i:Home_01:video (5),12,28,28,16,10,10,2.40003840061441,0,45
/data/final_project_dataset/le2i/Home_01/Home_01/Videos/video (5).avi,fall,le2i:Home_01:video (5),1,le2i,le2i:Home_01:video (5),14,30,30,16,10,10,2.40003840061441,0,45
/data/final_project_dataset/le2i/Home_01/Home_01/Videos/video (5).avi,fall,le2i:Home_01:video (5),1,le2i,le2i:Home_01:video (5),16,32,32,16,10,10,2.40003840061441,0,45
/data/final_project_dataset/le2i/Home_01/Home_01/Videos/video (5).avi,fall,le2i:Home_01:video (5),1,le2i,le2i:Home_01:video (5),18,34,34,16,10,10,2.40003840061441,0,45
/data/final_project_dataset/le2i/Home_01/Home_01/Videos/video (5).avi,fall,le2i:Home_01:video (5),1,le2i,le2i:Home_01:video (5),20,36,36,16,10,10,2.40003840061441,1,45
/data/final_project_dataset/le2i/Home_01/Home_01/Videos/video (5).avi,fall,le2i:Home_01:video (5),1,le2i,le2i:Home_01:video (5),22,38,38,16,10,10,2.40003840061441,1,45
/data/final_project_dataset/le2i/Home_01/Home_01/Videos/video (5).avi,fall,le2i:Home_01:video (5),1,le2i,le2i:Home_01:video (5),24,40,40,16,10,10,2.40003840061441,1,45
/data/final_project_dataset/le2i/Home_01/Home_01/Videos/video (5).avi,fall,le2i:Home_01:video (5),1,le2i,le2i:Home_01:video (5),26,42,42,16,10,10,2.40003840061441,1,45
/data/final_project_dataset/le2i/Home_01/Home_01/Videos/video (5).avi,fall,le2i:Home_01:video (5),1,le2i,le2i:Home_01:video (5),28,44,44,16,10,10,2.40003840061441,1,45
/data/final_project_dataset/le2i/Home_01/Home_01/Videos/video (6).avi,fall,le2i:Home_01:video (6),1,le2i,le2i:Home_01:video (6),0,16,16,16,10,10,2.40003840061441,0,48
/data/final_project_dataset/le2i/Home_01/Home_01/Videos/video (6).avi,fall,le2i:Home_01:video (6),1,le2i,le2i:Home_01:video (6),2,18,18,16,10,10,2.40003840061441,0,48
/data/final_project_dataset/le2i/Home_01/Home_01/Videos/video (6).avi,fall,le2i:Home_01:video (6),1,le2i,le2i:Home_01:video (6),4,20,20,16,10,10,2.40003840061441,0,48
/data/final_project_dataset/le2i/Home_01/Home_01/Videos/video (6).avi,fall,le2i:Home_01:video (6),1,le2i,le2i:Home_01:video (6),6,22,22,16,10,10,2.40003840061441,0,48
/data/final_project_dataset/le2i/Home_01/Home_01/Videos/video (6).avi,fall,le2i:Home_01:video (6),1,le2i,le2i:Home_01:video (6),8,24,24,16,10,10,2.40003840061441,0,48
/data/final_project_dataset/le2i/Home_01/Home_01/Videos/video (6).avi,fall,le2i:Home_01:video (6),1,le2i,le2i:Home_01:video (6),10,26,26,16,10,10,2.40003840061441,0,48
/data/final_project_dataset/le2i/Home_01/Home_01/Videos/video (6).avi,fall,le2i:Home_01:video (6),1,le2i,le2i:Home_01:video (6),12,28,28,16,10,10,2.40003840061441,0,48
/data/final_project_dataset/le2i/Home_01/Home_01/Videos/video (6).avi,fall,le2i:Home_01:video (6),1,le2i,le2i:Home_01:video (6),14,30,30,16,10,10,2.40003840061441,0,48
/data/final_project_dataset/le2i/Home_01/Home_01/Videos/video (6).avi,fall,le2i:Home_01:video (6),1,le2i,le2i:Home_01:video (6),16,32,32,16,10,10,2.40003840061441,0,48
/data/final_project_dataset/le2i/Home_01/Home_01/Videos/video (6).avi,fall,le2i:Home_01:video (6),1,le2i,le2i:Home_01:video (6),18,34,34,16,10,10,2.40003840061441,0,48
/data/final_project_dataset/le2i/Home_01/Home_01/Videos/video (6).avi,fall,le2i:Home_01:video (6),1,le2i,le2i:Home_01:video (6),20,36,36,16,10,10,2.40003840061441,0,48
/data/final_project_dataset/le2i/Home_01/Home_01/Videos/video (6).avi,fall,le2i:Home_01:video (6),1,le2i,le2i:Home_01:video (6),22,38,38,16,10,10,2.40003840061441,1,48
/data/final_project_dataset/le2i/Home_01/Home_01/Videos/video (6).avi,fall,le2i:Home_01:video (6),1,le2i,le2i:Home_01:video (6),24,40,40,16,10,10,2.40003840061441,1,48
/data/final_project_dataset/le2i/Home_01/Home_01/Videos/video (6).avi,fall,le2i:Home_01:video (6),1,le2i,le2i:Home_01:video (6),26,42,42,16,10,10,2.40003840061441,1,48
/data/final_project_dataset/le2i/Home_01/Home_01/Videos/video (6).avi,fall,le2i:Home_01:video (6),1,le2i,le2i:Home_01:video (6),28,44,44,16,10,10,2.40003840061441,1,48
/data/final_project_dataset/le2i/Home_01/Home_01/Videos/video (6).avi,fall,le2i:Home_01:video (6),1,le2i,le2i:Home_01:video (6),30,46,46,16,10,10,2.40003840061441,1,48
/data/final_project_dataset/le2i/Home_01/Home_01/Videos/video (7).avi,fall,le2i:Home_01:video (7),1,le2i,le2i:Home_01:video (7),0,16,16,16,10,10,2.40003840061441,0,58
/data/final_project_dataset/le2i/Home_01/Home_01/Videos/video (7).avi,fall,le2i:Home_01:video (7),1,le2i,le2i:Home_01:video (7),2,18,18,16,10,10,2.40003840061441,0,58
/data/final_project_dataset/le2i/Home_01/Home_01/Videos/video (7).avi,fall,le2i:Home_01:video (7),1,le2i,le2i:Home_01:video (7),4,20,20,16,10,10,2.40003840061441,0,58
/data/final_project_dataset/le2i/Home_01/Home_01/Videos/video (7).avi,fall,le2i:Home_01:video (7),1,le2i,le2i:Home_01:video (7),6,22,22,16,10,10,2.40003840061441,0,58
/data/final_project_dataset/le2i/Home_01/Home_01/Videos/video (7).avi,fall,le2i:Home_01:video (7),1,le2i,le2i:Home_01:video (7),8,24,24,16,10,10,2.40003840061441,0,58
/data/final_project_dataset/le2i/Home_01/Home_01/Videos/video (7).avi,fall,le2i:Home_01:video (7),1,le2i,le2i:Home_01:video (7),10,26,26,16,10,10,2.40003840061441,0,58
/data/final_project_dataset/le2i/Home_01/Home_01/Videos/video (7).avi,fall,le2i:Home_01:video (7),1,le2i,le2i:Home_01:video (7),12,28,28,16,10,10,2.40003840061441,0,58
/data/final_project_dataset/le2i/Home_01/Home_01/Videos/video (7).avi,fall,le2i:Home_01:video (7),1,le2i,le2i:Home_01:video (7),14,30,30,16,10,10,2.40003840061441,0,58
/data/final_project_dataset/le2i/Home_01/Home_01/Videos/video (7).avi,fall,le2i:Home_01:video (7),1,le2i,le2i:Home_01:video (7),16,32,32,16,10,10,2.40003840061441,0,58
/data/final_project_dataset/le2i/Home_01/Home_01/Videos/video (7).avi,fall,le2i:Home_01:video (7),1,le2i,le2i:Home_01:video (7),18,34,34,16,10,10,2.40003840061441,0,58
/data/final_project_dataset/le2i/Home_01/Home_01/Videos/video (7).avi,fall,le2i:Home_01:video (7),1,le2i,le2i:Home_01:video (7),20,36,36,16,10,10,2.40003840061441,0,58
/data/final_project_dataset/le2i/Home_01/Home_01/Videos/video (7).avi,fall,le2i:Home_01:video (7),1,le2i,le2i:Home_01:video (7),22,38,38,16,10,10,2.40003840061441,0,58
/data/final_project_dataset/le2i/Home_01/Home_01/Videos/video (7).avi,fall,le2i:Home_01:video (7),1,le2i,le2i:Home_01:video (7),24,40,40,16,10,10,2.40003840061441,0,58
/data/final_project_dataset/le2i/Home_01/Home_01/Videos/video (7).avi,fall,le2i:Home_01:video (7),1,le2i,le2i:Home_01:video (7),26,42,42,16,10,10,2.40003840061441,0,58
/data/final_project_dataset/le2i/Home_01/Home_01/Videos/video (7).avi,fall,le2i:Home_01:video (7),1,le2i,le2i:Home_01:video (7),28,44,44,16,10,10,2.40003840061441,0,58
/data/final_project_dataset/le2i/Home_01/Home_01/Videos/video (7).avi,fall,le2i:Home_01:video (7),1,le2i,le2i:Home_01:video (7),30,46,46,16,10,10,2.40003840061441,0,58
/data/final_project_dataset/le2i/Home_01/Home_01/Videos/video (7).avi,fall,le2i:Home_01:video (7),1,le2i,le2i:Home_01:video (7),32,48,48,16,10,10,2.40003840061441,1,58
/data/final_project_dataset/le2i/Home_01/Home_01/Videos/video (7).avi,fall,le2i:Home_01:video (7),1,le2i,le2i:Home_01:video (7),34,50,50,16,10,10,2.40003840061441,1,58
/data/final_project_dataset/le2i/Home_01/Home_01/Videos/video (7).avi,fall,le2i:Home_01:video (7),1,le2i,le2i:Home_01:video (7),36,52,52,16,10,10,2.40003840061441,1,58
/data/final_project_dataset/le2i/Home_01/Home_01/Videos/video (7).avi,fall,le2i:Home_01:video (7),1,le2i,le2i:Home_01:video (7),38,54,54,16,10,10,2.40003840061441,1,58
/data/final_project_dataset/le2i/Home_01/Home_01/Videos/video (7).avi,fall,le2i:Home_01:video (7),1,le2i,le2i:Home_01:video (7),40,56,56,16,10,10,2.40003840061441,1,58
/data/final_project_dataset/le2i/Home_01/Home_01/Videos/video (8).avi,fall,le2i:Home_01:video (8),1,le2i,le2i:Home_01:video (8),0,16,16,16,10,10,2.40003840061441,0,52
/data/final_project_dataset/le2i/Home_01/Home_01/Videos/video (8).avi,fall,le2i:Home_01:video (8),1,le2i,le2i:Home_01:video (8),2,18,18,16,10,10,2.40003840061441,0,52
/data/final_project_dataset/le2i/Home_01/Home_01/Videos/video (8).avi,fall,le2i:Home_01:video (8),1,le2i,le2i:Home_01:video (8),4,20,20,16,10,10,2.40003840061441,0,52
/data/final_project_dataset/le2i/Home_01/Home_01/Videos/video (8).avi,fall,le2i:Home_01:video (8),1,le2i,le2i:Home_01:video (8),6,22,22,16,10,10,2.40003840061441,0,52
/data/final_project_dataset/le2i/Home_01/Home_01/Videos/video (8).avi,fall,le2i:Home_01:video (8),1,le2i,le2i:Home_01:video (8),8,24,24,16,10,10,2.40003840061441,0,52
/data/final_project_dataset/le2i/Home_01/Home_01/Videos/video (8).avi,fall,le2i:Home_01:video (8),1,le2i,le2i:Home_01:video (8),10,26,26,16,10,10,2.40003840061441,0,52
/data/final_project_dataset/le2i/Home_01/Home_01/Videos/video (8).avi,fall,le2i:Home_01:video (8),1,le2i,le2i:Home_01:video (8),12,28,28,16,10,10,2.40003840061441,0,52
/data/final_project_dataset/le2i/Home_01/Home_01/Videos/video (8).avi,fall,le2i:Home_01:video (8),1,le2i,le2i:Home_01:video (8),14,30,30,16,10,10,2.40003840061441,0,52
/data/final_project_dataset/le2i/Home_01/Home_01/Videos/video (8).avi,fall,le2i:Home_01:video (8),1,le2i,le2i:Home_01:video (8),16,32,32,16,10,10,2.40003840061441,0,52
/data/final_project_dataset/le2i/Home_01/Home_01/Videos/video (8).avi,fall,le2i:Home_01:video (8),1,le2i,le2i:Home_01:video (8),18,34,34,16,10,10,2.40003840061441,0,52
/data/final_project_dataset/le2i/Home_01/Home_01/Videos/video (8).avi,fall,le2i:Home_01:video (8),1,le2i,le2i:Home_01:video (8),20,36,36,16,10,10,2.40003840061441,0,52
/data/final_project_dataset/le2i/Home_01/Home_01/Videos/video (8).avi,fall,le2i:Home_01:video (8),1,le2i,le2i:Home_01:video (8),22,38,38,16,10,10,2.40003840061441,0,52
/data/final_project_dataset/le2i/Home_01/Home_01/Videos/video (8).avi,fall,le2i:Home_01:video (8),1,le2i,le2i:Home_01:video (8),24,40,40,16,10,10,2.40003840061441,0,52
/data/final_project_dataset/le2i/Home_01/Home_01/Videos/video (8).avi,fall,le2i:Home_01:video (8),1,le2i,le2i:Home_01:video (8),26,42,42,16,10,10,2.40003840061441,1,52
/data/final_project_dataset/le2i/Home_01/Home_01/Videos/video (8).avi,fall,le2i:Home_01:video (8),1,le2i,le2i:Home_01:video (8),28,44,44,16,10,10,2.40003840061441,1,52
/data/final_project_dataset/le2i/Home_01/Home_01/Videos/video (8).avi,fall,le2i:Home_01:video (8),1,le2i,le2i:Home_01:video (8),30,46,46,16,10,10,2.40003840061441,1,52
/data/final_project_dataset/le2i/Home_01/Home_01/Videos/video (8).avi,fall,le2i:Home_01:video (8),1,le2i,le2i:Home_01:video (8),32,48,48,16,10,10,2.40003840061441,1,52
/data/final_project_dataset/le2i/Home_01/Home_01/Videos/video (8).avi,fall,le2i:Home_01:video (8),1,le2i,le2i:Home_01:video (8),34,50,50,16,10,10,2.40003840061441,1,52
/data/final_project_dataset/le2i/Home_01/Home_01/Videos/video (9).avi,fall,le2i:Home_01:video (9),1,le2i,le2i:Home_01:video (9),0,16,16,16,10,10,2.40003840061441,0,62
/data/final_project_dataset/le2i/Home_01/Home_01/Videos/video (9).avi,fall,le2i:Home_01:video (9),1,le2i,le2i:Home_01:video (9),2,18,18,16,10,10,2.40003840061441,0,62
/data/final_project_dataset/le2i/Home_01/Home_01/Videos/video (9).avi,fall,le2i:Home_01:video (9),1,le2i,le2i:Home_01:video (9),4,20,20,16,10,10,2.40003840061441,0,62
/data/final_project_dataset/le2i/Home_01/Home_01/Videos/video (9).avi,fall,le2i:Home_01:video (9),1,le2i,le2i:Home_01:video (9),6,22,22,16,10,10,2.40003840061441,0,62
/data/final_project_dataset/le2i/Home_01/Home_01/Videos/video (9).avi,fall,le2i:Home_01:video (9),1,le2i,le2i:Home_01:video (9),8,24,24,16,10,10,2.40003840061441,0,62
/data/final_project_dataset/le2i/Home_01/Home_01/Videos/video (9).avi,fall,le2i:Home_01:video (9),1,le2i,le2i:Home_01:video (9),10,26,26,16,10,10,2.40003840061441,0,62
/data/final_project_dataset/le2i/Home_01/Home_01/Videos/video (9).avi,fall,le2i:Home_01:video (9),1,le2i,le2i:Home_01:video (9),12,28,28,16,10,10,2.40003840061441,0,62
/data/final_project_dataset/le2i/Home_01/Home_01/Videos/video (9).avi,fall,le2i:Home_01:video (9),1,le2i,le2i:Home_01:video (9),14,30,30,16,10,10,2.40003840061441,0,62
/data/final_project_dataset/le2i/Home_01/Home_01/Videos/video (9).avi,fall,le2i:Home_01:video (9),1,le2i,le2i:Home_01:video (9),16,32,32,16,10,10,2.40003840061441,0,62
/data/final_project_dataset/le2i/Home_01/Home_01/Videos/video (9).avi,fall,le2i:Home_01:video (9),1,le2i,le2i:Home_01:video (9),18,34,34,16,10,10,2.40003840061441,0,62
/data/final_project_dataset/le2i/Home_01/Home_01/Videos/video (9).avi,fall,le2i:Home_01:video (9),1,le2i,le2i:Home_01:video (9),20,36,36,16,10,10,2.40003840061441,0,62
/data/final_project_dataset/le2i/Home_01/Home_01/Videos/video (9).avi,fall,le2i:Home_01:video (9),1,le2i,le2i:Home_01:video (9),22,38,38,16,10,10,2.40003840061441,0,62
/data/final_project_dataset/le2i/Home_01/Home_01/Videos/video (9).avi,fall,le2i:Home_01:video (9),1,le2i,le2i:Home_01:video (9),24,40,40,16,10,10,2.40003840061441,0,62
/data/final_project_dataset/le2i/Home_01/Home_01/Videos/video (9).avi,fall,le2i:Home_01:video (9),1,le2i,le2i:Home_01:video (9),26,42,42,16,10,10,2.40003840061441,0,62
/data/final_project_dataset/le2i/Home_01/Home_01/Videos/video (9).avi,fall,le2i:Home_01:video (9),1,le2i,le2i:Home_01:video (9),28,44,44,16,10,10,2.40003840061441,0,62
/data/final_project_dataset/le2i/Home_01/Home_01/Videos/video (9).avi,fall,le2i:Home_01:video (9),1,le2i,le2i:Home_01:video (9),30,46,46,16,10,10,2.40003840061441,0,62
/data/final_project_dataset/le2i/Home_01/Home_01/Videos/video (9).avi,fall,le2i:Home_01:video (9),1,le2i,le2i:Home_01:video (9),32,48,48,16,10,10,2.40003840061441,0,62
/data/final_project_dataset/le2i/Home_01/Home_01/Videos/video (9).avi,fall,le2i:Home_01:video (9),1,le2i,le2i:Home_01:video (9),34,50,50,16,10,10,2.40003840061441,0,62
/data/final_project_dataset/le2i/Home_01/Home_01/Videos/video (9).avi,fall,le2i:Home_01:video (9),1,le2i,le2i:Home_01:video (9),36,52,52,16,10,10,2.40003840061441,1,62
/data/final_project_dataset/le2i/Home_01/Home_01/Videos/video (9).avi,fall,le2i:Home_01:video (9),1,le2i,le2i:Home_01:video (9),38,54,54,16,10,10,2.40003840061441,1,62
/data/final_project_dataset/le2i/Home_01/Home_01/Videos/video (9).avi,fall,le2i:Home_01:video (9),1,le2i,le2i:Home_01:video (9),40,56,56,16,10,10,2.40003840061441,1,62
/data/final_project_dataset/le2i/Home_01/Home_01/Videos/video (9).avi,fall,le2i:Home_01:video (9),1,le2i,le2i:Home_01:video (9),42,58,58,16,10,10,2.40003840061441,1,62
/data/final_project_dataset/le2i/Home_01/Home_01/Videos/video (9).avi,fall,le2i:Home_01:video (9),1,le2i,le2i:Home_01:video (9),44,60,60,16,10,10,2.40003840061441,1,62
/data/final_project_dataset/le2i/Home_02/Home_02/Videos/video (31).avi,fall,le2i:Home_02:video (31),1,le2i,le2i:Home_02:video (31),0,16,16,16,10,10,2.40003840061441,0,83
/data/final_project_dataset/le2i/Home_02/Home_02/Videos/video (31).avi,fall,le2i:Home_02:video (31),1,le2i,le2i:Home_02:video (31),2,18,18,16,10,10,2.40003840061441,0,83
/data/final_project_dataset/le2i/Home_02/Home_02/Videos/video (31).avi,fall,le2i:Home_02:video (31),1,le2i,le2i:Home_02:video (31),4,20,20,16,10,10,2.40003840061441,0,83
/data/final_project_dataset/le2i/Home_02/Home_02/Videos/video (31).avi,fall,le2i:Home_02:video (31),1,le2i,le2i:Home_02:video (31),6,22,22,16,10,10,2.40003840061441,0,83
/data/final_project_dataset/le2i/Home_02/Home_02/Videos/video (31).avi,fall,le2i:Home_02:video (31),1,le2i,le2i:Home_02:video (31),8,24,24,16,10,10,2.40003840061441,0,83
/data/final_project_dataset/le2i/Home_02/Home_02/Videos/video (31).avi,fall,le2i:Home_02:video (31),1,le2i,le2i:Home_02:video (31),10,26,26,16,10,10,2.40003840061441,0,83
/data/final_project_dataset/le2i/Home_02/Home_02/Videos/video (31).avi,fall,le2i:Home_02:video (31),1,le2i,le2i:Home_02:video (31),12,28,28,16,10,10,2.40003840061441,0,83
/data/final_project_dataset/le2i/Home_02/Home_02/Videos/video (31).avi,fall,le2i:Home_02:video (31),1,le2i,le2i:Home_02:video (31),14,30,30,16,10,10,2.40003840061441,0,83
/data/final_project_dataset/le2i/Home_02/Home_02/Videos/video (31).avi,fall,le2i:Home_02:video (31),1,le2i,le2i:Home_02:video (31),16,32,32,16,10,10,2.40003840061441,0,83
/data/final_project_dataset/le2i/Home_02/Home_02/Videos/video (31).avi,fall,le2i:Home_02:video (31),1,le2i,le2i:Home_02:video (31),18,34,34,16,10,10,2.40003840061441,0,83
/data/final_project_dataset/le2i/Home_02/Home_02/Videos/video (31).avi,fall,le2i:Home_02:video (31),1,le2i,le2i:Home_02:video (31),20,36,36,16,10,10,2.40003840061441,0,83
/data/final_project_dataset/le2i/Home_02/Home_02/Videos/video (31).avi,fall,le2i:Home_02:video (31),1,le2i,le2i:Home_02:video (31),22,38,38,16,10,10,2.40003840061441,0,83
/data/final_project_dataset/le2i/Home_02/Home_02/Videos/video (31).avi,fall,le2i:Home_02:video (31),1,le2i,le2i:Home_02:video (31),24,40,40,16,10,10,2.40003840061441,0,83
/data/final_project_dataset/le2i/Home_02/Home_02/Videos/video (31).avi,fall,le2i:Home_02:video (31),1,le2i,le2i:Home_02:video (31),26,42,42,16,10,10,2.40003840061441,0,83
/data/final_project_dataset/le2i/Home_02/Home_02/Videos/video (31).avi,fall,le2i:Home_02:video (31),1,le2i,le2i:Home_02:video (31),28,44,44,16,10,10,2.40003840061441,0,83
/data/final_project_dataset/le2i/Home_02/Home_02/Videos/video (31).avi,fall,le2i:Home_02:video (31),1,le2i,le2i:Home_02:video (31),30,46,46,16,10,10,2.40003840061441,0,83
/data/final_project_dataset/le2i/Home_02/Home_02/Videos/video (31).avi,fall,le2i:Home_02:video (31),1,le2i,le2i:Home_02:video (31),32,48,48,16,10,10,2.40003840061441,0,83
/data/final_project_dataset/le2i/Home_02/Home_02/Videos/video (31).avi,fall,le2i:Home_02:video (31),1,le2i,le2i:Home_02:video (31),34,50,50,16,10,10,2.40003840061441,0,83
/data/final_project_dataset/le2i/Home_02/Home_02/Videos/video (31).avi,fall,le2i:Home_02:video (31),1,le2i,le2i:Home_02:video (31),36,52,52,16,10,10,2.40003840061441,0,83
/data/final_project_dataset/le2i/Home_02/Home_02/Videos/video (31).avi,fall,le2i:Home_02:video (31),1,le2i,le2i:Home_02:video (31),38,54,54,16,10,10,2.40003840061441,0,83
/data/final_project_dataset/le2i/Home_02/Home_02/Videos/video (31).avi,fall,le2i:Home_02:video (31),1,le2i,le2i:Home_02:video (31),40,56,56,16,10,10,2.40003840061441,0,83
/data/final_project_dataset/le2i/Home_02/Home_02/Videos/video (31).avi,fall,le2i:Home_02:video (31),1,le2i,le2i:Home_02:video (31),42,58,58,16,10,10,2.40003840061441,0,83
/data/final_project_dataset/le2i/Home_02/Home_02/Videos/video (31).avi,fall,le2i:Home_02:video (31),1,le2i,le2i:Home_02:video (31),44,60,60,16,10,10,2.40003840061441,0,83
/data/final_project_dataset/le2i/Home_02/Home_02/Videos/video (31).avi,fall,le2i:Home_02:video (31),1,le2i,le2i:Home_02:video (31),46,62,62,16,10,10,2.40003840061441,0,83
/data/final_project_dataset/le2i/Home_02/Home_02/Videos/video (31).avi,fall,le2i:Home_02:video (31),1,le2i,le2i:Home_02:video (31),48,64,64,16,10,10,2.40003840061441,0,83
/data/final_project_dataset/le2i/Home_02/Home_02/Videos/video (31).avi,fall,le2i:Home_02:video (31),1,le2i,le2i:Home_02:video (31),50,66,66,16,10,10,2.40003840061441,0,83
/data/final_project_dataset/le2i/Home_02/Home_02/Videos/video (31).avi,fall,le2i:Home_02:video (31),1,le2i,le2i:Home_02:video (31),52,68,68,16,10,10,2.40003840061441,0,83
/data/final_project_dataset/le2i/Home_02/Home_02/Videos/video (31).avi,fall,le2i:Home_02:video (31),1,le2i,le2i:Home_02:video (31),54,70,70,16,10,10,2.40003840061441,0,83
/data/final_project_dataset/le2i/Home_02/Home_02/Videos/video (31).avi,fall,le2i:Home_02:video (31),1,le2i,le2i:Home_02:video (31),56,72,72,16,10,10,2.40003840061441,0,83
/data/final_project_dataset/le2i/Home_02/Home_02/Videos/video (31).avi,fall,le2i:Home_02:video (31),1,le2i,le2i:Home_02:video (31),58,74,74,16,10,10,2.40003840061441,1,83
/data/final_project_dataset/le2i/Home_02/Home_02/Videos/video (31).avi,fall,le2i:Home_02:video (31),1,le2i,le2i:Home_02:video (31),60,76,76,16,10,10,2.40003840061441,1,83
/data/final_project_dataset/le2i/Home_02/Home_02/Videos/video (31).avi,fall,le2i:Home_02:video (31),1,le2i,le2i:Home_02:video (31),62,78,78,16,10,10,2.40003840061441,1,83
/data/final_project_dataset/le2i/Home_02/Home_02/Videos/video (31).avi,fall,le2i:Home_02:video (31),1,le2i,le2i:Home_02:video (31),64,80,80,16,10,10,2.40003840061441,1,83
/data/final_project_dataset/le2i/Home_02/Home_02/Videos/video (31).avi,fall,le2i:Home_02:video (31),1,le2i,le2i:Home_02:video (31),66,82,82,16,10,10,2.40003840061441,1,83
/data/final_project_dataset/le2i/Home_02/Home_02/Videos/video (32).avi,fall,le2i:Home_02:video (32),1,le2i,le2i:Home_02:video (32),0,16,16,16,10,10,2.40003840061441,0,36
/data/final_project_dataset/le2i/Home_02/Home_02/Videos/video (32).avi,fall,le2i:Home_02:video (32),1,le2i,le2i:Home_02:video (32),2,18,18,16,10,10,2.40003840061441,0,36
/data/final_project_dataset/le2i/Home_02/Home_02/Videos/video (32).avi,fall,le2i:Home_02:video (32),1,le2i,le2i:Home_02:video (32),4,20,20,16,10,10,2.40003840061441,0,36
/data/final_project_dataset/le2i/Home_02/Home_02/Videos/video (32).avi,fall,le2i:Home_02:video (32),1,le2i,le2i:Home_02:video (32),6,22,22,16,10,10,2.40003840061441,0,36
/data/final_project_dataset/le2i/Home_02/Home_02/Videos/video (32).avi,fall,le2i:Home_02:video (32),1,le2i,le2i:Home_02:video (32),8,24,24,16,10,10,2.40003840061441,0,36
/data/final_project_dataset/le2i/Home_02/Home_02/Videos/video (32).avi,fall,le2i:Home_02:video (32),1,le2i,le2i:Home_02:video (32),10,26,26,16,10,10,2.40003840061441,1,36
/data/final_project_dataset/le2i/Home_02/Home_02/Videos/video (32).avi,fall,le2i:Home_02:video (32),1,le2i,le2i:Home_02:video (32),12,28,28,16,10,10,2.40003840061441,1,36
/data/final_project_dataset/le2i/Home_02/Home_02/Videos/video (32).avi,fall,le2i:Home_02:video (32),1,le2i,le2i:Home_02:video (32),14,30,30,16,10,10,2.40003840061441,1,36
/data/final_project_dataset/le2i/Home_02/Home_02/Videos/video (32).avi,fall,le2i:Home_02:video (32),1,le2i,le2i:Home_02:video (32),16,32,32,16,10,10,2.40003840061441,1,36
/data/final_project_dataset/le2i/Home_02/Home_02/Videos/video (32).avi,fall,le2i:Home_02:video (32),1,le2i,le2i:Home_02:video (32),18,34,34,16,10,10,2.40003840061441,1,36
/data/final_project_dataset/le2i/Home_02/Home_02/Videos/video (33).avi,fall,le2i:Home_02:video (33),1,le2i,le2i:Home_02:video (33),0,16,16,16,10,10,2.40003840061441,0,53
/data/final_project_dataset/le2i/Home_02/Home_02/Videos/video (33).avi,fall,le2i:Home_02:video (33),1,le2i,le2i:Home_02:video (33),2,18,18,16,10,10,2.40003840061441,0,53
/data/final_project_dataset/le2i/Home_02/Home_02/Videos/video (33).avi,fall,le2i:Home_02:video (33),1,le2i,le2i:Home_02:video (33),4,20,20,16,10,10,2.40003840061441,0,53
/data/final_project_dataset/le2i/Home_02/Home_02/Videos/video (33).avi,fall,le2i:Home_02:video (33),1,le2i,le2i:Home_02:video (33),6,22,22,16,10,10,2.40003840061441,0,53
/data/final_project_dataset/le2i/Home_02/Home_02/Videos/video (33).avi,fall,le2i:Home_02:video (33),1,le2i,le2i:Home_02:video (33),8,24,24,16,10,10,2.40003840061441,0,53
/data/final_project_dataset/le2i/Home_02/Home_02/Videos/video (33).avi,fall,le2i:Home_02:video (33),1,le2i,le2i:Home_02:video (33),10,26,26,16,10,10,2.40003840061441,0,53
/data/final_project_dataset/le2i/Home_02/Home_02/Videos/video (33).avi,fall,le2i:Home_02:video (33),1,le2i,le2i:Home_02:video (33),12,28,28,16,10,10,2.40003840061441,0,53
/data/final_project_dataset/le2i/Home_02/Home_02/Videos/video (33).avi,fall,le2i:Home_02:video (33),1,le2i,le2i:Home_02:video (33),14,30,30,16,10,10,2.40003840061441,0,53
/data/final_project_dataset/le2i/Home_02/Home_02/Videos/video (33).avi,fall,le2i:Home_02:video (33),1,le2i,le2i:Home_02:video (33),16,32,32,16,10,10,2.40003840061441,0,53
/data/final_project_dataset/le2i/Home_02/Home_02/Videos/video (33).avi,fall,le2i:Home_02:video (33),1,le2i,le2i:Home_02:video (33),18,34,34,16,10,10,2.40003840061441,0,53
/data/final_project_dataset/le2i/Home_02/Home_02/Videos/video (33).avi,fall,le2i:Home_02:video (33),1,le2i,le2i:Home_02:video (33),20,36,36,16,10,10,2.40003840061441,0,53
/data/final_project_dataset/le2i/Home_02/Home_02/Videos/video (33).avi,fall,le2i:Home_02:video (33),1,le2i,le2i:Home_02:video (33),22,38,38,16,10,10,2.40003840061441,0,53
/data/final_project_dataset/le2i/Home_02/Home_02/Videos/video (33).avi,fall,le2i:Home_02:video (33),1,le2i,le2i:Home_02:video (33),24,40,40,16,10,10,2.40003840061441,0,53
/data/final_project_dataset/le2i/Home_02/Home_02/Videos/video (33).avi,fall,le2i:Home_02:video (33),1,le2i,le2i:Home_02:video (33),26,42,42,16,10,10,2.40003840061441,0,53
/data/final_project_dataset/le2i/Home_02/Home_02/Videos/video (33).avi,fall,le2i:Home_02:video (33),1,le2i,le2i:Home_02:video (33),28,44,44,16,10,10,2.40003840061441,1,53
/data/final_project_dataset/le2i/Home_02/Home_02/Videos/video (33).avi,fall,le2i:Home_02:video (33),1,le2i,le2i:Home_02:video (33),30,46,46,16,10,10,2.40003840061441,1,53
/data/final_project_dataset/le2i/Home_02/Home_02/Videos/video (33).avi,fall,le2i:Home_02:video (33),1,le2i,le2i:Home_02:video (33),32,48,48,16,10,10,2.40003840061441,1,53
/data/final_project_dataset/le2i/Home_02/Home_02/Videos/video (33).avi,fall,le2i:Home_02:video (33),1,le2i,le2i:Home_02:video (33),34,50,50,16,10,10,2.40003840061441,1,53
/data/final_project_dataset/le2i/Home_02/Home_02/Videos/video (33).avi,fall,le2i:Home_02:video (33),1,le2i,le2i:Home_02:video (33),36,52,52,16,10,10,2.40003840061441,1,53
/data/final_project_dataset/le2i/Home_02/Home_02/Videos/video (34).avi,fall,le2i:Home_02:video (34),1,le2i,le2i:Home_02:video (34),0,16,16,16,10,10,2.40003840061441,0,65
/data/final_project_dataset/le2i/Home_02/Home_02/Videos/video (34).avi,fall,le2i:Home_02:video (34),1,le2i,le2i:Home_02:video (34),2,18,18,16,10,10,2.40003840061441,0,65
/data/final_project_dataset/le2i/Home_02/Home_02/Videos/video (34).avi,fall,le2i:Home_02:video (34),1,le2i,le2i:Home_02:video (34),4,20,20,16,10,10,2.40003840061441,0,65
/data/final_project_dataset/le2i/Home_02/Home_02/Videos/video (34).avi,fall,le2i:Home_02:video (34),1,le2i,le2i:Home_02:video (34),6,22,22,16,10,10,2.40003840061441,0,65
/data/final_project_dataset/le2i/Home_02/Home_02/Videos/video (34).avi,fall,le2i:Home_02:video (34),1,le2i,le2i:Home_02:video (34),8,24,24,16,10,10,2.40003840061441,0,65
/data/final_project_dataset/le2i/Home_02/Home_02/Videos/video (34).avi,fall,le2i:Home_02:video (34),1,le2i,le2i:Home_02:video (34),10,26,26,16,10,10,2.40003840061441,0,65
/data/final_project_dataset/le2i/Home_02/Home_02/Videos/video (34).avi,fall,le2i:Home_02:video (34),1,le2i,le2i:Home_02:video (34),12,28,28,16,10,10,2.40003840061441,0,65
/data/final_project_dataset/le2i/Home_02/Home_02/Videos/video (34).avi,fall,le2i:Home_02:video (34),1,le2i,le2i:Home_02:video (34),14,30,30,16,10,10,2.40003840061441,0,65
/data/final_project_dataset/le2i/Home_02/Home_02/Videos/video (34).avi,fall,le2i:Home_02:video (34),1,le2i,le2i:Home_02:video (34),16,32,32,16,10,10,2.40003840061441,0,65
/data/final_project_dataset/le2i/Home_02/Home_02/Videos/video (34).avi,fall,le2i:Home_02:video (34),1,le2i,le2i:Home_02:video (34),18,34,34,16,10,10,2.40003840061441,0,65
/data/final_project_dataset/le2i/Home_02/Home_02/Videos/video (34).avi,fall,le2i:Home_02:video (34),1,le2i,le2i:Home_02:video (34),20,36,36,16,10,10,2.40003840061441,0,65
/data/final_project_dataset/le2i/Home_02/Home_02/Videos/video (34).avi,fall,le2i:Home_02:video (34),1,le2i,le2i:Home_02:video (34),22,38,38,16,10,10,2.40003840061441,0,65
/data/final_project_dataset/le2i/Home_02/Home_02/Videos/video (34).avi,fall,le2i:Home_02:video (34),1,le2i,le2i:Home_02:video (34),24,40,40,16,10,10,2.40003840061441,0,65
/data/final_project_dataset/le2i/Home_02/Home_02/Videos/video (34).avi,fall,le2i:Home_02:video (34),1,le2i,le2i:Home_02:video (34),26,42,42,16,10,10,2.40003840061441,0,65
/data/final_project_dataset/le2i/Home_02/Home_02/Videos/video (34).avi,fall,le2i:Home_02:video (34),1,le2i,le2i:Home_02:video (34),28,44,44,16,10,10,2.40003840061441,0,65
/data/final_project_dataset/le2i/Home_02/Home_02/Videos/video (34).avi,fall,le2i:Home_02:video (34),1,le2i,le2i:Home_02:video (34),30,46,46,16,10,10,2.40003840061441,0,65
/data/final_project_dataset/le2i/Home_02/Home_02/Videos/video (34).avi,fall,le2i:Home_02:video (34),1,le2i,le2i:Home_02:video (34),32,48,48,16,10,10,2.40003840061441,0,65
/data/final_project_dataset/le2i/Home_02/Home_02/Videos/video (34).avi,fall,le2i:Home_02:video (34),1,le2i,le2i:Home_02:video (34),34,50,50,16,10,10,2.40003840061441,0,65
/data/final_project_dataset/le2i/Home_02/Home_02/Videos/video (34).avi,fall,le2i:Home_02:video (34),1,le2i,le2i:Home_02:video (34),36,52,52,16,10,10,2.40003840061441,0,65
/data/final_project_dataset/le2i/Home_02/Home_02/Videos/video (34).avi,fall,le2i:Home_02:video (34),1,le2i,le2i:Home_02:video (34),38,54,54,16,10,10,2.40003840061441,0,65
/data/final_project_dataset/le2i/Home_02/Home_02/Videos/video (34).avi,fall,le2i:Home_02:video (34),1,le2i,le2i:Home_02:video (34),40,56,56,16,10,10,2.40003840061441,1,65
/data/final_project_dataset/le2i/Home_02/Home_02/Videos/video (34).avi,fall,le2i:Home_02:video (34),1,le2i,le2i:Home_02:video (34),42,58,58,16,10,10,2.40003840061441,1,65
/data/final_project_dataset/le2i/Home_02/Home_02/Videos/video (34).avi,fall,le2i:Home_02:video (34),1,le2i,le2i:Home_02:video (34),44,60,60,16,10,10,2.40003840061441,1,65
/data/final_project_dataset/le2i/Home_02/Home_02/Videos/video (34).avi,fall,le2i:Home_02:video (34),1,le2i,le2i:Home_02:video (34),46,62,62,16,10,10,2.40003840061441,1,65
/data/final_project_dataset/le2i/Home_02/Home_02/Videos/video (34).avi,fall,le2i:Home_02:video (34),1,le2i,le2i:Home_02:video (34),48,64,64,16,10,10,2.40003840061441,1,65
/data/final_project_dataset/le2i/Home_02/Home_02/Videos/video (35).avi,fall,le2i:Home_02:video (35),1,le2i,le2i:Home_02:video (35),0,16,16,16,10,10,2.40003840061441,0,57
/data/final_project_dataset/le2i/Home_02/Home_02/Videos/video (35).avi,fall,le2i:Home_02:video (35),1,le2i,le2i:Home_02:video (35),2,18,18,16,10,10,2.40003840061441,0,57
/data/final_project_dataset/le2i/Home_02/Home_02/Videos/video (35).avi,fall,le2i:Home_02:video (35),1,le2i,le2i:Home_02:video (35),4,20,20,16,10,10,2.40003840061441,0,57
/data/final_project_dataset/le2i/Home_02/Home_02/Videos/video (35).avi,fall,le2i:Home_02:video (35),1,le2i,le2i:Home_02:video (35),6,22,22,16,10,10,2.40003840061441,0,57
/data/final_project_dataset/le2i/Home_02/Home_02/Videos/video (35).avi,fall,le2i:Home_02:video (35),1,le2i,le2i:Home_02:video (35),8,24,24,16,10,10,2.40003840061441,0,57
/data/final_project_dataset/le2i/Home_02/Home_02/Videos/video (35).avi,fall,le2i:Home_02:video (35),1,le2i,le2i:Home_02:video (35),10,26,26,16,10,10,2.40003840061441,0,57
/data/final_project_dataset/le2i/Home_02/Home_02/Videos/video (35).avi,fall,le2i:Home_02:video (35),1,le2i,le2i:Home_02:video (35),12,28,28,16,10,10,2.40003840061441,0,57
/data/final_project_dataset/le2i/Home_02/Home_02/Videos/video (35).avi,fall,le2i:Home_02:video (35),1,le2i,le2i:Home_02:video (35),14,30,30,16,10,10,2.40003840061441,0,57
/data/final_project_dataset/le2i/Home_02/Home_02/Videos/video (35).avi,fall,le2i:Home_02:video (35),1,le2i,le2i:Home_02:video (35),16,32,32,16,10,10,2.40003840061441,0,57
/data/final_project_dataset/le2i/Home_02/Home_02/Videos/video (35).avi,fall,le2i:Home_02:video (35),1,le2i,le2i:Home_02:video (35),18,34,34,16,10,10,2.40003840061441,0,57
/data/final_project_dataset/le2i/Home_02/Home_02/Videos/video (35).avi,fall,le2i:Home_02:video (35),1,le2i,le2i:Home_02:video (35),20,36,36,16,10,10,2.40003840061441,0,57
/data/final_project_dataset/le2i/Home_02/Home_02/Videos/video (35).avi,fall,le2i:Home_02:video (35),1,le2i,le2i:Home_02:video (35),22,38,38,16,10,10,2.40003840061441,0,57
/data/final_project_dataset/le2i/Home_02/Home_02/Videos/video (35).avi,fall,le2i:Home_02:video (35),1,le2i,le2i:Home_02:video (35),24,40,40,16,10,10,2.40003840061441,0,57
/data/final_project_dataset/le2i/Home_02/Home_02/Videos/video (35).avi,fall,le2i:Home_02:video (35),1,le2i,le2i:Home_02:video (35),26,42,42,16,10,10,2.40003840061441,0,57
/data/final_project_dataset/le2i/Home_02/Home_02/Videos/video (35).avi,fall,le2i:Home_02:video (35),1,le2i,le2i:Home_02:video (35),28,44,44,16,10,10,2.40003840061441,0,57
/data/final_project_dataset/le2i/Home_02/Home_02/Videos/video (35).avi,fall,le2i:Home_02:video (35),1,le2i,le2i:Home_02:video (35),30,46,46,16,10,10,2.40003840061441,0,57
/data/final_project_dataset/le2i/Home_02/Home_02/Videos/video (35).avi,fall,le2i:Home_02:video (35),1,le2i,le2i:Home_02:video (35),32,48,48,16,10,10,2.40003840061441,1,57
/data/final_project_dataset/le2i/Home_02/Home_02/Videos/video (35).avi,fall,le2i:Home_02:video (35),1,le2i,le2i:Home_02:video (35),34,50,50,16,10,10,2.40003840061441,1,57
/data/final_project_dataset/le2i/Home_02/Home_02/Videos/video (35).avi,fall,le2i:Home_02:video (35),1,le2i,le2i:Home_02:video (35),36,52,52,16,10,10,2.40003840061441,1,57
/data/final_project_dataset/le2i/Home_02/Home_02/Videos/video (35).avi,fall,le2i:Home_02:video (35),1,le2i,le2i:Home_02:video (35),38,54,54,16,10,10,2.40003840061441,1,57
/data/final_project_dataset/le2i/Home_02/Home_02/Videos/video (35).avi,fall,le2i:Home_02:video (35),1,le2i,le2i:Home_02:video (35),40,56,56,16,10,10,2.40003840061441,1,57
/data/final_project_dataset/le2i/Home_02/Home_02/Videos/video (36).avi,fall,le2i:Home_02:video (36),1,le2i,le2i:Home_02:video (36),0,16,16,16,10,10,2.40003840061441,0,52
/data/final_project_dataset/le2i/Home_02/Home_02/Videos/video (36).avi,fall,le2i:Home_02:video (36),1,le2i,le2i:Home_02:video (36),2,18,18,16,10,10,2.40003840061441,0,52
/data/final_project_dataset/le2i/Home_02/Home_02/Videos/video (36).avi,fall,le2i:Home_02:video (36),1,le2i,le2i:Home_02:video (36),4,20,20,16,10,10,2.40003840061441,0,52
/data/final_project_dataset/le2i/Home_02/Home_02/Videos/video (36).avi,fall,le2i:Home_02:video (36),1,le2i,le2i:Home_02:video (36),6,22,22,16,10,10,2.40003840061441,0,52
/data/final_project_dataset/le2i/Home_02/Home_02/Videos/video (36).avi,fall,le2i:Home_02:video (36),1,le2i,le2i:Home_02:video (36),8,24,24,16,10,10,2.40003840061441,0,52
/data/final_project_dataset/le2i/Home_02/Home_02/Videos/video (36).avi,fall,le2i:Home_02:video (36),1,le2i,le2i:Home_02:video (36),10,26,26,16,10,10,2.40003840061441,0,52
/data/final_project_dataset/le2i/Home_02/Home_02/Videos/video (36).avi,fall,le2i:Home_02:video (36),1,le2i,le2i:Home_02:video (36),12,28,28,16,10,10,2.40003840061441,0,52
/data/final_project_dataset/le2i/Home_02/Home_02/Videos/video (36).avi,fall,le2i:Home_02:video (36),1,le2i,le2i:Home_02:video (36),14,30,30,16,10,10,2.40003840061441,0,52
/data/final_project_dataset/le2i/Home_02/Home_02/Videos/video (36).avi,fall,le2i:Home_02:video (36),1,le2i,le2i:Home_02:video (36),16,32,32,16,10,10,2.40003840061441,0,52
/data/final_project_dataset/le2i/Home_02/Home_02/Videos/video (36).avi,fall,le2i:Home_02:video (36),1,le2i,le2i:Home_02:video (36),18,34,34,16,10,10,2.40003840061441,0,52
/data/final_project_dataset/le2i/Home_02/Home_02/Videos/video (36).avi,fall,le2i:Home_02:video (36),1,le2i,le2i:Home_02:video (36),20,36,36,16,10,10,2.40003840061441,0,52
/data/final_project_dataset/le2i/Home_02/Home_02/Videos/video (36).avi,fall,le2i:Home_02:video (36),1,le2i,le2i:Home_02:video (36),22,38,38,16,10,10,2.40003840061441,0,52
/data/final_project_dataset/le2i/Home_02/Home_02/Videos/video (36).avi,fall,le2i:Home_02:video (36),1,le2i,le2i:Home_02:video (36),24,40,40,16,10,10,2.40003840061441,0,52
/data/final_project_dataset/le2i/Home_02/Home_02/Videos/video (36).avi,fall,le2i:Home_02:video (36),1,le2i,le2i:Home_02:video (36),26,42,42,16,10,10,2.40003840061441,1,52
/data/final_project_dataset/le2i/Home_02/Home_02/Videos/video (36).avi,fall,le2i:Home_02:video (36),1,le2i,le2i:Home_02:video (36),28,44,44,16,10,10,2.40003840061441,1,52
/data/final_project_dataset/le2i/Home_02/Home_02/Videos/video (36).avi,fall,le2i:Home_02:video (36),1,le2i,le2i:Home_02:video (36),30,46,46,16,10,10,2.40003840061441,1,52
/data/final_project_dataset/le2i/Home_02/Home_02/Videos/video (36).avi,fall,le2i:Home_02:video (36),1,le2i,le2i:Home_02:video (36),32,48,48,16,10,10,2.40003840061441,1,52
/data/final_project_dataset/le2i/Home_02/Home_02/Videos/video (36).avi,fall,le2i:Home_02:video (36),1,le2i,le2i:Home_02:video (36),34,50,50,16,10,10,2.40003840061441,1,52
/data/final_project_dataset/le2i/Home_02/Home_02/Videos/video (37).avi,fall,le2i:Home_02:video (37),1,le2i,le2i:Home_02:video (37),0,16,16,16,10,10,2.40003840061441,0,54
/data/final_project_dataset/le2i/Home_02/Home_02/Videos/video (37).avi,fall,le2i:Home_02:video (37),1,le2i,le2i:Home_02:video (37),2,18,18,16,10,10,2.40003840061441,0,54
/data/final_project_dataset/le2i/Home_02/Home_02/Videos/video (37).avi,fall,le2i:Home_02:video (37),1,le2i,le2i:Home_02:video (37),4,20,20,16,10,10,2.40003840061441,0,54
/data/final_project_dataset/le2i/Home_02/Home_02/Videos/video (37).avi,fall,le2i:Home_02:video (37),1,le2i,le2i:Home_02:video (37),6,22,22,16,10,10,2.40003840061441,0,54
/data/final_project_dataset/le2i/Home_02/Home_02/Videos/video (37).avi,fall,le2i:Home_02:video (37),1,le2i,le2i:Home_02:video (37),8,24,24,16,10,10,2.40003840061441,0,54
/data/final_project_dataset/le2i/Home_02/Home_02/Videos/video (37).avi,fall,le2i:Home_02:video (37),1,le2i,le2i:Home_02:video (37),10,26,26,16,10,10,2.40003840061441,0,54
/data/final_project_dataset/le2i/Home_02/Home_02/Videos/video (37).avi,fall,le2i:Home_02:video (37),1,le2i,le2i:Home_02:video (37),12,28,28,16,10,10,2.40003840061441,0,54
/data/final_project_dataset/le2i/Home_02/Home_02/Videos/video (37).avi,fall,le2i:Home_02:video (37),1,le2i,le2i:Home_02:video (37),14,30,30,16,10,10,2.40003840061441,0,54
/data/final_project_dataset/le2i/Home_02/Home_02/Videos/video (37).avi,fall,le2i:Home_02:video (37),1,le2i,le2i:Home_02:video (37),16,32,32,16,10,10,2.40003840061441,0,54
/data/final_project_dataset/le2i/Home_02/Home_02/Videos/video (37).avi,fall,le2i:Home_02:video (37),1,le2i,le2i:Home_02:video (37),18,34,34,16,10,10,2.40003840061441,0,54
/data/final_project_dataset/le2i/Home_02/Home_02/Videos/video (37).avi,fall,le2i:Home_02:video (37),1,le2i,le2i:Home_02:video (37),20,36,36,16,10,10,2.40003840061441,0,54
/data/final_project_dataset/le2i/Home_02/Home_02/Videos/video (37).avi,fall,le2i:Home_02:video (37),1,le2i,le2i:Home_02:video (37),22,38,38,16,10,10,2.40003840061441,0,54
/data/final_project_dataset/le2i/Home_02/Home_02/Videos/video (37).avi,fall,le2i:Home_02:video (37),1,le2i,le2i:Home_02:video (37),24,40,40,16,10,10,2.40003840061441,0,54
/data/final_project_dataset/le2i/Home_02/Home_02/Videos/video (37).avi,fall,le2i:Home_02:video (37),1,le2i,le2i:Home_02:video (37),26,42,42,16,10,10,2.40003840061441,0,54
/data/final_project_dataset/le2i/Home_02/Home_02/Videos/video (37).avi,fall,le2i:Home_02:video (37),1,le2i,le2i:Home_02:video (37),28,44,44,16,10,10,2.40003840061441,1,54
/data/final_project_dataset/le2i/Home_02/Home_02/Videos/video (37).avi,fall,le2i:Home_02:video (37),1,le2i,le2i:Home_02:video (37),30,46,46,16,10,10,2.40003840061441,1,54
/data/final_project_dataset/le2i/Home_02/Home_02/Videos/video (37).avi,fall,le2i:Home_02:video (37),1,le2i,le2i:Home_02:video (37),32,48,48,16,10,10,2.40003840061441,1,54
/data/final_project_dataset/le2i/Home_02/Home_02/Videos/video (37).avi,fall,le2i:Home_02:video (37),1,le2i,le2i:Home_02:video (37),34,50,50,16,10,10,2.40003840061441,1,54
/data/final_project_dataset/le2i/Home_02/Home_02/Videos/video (37).avi,fall,le2i:Home_02:video (37),1,le2i,le2i:Home_02:video (37),36,52,52,16,10,10,2.40003840061441,1,54
